"codigo","chave","nome","categoria","familia","classes","nivel_item","atributos","requisitos","descricao","loja_oficial","marketplace","motivo_comercial"
"0","0-0","Kris","Espadas","Arma","Dark Wizard (classe inicial); Dark Knight (classe inicial); Fairy Elf (classe inicial); Magic Gladiator (classe inicial); Dark Lord (classe inicial); Summoner (classe inicial); Rage Fighter (classe inicial)","6","dano 6-11, velocidade de ataque 50, durabilidade 20","força 40, agilidade 40","Kris é um item da família arma, catalogado em Espadas. A configuração atual registra dano 6-11, velocidade de ataque 50, durabilidade 20. Requisitos: força 40, agilidade 40. Uso permitido: Dark Wizard (classe inicial), Dark Knight (classe inicial), Fairy Elf (classe inicial), Magic Gladiator (classe inicial), Dark Lord (classe inicial), Summoner (classe inicial), Rage Fighter (classe inicial). Ocupa 1x2 espaço(s) no inventário e pode participar das tabelas de drop.","Somente cosmético ou progressão controlada","Recomendado","Equipamento deve circular prioritariamente entre jogadores; venda direta exige limites de nível e opções."
"1","0-1","Short Sword","Espadas","Arma","Dark Wizard (classe inicial); Dark Knight (classe inicial); Fairy Elf (classe inicial); Magic Gladiator (classe inicial); Dark Lord (classe inicial); Summoner (classe inicial); Rage Fighter (classe inicial)","3","dano 3-7, velocidade de ataque 20, durabilidade 22","força 60","Short Sword é um item da família arma, catalogado em Espadas. A configuração atual registra dano 3-7, velocidade de ataque 20, durabilidade 22. Requisitos: força 60. Uso permitido: Dark Wizard (classe inicial), Dark Knight (classe inicial), Fairy Elf (classe inicial), Magic Gladiator (classe inicial), Dark Lord (classe inicial), Summoner (classe inicial), Rage Fighter (classe inicial). Ocupa 1x3 espaço(s) no inventário e pode participar das tabelas de drop.","Somente cosmético ou progressão controlada","Recomendado","Equipamento deve circular prioritariamente entre jogadores; venda direta exige limites de nível e opções."
"2","0-2","Rapier","Espadas","Arma","Dark Knight (classe inicial); Fairy Elf (classe inicial); Magic Gladiator (classe inicial); Dark Lord (classe inicial); Summoner (classe inicial)","9","dano 9-15, velocidade de ataque 40, durabilidade 23","força 50, agilidade 40","Rapier é um item da família arma, catalogado em Espadas. A configuração atual registra dano 9-15, velocidade de ataque 40, durabilidade 23. Requisitos: força 50, agilidade 40. Uso permitido: Dark Knight (classe inicial), Fairy Elf (classe inicial), Magic Gladiator (classe inicial), Dark Lord (classe inicial), Summoner (classe inicial). Ocupa 1x3 espaço(s) no inventário e pode participar das tabelas de drop.","Somente cosmético ou progressão controlada","Recomendado","Equipamento deve circular prioritariamente entre jogadores; venda direta exige limites de nível e opções."
"3","0-3","Katana","Espadas","Arma","Dark Knight (classe inicial); Magic Gladiator (classe inicial); Dark Lord (classe inicial)","16","dano 16-26, velocidade de ataque 35, durabilidade 27","força 80, agilidade 40","Katana é um item da família arma, catalogado em Espadas. A configuração atual registra dano 16-26, velocidade de ataque 35, durabilidade 27. Requisitos: força 80, agilidade 40. Uso permitido: Dark Knight (classe inicial), Magic Gladiator (classe inicial), Dark Lord (classe inicial). Ocupa 1x3 espaço(s) no inventário e pode participar das tabelas de drop.","Somente cosmético ou progressão controlada","Recomendado","Equipamento deve circular prioritariamente entre jogadores; venda direta exige limites de nível e opções."
"4","0-4","Sword of Assassin","Espadas","Arma","Dark Knight (classe inicial); Magic Gladiator (classe inicial); Dark Lord (classe inicial)","12","dano 12-18, velocidade de ataque 30, durabilidade 24","força 60, agilidade 40","Sword of Assassin é um item da família arma, catalogado em Espadas. A configuração atual registra dano 12-18, velocidade de ataque 30, durabilidade 24. Requisitos: força 60, agilidade 40. Uso permitido: Dark Knight (classe inicial), Magic Gladiator (classe inicial), Dark Lord (classe inicial). Ocupa 1x3 espaço(s) no inventário e pode participar das tabelas de drop.","Somente cosmético ou progressão controlada","Recomendado","Equipamento deve circular prioritariamente entre jogadores; venda direta exige limites de nível e opções."
"5","0-5","Blade","Espadas","Arma","Dark Wizard (classe inicial); Dark Knight (classe inicial); Fairy Elf (classe inicial); Magic Gladiator (classe inicial); Dark Lord (classe inicial)","36","dano 36-47, velocidade de ataque 30, durabilidade 39","força 80, agilidade 50","Blade é um item da família arma, catalogado em Espadas. A configuração atual registra dano 36-47, velocidade de ataque 30, durabilidade 39. Requisitos: força 80, agilidade 50. Uso permitido: Dark Wizard (classe inicial), Dark Knight (classe inicial), Fairy Elf (classe inicial), Magic Gladiator (classe inicial), Dark Lord (classe inicial). Ocupa 1x3 espaço(s) no inventário e pode participar das tabelas de drop.","Somente cosmético ou progressão controlada","Recomendado","Equipamento deve circular prioritariamente entre jogadores; venda direta exige limites de nível e opções."
"6","0-6","Gladius","Espadas","Arma","Dark Knight (classe inicial); Fairy Elf (classe inicial); Magic Gladiator (classe inicial); Dark Lord (classe inicial)","20","dano 20-30, velocidade de ataque 20, durabilidade 30","força 110","Gladius é um item da família arma, catalogado em Espadas. A configuração atual registra dano 20-30, velocidade de ataque 20, durabilidade 30. Requisitos: força 110. Uso permitido: Dark Knight (classe inicial), Fairy Elf (classe inicial), Magic Gladiator (classe inicial), Dark Lord (classe inicial). Ocupa 1x3 espaço(s) no inventário e pode participar das tabelas de drop.","Somente cosmético ou progressão controlada","Recomendado","Equipamento deve circular prioritariamente entre jogadores; venda direta exige limites de nível e opções."
"7","0-7","Falchion","Espadas","Arma","Dark Knight (classe inicial); Magic Gladiator (classe inicial); Dark Lord (classe inicial)","24","dano 24-34, velocidade de ataque 25, durabilidade 34","força 120","Falchion é um item da família arma, catalogado em Espadas. A configuração atual registra dano 24-34, velocidade de ataque 25, durabilidade 34. Requisitos: força 120. Uso permitido: Dark Knight (classe inicial), Magic Gladiator (classe inicial), Dark Lord (classe inicial). Ocupa 1x3 espaço(s) no inventário e pode participar das tabelas de drop.","Somente cosmético ou progressão controlada","Recomendado","Equipamento deve circular prioritariamente entre jogadores; venda direta exige limites de nível e opções."
"8","0-8","Serpent Sword","Espadas","Arma","Dark Knight (classe inicial); Magic Gladiator (classe inicial); Dark Lord (classe inicial)","30","dano 30-40, velocidade de ataque 20, durabilidade 36","força 130","Serpent Sword é um item da família arma, catalogado em Espadas. A configuração atual registra dano 30-40, velocidade de ataque 20, durabilidade 36. Requisitos: força 130. Uso permitido: Dark Knight (classe inicial), Magic Gladiator (classe inicial), Dark Lord (classe inicial). Ocupa 1x3 espaço(s) no inventário e pode participar das tabelas de drop.","Somente cosmético ou progressão controlada","Recomendado","Equipamento deve circular prioritariamente entre jogadores; venda direta exige limites de nível e opções."
"9","0-9","Sword of Salamander","Espadas","Arma","Dark Knight (classe inicial); Magic Gladiator (classe inicial)","32","dano 32-46, velocidade de ataque 30, durabilidade 40","força 103","Sword of Salamander é um item da família arma, catalogado em Espadas. A configuração atual registra dano 32-46, velocidade de ataque 30, durabilidade 40. Requisitos: força 103. Uso permitido: Dark Knight (classe inicial), Magic Gladiator (classe inicial). Ocupa 2x3 espaço(s) no inventário e pode participar das tabelas de drop.","Somente cosmético ou progressão controlada","Recomendado","Equipamento deve circular prioritariamente entre jogadores; venda direta exige limites de nível e opções."
"10","0-10","Light Saber","Espadas","Arma","Dark Knight (classe inicial); Fairy Elf (classe inicial); Magic Gladiator (classe inicial)","40","dano 47-61, velocidade de ataque 25, durabilidade 50","força 80, agilidade 60","Light Saber é um item da família arma, catalogado em Espadas. A configuração atual registra dano 47-61, velocidade de ataque 25, durabilidade 50. Requisitos: força 80, agilidade 60. Uso permitido: Dark Knight (classe inicial), Fairy Elf (classe inicial), Magic Gladiator (classe inicial). Ocupa 2x4 espaço(s) no inventário e pode participar das tabelas de drop.","Somente cosmético ou progressão controlada","Recomendado","Equipamento deve circular prioritariamente entre jogadores; venda direta exige limites de nível e opções."
"11","0-11","Legendary Sword","Espadas","Arma","Dark Knight (classe inicial); Magic Gladiator (classe inicial)","44","dano 56-72, velocidade de ataque 20, durabilidade 54","força 120","Legendary Sword é um item da família arma, catalogado em Espadas. A configuração atual registra dano 56-72, velocidade de ataque 20, durabilidade 54. Requisitos: força 120. Uso permitido: Dark Knight (classe inicial), Magic Gladiator (classe inicial). Ocupa 2x3 espaço(s) no inventário e pode participar das tabelas de drop.","Somente cosmético ou progressão controlada","Recomendado","Equipamento deve circular prioritariamente entre jogadores; venda direta exige limites de nível e opções."
"12","0-12","Heliacal Sword","Espadas","Arma","Dark Knight (classe inicial); Magic Gladiator (classe inicial)","56","dano 73-98, velocidade de ataque 25, durabilidade 66","força 140","Heliacal Sword é um item da família arma, catalogado em Espadas. A configuração atual registra dano 73-98, velocidade de ataque 25, durabilidade 66. Requisitos: força 140. Uso permitido: Dark Knight (classe inicial), Magic Gladiator (classe inicial). Ocupa 2x3 espaço(s) no inventário e pode participar das tabelas de drop.","Somente cosmético ou progressão controlada","Recomendado","Equipamento deve circular prioritariamente entre jogadores; venda direta exige limites de nível e opções."
"13","0-13","Double Blade","Espadas","Arma","Dark Knight (classe inicial); Fairy Elf (classe inicial); Magic Gladiator (classe inicial)","48","dano 48-56, velocidade de ataque 30, durabilidade 43","força 70, agilidade 70","Double Blade é um item da família arma, catalogado em Espadas. A configuração atual registra dano 48-56, velocidade de ataque 30, durabilidade 43. Requisitos: força 70, agilidade 70. Uso permitido: Dark Knight (classe inicial), Fairy Elf (classe inicial), Magic Gladiator (classe inicial). Ocupa 1x3 espaço(s) no inventário e pode participar das tabelas de drop.","Somente cosmético ou progressão controlada","Recomendado","Equipamento deve circular prioritariamente entre jogadores; venda direta exige limites de nível e opções."
"14","0-14","Lighting Sword","Espadas","Arma","Dark Knight (classe inicial); Fairy Elf (classe inicial); Magic Gladiator (classe inicial)","59","dano 59-67, velocidade de ataque 30, durabilidade 50","força 90, agilidade 50","Lighting Sword é um item da família arma, catalogado em Espadas. A configuração atual registra dano 59-67, velocidade de ataque 30, durabilidade 50. Requisitos: força 90, agilidade 50. Uso permitido: Dark Knight (classe inicial), Fairy Elf (classe inicial), Magic Gladiator (classe inicial). Ocupa 1x3 espaço(s) no inventário e pode participar das tabelas de drop.","Somente cosmético ou progressão controlada","Recomendado","Equipamento deve circular prioritariamente entre jogadores; venda direta exige limites de nível e opções."
"15","0-15","Giant Sword","Espadas","Arma","Dark Knight (classe inicial); Magic Gladiator (classe inicial)","52","dano 60-85, velocidade de ataque 20, durabilidade 60","força 140","Giant Sword é um item da família arma, catalogado em Espadas. A configuração atual registra dano 60-85, velocidade de ataque 20, durabilidade 60. Requisitos: força 140. Uso permitido: Dark Knight (classe inicial), Magic Gladiator (classe inicial). Ocupa 2x3 espaço(s) no inventário e pode participar das tabelas de drop.","Somente cosmético ou progressão controlada","Recomendado","Equipamento deve circular prioritariamente entre jogadores; venda direta exige limites de nível e opções."
"16","0-16","Sword of Destruction","Espadas","Arma","Dark Knight (classe inicial); Magic Gladiator (classe inicial)","82","dano 82-90, velocidade de ataque 35, durabilidade 84","força 160, agilidade 60","Sword of Destruction é um item da família arma, catalogado em Espadas. A configuração atual registra dano 82-90, velocidade de ataque 35, durabilidade 84. Requisitos: força 160, agilidade 60. Uso permitido: Dark Knight (classe inicial), Magic Gladiator (classe inicial). Ocupa 1x4 espaço(s) no inventário e pode participar das tabelas de drop.","Somente cosmético ou progressão controlada","Recomendado","Equipamento deve circular prioritariamente entre jogadores; venda direta exige limites de nível e opções."
"17","0-17","Dark Breaker","Espadas","Arma","Dark Knight (segunda classe)","104","dano 128-153, velocidade de ataque 40, durabilidade 89","força 180, agilidade 50","Dark Breaker é um item da família arma, catalogado em Espadas. A configuração atual registra dano 128-153, velocidade de ataque 40, durabilidade 89. Requisitos: força 180, agilidade 50. Uso permitido: Dark Knight (segunda classe). Ocupa 2x4 espaço(s) no inventário e pode participar das tabelas de drop.","Somente cosmético ou progressão controlada","Recomendado","Equipamento deve circular prioritariamente entre jogadores; venda direta exige limites de nível e opções."
"18","0-18","Thunder Blade","Espadas","Arma","Magic Gladiator (classe inicial)","105","dano 140-168, velocidade de ataque 40, durabilidade 86","força 180, agilidade 50","Thunder Blade é um item da família arma, catalogado em Espadas. A configuração atual registra dano 140-168, velocidade de ataque 40, durabilidade 86. Requisitos: força 180, agilidade 50. Uso permitido: Magic Gladiator (classe inicial). Ocupa 2x3 espaço(s) no inventário e pode participar das tabelas de drop.","Somente cosmético ou progressão controlada","Recomendado","Equipamento deve circular prioritariamente entre jogadores; venda direta exige limites de nível e opções."
"19","0-19","Divine Sword of Archangel","Espadas","Arma","Dark Knight (classe inicial); Magic Gladiator (classe inicial); Dark Lord (classe inicial)","86","dano 220-230, velocidade de ataque 45, durabilidade 168","força 140, agilidade 50","Divine Sword of Archangel é um item da família arma, catalogado em Espadas. A configuração atual registra dano 220-230, velocidade de ataque 45, durabilidade 168. Requisitos: força 140, agilidade 50. Uso permitido: Dark Knight (classe inicial), Magic Gladiator (classe inicial), Dark Lord (classe inicial). Ocupa 1x4 espaço(s) no inventário e pode participar das tabelas de drop.","Somente cosmético ou progressão controlada","Recomendado","Equipamento deve circular prioritariamente entre jogadores; venda direta exige limites de nível e opções."
"20","0-20","Knight Blade","Espadas","Arma","Dark Knight (segunda classe)","140","dano 107-115, velocidade de ataque 35, durabilidade 90","força 116, agilidade 38","Knight Blade é um item da família arma, catalogado em Espadas. A configuração atual registra dano 107-115, velocidade de ataque 35, durabilidade 90. Requisitos: força 116, agilidade 38. Uso permitido: Dark Knight (segunda classe). Ocupa 1x4 espaço(s) no inventário e pode participar das tabelas de drop.","Somente cosmético ou progressão controlada","Recomendado","Equipamento deve circular prioritariamente entre jogadores; venda direta exige limites de nível e opções."
"21","0-21","Dark Reign Blade","Espadas","Arma","Magic Gladiator (classe inicial)","140","dano 115-142, poder mágico 115, velocidade de ataque 40, durabilidade 100","força 116, agilidade 53, energia 9","Dark Reign Blade é um item da família arma, catalogado em Espadas. A configuração atual registra dano 115-142, poder mágico 115, velocidade de ataque 40, durabilidade 100. Requisitos: força 116, agilidade 53, energia 9. Uso permitido: Magic Gladiator (classe inicial). Ocupa 2x4 espaço(s) no inventário e pode participar das tabelas de drop.","Somente cosmético ou progressão controlada","Recomendado","Equipamento deve circular prioritariamente entre jogadores; venda direta exige limites de nível e opções."
"22","0-22","Bone Blade","Espadas","Arma","Dark Knight (segunda classe)","147","dano 122-135, velocidade de ataque 40, durabilidade 95","nível 380, força 100, agilidade 35","Bone Blade é um item da família arma, catalogado em Espadas. A configuração atual registra dano 122-135, velocidade de ataque 40, durabilidade 95. Requisitos: nível 380, força 100, agilidade 35. Uso permitido: Dark Knight (segunda classe). Ocupa 1x4 espaço(s) no inventário e pode participar das tabelas de drop.","Somente cosmético ou progressão controlada","Recomendado","Equipamento deve circular prioritariamente entre jogadores; venda direta exige limites de nível e opções."
"23","0-23","Explosion Blade","Espadas","Arma","Magic Gladiator (classe inicial)","147","dano 127-155, poder mágico 134, velocidade de ataque 45, durabilidade 110","nível 380, força 98, agilidade 48, energia 7","Explosion Blade é um item da família arma, catalogado em Espadas. A configuração atual registra dano 127-155, poder mágico 134, velocidade de ataque 45, durabilidade 110. Requisitos: nível 380, força 98, agilidade 48, energia 7. Uso permitido: Magic Gladiator (classe inicial). Ocupa 2x4 espaço(s) no inventário e pode participar das tabelas de drop.","Somente cosmético ou progressão controlada","Recomendado","Equipamento deve circular prioritariamente entre jogadores; venda direta exige limites de nível e opções."
"24","0-24","Daybreak","Espadas","Arma","Dark Knight (segunda classe)","115","dano 182-218, velocidade de ataque 40, durabilidade 90","força 192, agilidade 30","Daybreak é um item da família arma, catalogado em Espadas. A configuração atual registra dano 182-218, velocidade de ataque 40, durabilidade 90. Requisitos: força 192, agilidade 30. Uso permitido: Dark Knight (segunda classe). Ocupa 2x4 espaço(s) no inventário e pode participar das tabelas de drop.","Somente cosmético ou progressão controlada","Recomendado","Equipamento deve circular prioritariamente entre jogadores; venda direta exige limites de nível e opções."
"25","0-25","Sword Dancer","Espadas","Arma","Magic Gladiator (classe inicial)","115","dano 109-136, poder mágico 108, velocidade de ataque 40, durabilidade 90","força 136, agilidade 57, energia 9","Sword Dancer é um item da família arma, catalogado em Espadas. A configuração atual registra dano 109-136, poder mágico 108, velocidade de ataque 40, durabilidade 90. Requisitos: força 136, agilidade 57, energia 9. Uso permitido: Magic Gladiator (classe inicial). Ocupa 2x4 espaço(s) no inventário e pode participar das tabelas de drop.","Somente cosmético ou progressão controlada","Recomendado","Equipamento deve circular prioritariamente entre jogadores; venda direta exige limites de nível e opções."
"26","0-26","Flameberge","Espadas","Arma","Dark Knight (segunda classe)","137","dano 115-126, velocidade de ataque 40, durabilidade 90","nível 380, força 193, agilidade 53","Flameberge é um item da família arma, catalogado em Espadas. A configuração atual registra dano 115-126, velocidade de ataque 40, durabilidade 90. Requisitos: nível 380, força 193, agilidade 53. Uso permitido: Dark Knight (segunda classe). Ocupa 1x4 espaço(s) no inventário e pode participar das tabelas de drop.","Somente cosmético ou progressão controlada","Recomendado","Equipamento deve circular prioritariamente entre jogadores; venda direta exige limites de nível e opções."
"27","0-27","Sword Breaker","Espadas","Arma","Dark Knight (segunda classe)","133","dano 91-99, velocidade de ataque 35, durabilidade 90","nível 380, força 53, agilidade 176","Sword Breaker é um item da família arma, catalogado em Espadas. A configuração atual registra dano 91-99, velocidade de ataque 35, durabilidade 90. Requisitos: nível 380, força 53, agilidade 176. Uso permitido: Dark Knight (segunda classe). Ocupa 1x4 espaço(s) no inventário e pode participar das tabelas de drop.","Somente cosmético ou progressão controlada","Recomendado","Equipamento deve circular prioritariamente entre jogadores; venda direta exige limites de nível e opções."
"28","0-28","Rune Bastard Sword","Espadas","Arma","Magic Gladiator (classe inicial)","139","dano 98-122, poder mágico 109, velocidade de ataque 45, durabilidade 90","nível 380, força 91, agilidade 73, energia 17","Rune Bastard Sword é um item da família arma, catalogado em Espadas. A configuração atual registra dano 98-122, poder mágico 109, velocidade de ataque 45, durabilidade 90. Requisitos: nível 380, força 91, agilidade 73, energia 17. Uso permitido: Magic Gladiator (classe inicial). Ocupa 1x4 espaço(s) no inventário e pode participar das tabelas de drop.","Somente cosmético ou progressão controlada","Recomendado","Equipamento deve circular prioritariamente entre jogadores; venda direta exige limites de nível e opções."
"31","0-31","Rune Blade","Espadas","Arma","Magic Gladiator (classe inicial)","100","dano 104-130, poder mágico 104, velocidade de ataque 35, durabilidade 93","força 135, agilidade 62, energia 9","Rune Blade é um item da família arma, catalogado em Espadas. A configuração atual registra dano 104-130, poder mágico 104, velocidade de ataque 35, durabilidade 93. Requisitos: força 135, agilidade 62, energia 9. Uso permitido: Magic Gladiator (classe inicial). Ocupa 2x4 espaço(s) no inventário e pode participar das tabelas de drop.","Somente cosmético ou progressão controlada","Recomendado","Equipamento deve circular prioritariamente entre jogadores; venda direta exige limites de nível e opções."
"32","0-32","Sacred Glove","Espadas","Arma","Rage Fighter (classe inicial)","52","dano 52-58, velocidade de ataque 25, durabilidade 65","força 85, agilidade 35","Sacred Glove é um item da família arma, catalogado em Espadas. A configuração atual registra dano 52-58, velocidade de ataque 25, durabilidade 65. Requisitos: força 85, agilidade 35. Uso permitido: Rage Fighter (classe inicial). Ocupa 1x2 espaço(s) no inventário e pode participar das tabelas de drop.","Somente cosmético ou progressão controlada","Recomendado","Equipamento deve circular prioritariamente entre jogadores; venda direta exige limites de nível e opções."
"33","0-33","Holy Storm Claw","Espadas","Arma","Rage Fighter (classe inicial)","82","dano 82-88, velocidade de ataque 30, durabilidade 77","força 100, agilidade 50","Holy Storm Claw é um item da família arma, catalogado em Espadas. A configuração atual registra dano 82-88, velocidade de ataque 30, durabilidade 77. Requisitos: força 100, agilidade 50. Uso permitido: Rage Fighter (classe inicial). Ocupa 1x2 espaço(s) no inventário e pode participar das tabelas de drop.","Somente cosmético ou progressão controlada","Recomendado","Equipamento deve circular prioritariamente entre jogadores; venda direta exige limites de nível e opções."
"34","0-34","Piercing Blade Glove","Espadas","Arma","Rage Fighter (classe inicial)","105","dano 95-101, velocidade de ataque 35, durabilidade 86","força 120, agilidade 60","Piercing Blade Glove é um item da família arma, catalogado em Espadas. A configuração atual registra dano 95-101, velocidade de ataque 35, durabilidade 86. Requisitos: força 120, agilidade 60. Uso permitido: Rage Fighter (classe inicial). Ocupa 1x2 espaço(s) no inventário e pode participar das tabelas de drop.","Somente cosmético ou progressão controlada","Recomendado","Equipamento deve circular prioritariamente entre jogadores; venda direta exige limites de nível e opções."
"35","0-35","Phoenix Soul Star","Espadas","Arma","Rage Fighter (classe inicial)","147","dano 122-128, velocidade de ataque 40, durabilidade 98","nível 380, força 101, agilidade 51","Phoenix Soul Star é um item da família arma, catalogado em Espadas. A configuração atual registra dano 122-128, velocidade de ataque 40, durabilidade 98. Requisitos: nível 380, força 101, agilidade 51. Uso permitido: Rage Fighter (classe inicial). Ocupa 1x2 espaço(s) no inventário e pode participar das tabelas de drop.","Somente cosmético ou progressão controlada","Recomendado","Equipamento deve circular prioritariamente entre jogadores; venda direta exige limites de nível e opções."
"100","0-100","BloodMoon Sword","Espadas","Arma","Dark Knight (segunda classe)","147","dano 122-135, velocidade de ataque 40, durabilidade 95","nível 380, força 100, agilidade 35","BloodMoon Sword é um item da família arma, catalogado em Espadas. A configuração atual registra dano 122-135, velocidade de ataque 40, durabilidade 95. Requisitos: nível 380, força 100, agilidade 35. Uso permitido: Dark Knight (segunda classe). Ocupa 1x4 espaço(s) no inventário e pode participar das tabelas de drop.","Somente cosmético ou progressão controlada","Recomendado","Equipamento deve circular prioritariamente entre jogadores; venda direta exige limites de nível e opções."
"101","0-101","BloodMoon Punho","Espadas","Arma","Rage Fighter (classe inicial)","105","dano 95-101, velocidade de ataque 35, durabilidade 86","força 120, agilidade 60","BloodMoon Punho é um item da família arma, catalogado em Espadas. A configuração atual registra dano 95-101, velocidade de ataque 35, durabilidade 86. Requisitos: força 120, agilidade 60. Uso permitido: Rage Fighter (classe inicial). Ocupa 1x2 espaço(s) no inventário e pode participar das tabelas de drop.","Somente cosmético ou progressão controlada","Recomendado","Equipamento deve circular prioritariamente entre jogadores; venda direta exige limites de nível e opções."
"512","1-0","Small Axe","Machados","Arma","Dark Wizard (classe inicial); Dark Knight (classe inicial); Fairy Elf (classe inicial); Magic Gladiator (classe inicial); Dark Lord (classe inicial); Summoner (classe inicial); Rage Fighter (classe inicial)","1","dano 1-6, velocidade de ataque 20, durabilidade 18","força 50","Small Axe é um item da família arma, catalogado em Machados. A configuração atual registra dano 1-6, velocidade de ataque 20, durabilidade 18. Requisitos: força 50. Uso permitido: Dark Wizard (classe inicial), Dark Knight (classe inicial), Fairy Elf (classe inicial), Magic Gladiator (classe inicial), Dark Lord (classe inicial), Summoner (classe inicial), Rage Fighter (classe inicial). Ocupa 1x3 espaço(s) no inventário e pode participar das tabelas de drop.","Somente cosmético ou progressão controlada","Recomendado","Equipamento deve circular prioritariamente entre jogadores; venda direta exige limites de nível e opções."
"513","1-1","Hand Axe","Machados","Arma","Dark Wizard (classe inicial); Dark Knight (classe inicial); Fairy Elf (classe inicial); Magic Gladiator (classe inicial); Dark Lord (classe inicial); Summoner (classe inicial); Rage Fighter (classe inicial)","4","dano 4-9, velocidade de ataque 30, durabilidade 20","força 70","Hand Axe é um item da família arma, catalogado em Machados. A configuração atual registra dano 4-9, velocidade de ataque 30, durabilidade 20. Requisitos: força 70. Uso permitido: Dark Wizard (classe inicial), Dark Knight (classe inicial), Fairy Elf (classe inicial), Magic Gladiator (classe inicial), Dark Lord (classe inicial), Summoner (classe inicial), Rage Fighter (classe inicial). Ocupa 1x3 espaço(s) no inventário e pode participar das tabelas de drop.","Somente cosmético ou progressão controlada","Recomendado","Equipamento deve circular prioritariamente entre jogadores; venda direta exige limites de nível e opções."
"514","1-2","Double Axe","Machados","Arma","Dark Knight (classe inicial); Magic Gladiator (classe inicial); Dark Lord (classe inicial)","14","dano 14-24, velocidade de ataque 20, durabilidade 26","força 90","Double Axe é um item da família arma, catalogado em Machados. A configuração atual registra dano 14-24, velocidade de ataque 20, durabilidade 26. Requisitos: força 90. Uso permitido: Dark Knight (classe inicial), Magic Gladiator (classe inicial), Dark Lord (classe inicial). Ocupa 1x3 espaço(s) no inventário e pode participar das tabelas de drop.","Somente cosmético ou progressão controlada","Recomendado","Equipamento deve circular prioritariamente entre jogadores; venda direta exige limites de nível e opções."
"515","1-3","Tomahawk","Machados","Arma","Dark Knight (classe inicial); Magic Gladiator (classe inicial); Dark Lord (classe inicial); Rage Fighter (classe inicial)","18","dano 18-28, velocidade de ataque 30, durabilidade 28","força 100","Tomahawk é um item da família arma, catalogado em Machados. A configuração atual registra dano 18-28, velocidade de ataque 30, durabilidade 28. Requisitos: força 100. Uso permitido: Dark Knight (classe inicial), Magic Gladiator (classe inicial), Dark Lord (classe inicial), Rage Fighter (classe inicial). Ocupa 1x3 espaço(s) no inventário e pode participar das tabelas de drop.","Somente cosmético ou progressão controlada","Recomendado","Equipamento deve circular prioritariamente entre jogadores; venda direta exige limites de nível e opções."
"516","1-4","Elven Axe","Machados","Arma","Dark Wizard (classe inicial); Fairy Elf (classe inicial); Magic Gladiator (classe inicial); Summoner (classe inicial)","26","dano 26-38, velocidade de ataque 40, durabilidade 32","força 50, agilidade 70","Elven Axe é um item da família arma, catalogado em Machados. A configuração atual registra dano 26-38, velocidade de ataque 40, durabilidade 32. Requisitos: força 50, agilidade 70. Uso permitido: Dark Wizard (classe inicial), Fairy Elf (classe inicial), Magic Gladiator (classe inicial), Summoner (classe inicial). Ocupa 1x3 espaço(s) no inventário e pode participar das tabelas de drop.","Somente cosmético ou progressão controlada","Recomendado","Equipamento deve circular prioritariamente entre jogadores; venda direta exige limites de nível e opções."
"517","1-5","Battle Axe","Machados","Arma","Dark Knight (classe inicial); Fairy Elf (classe inicial); Magic Gladiator (classe inicial)","30","dano 36-44, velocidade de ataque 20, durabilidade 36","força 120","Battle Axe é um item da família arma, catalogado em Machados. A configuração atual registra dano 36-44, velocidade de ataque 20, durabilidade 36. Requisitos: força 120. Uso permitido: Dark Knight (classe inicial), Fairy Elf (classe inicial), Magic Gladiator (classe inicial). Ocupa 2x3 espaço(s) no inventário e pode participar das tabelas de drop.","Somente cosmético ou progressão controlada","Recomendado","Equipamento deve circular prioritariamente entre jogadores; venda direta exige limites de nível e opções."
"518","1-6","Nikea Axe","Machados","Arma","Dark Knight (classe inicial); Fairy Elf (classe inicial); Magic Gladiator (classe inicial)","34","dano 38-50, velocidade de ataque 30, durabilidade 44","força 130","Nikea Axe é um item da família arma, catalogado em Machados. A configuração atual registra dano 38-50, velocidade de ataque 30, durabilidade 44. Requisitos: força 130. Uso permitido: Dark Knight (classe inicial), Fairy Elf (classe inicial), Magic Gladiator (classe inicial). Ocupa 2x3 espaço(s) no inventário e pode participar das tabelas de drop.","Somente cosmético ou progressão controlada","Recomendado","Equipamento deve circular prioritariamente entre jogadores; venda direta exige limites de nível e opções."
"519","1-7","Larkan Axe","Machados","Arma","Dark Knight (classe inicial); Magic Gladiator (classe inicial)","46","dano 54-67, velocidade de ataque 25, durabilidade 55","força 140","Larkan Axe é um item da família arma, catalogado em Machados. A configuração atual registra dano 54-67, velocidade de ataque 25, durabilidade 55. Requisitos: força 140. Uso permitido: Dark Knight (classe inicial), Magic Gladiator (classe inicial). Ocupa 2x3 espaço(s) no inventário e pode participar das tabelas de drop.","Somente cosmético ou progressão controlada","Recomendado","Equipamento deve circular prioritariamente entre jogadores; venda direta exige limites de nível e opções."
"520","1-8","Crescent Axe","Machados","Arma","Dark Wizard (classe inicial); Dark Knight (classe inicial); Magic Gladiator (classe inicial)","54","dano 69-89, velocidade de ataque 30, durabilidade 65","força 100, agilidade 40","Crescent Axe é um item da família arma, catalogado em Machados. A configuração atual registra dano 69-89, velocidade de ataque 30, durabilidade 65. Requisitos: força 100, agilidade 40. Uso permitido: Dark Wizard (classe inicial), Dark Knight (classe inicial), Magic Gladiator (classe inicial). Ocupa 2x3 espaço(s) no inventário e pode participar das tabelas de drop.","Somente cosmético ou progressão controlada","Recomendado","Equipamento deve circular prioritariamente entre jogadores; venda direta exige limites de nível e opções."
"612","1-100","BloodMoon Axe","Machados","Arma","Dark Wizard (classe inicial); Dark Knight (classe inicial); Magic Gladiator (classe inicial)","54","dano 69-89, velocidade de ataque 30, durabilidade 65","força 100, agilidade 40","BloodMoon Axe é um item da família arma, catalogado em Machados. A configuração atual registra dano 69-89, velocidade de ataque 30, durabilidade 65. Requisitos: força 100, agilidade 40. Uso permitido: Dark Wizard (classe inicial), Dark Knight (classe inicial), Magic Gladiator (classe inicial). Ocupa 2x3 espaço(s) no inventário e pode participar das tabelas de drop.","Somente cosmético ou progressão controlada","Recomendado","Equipamento deve circular prioritariamente entre jogadores; venda direta exige limites de nível e opções."
"1024","2-0","Mace","Maças e cetros","Arma","Dark Knight (classe inicial); Magic Gladiator (classe inicial); Dark Lord (classe inicial); Rage Fighter (classe inicial)","7","dano 7-13, velocidade de ataque 15, durabilidade 21","força 100","Mace é um item da família arma, catalogado em Maças e cetros. A configuração atual registra dano 7-13, velocidade de ataque 15, durabilidade 21. Requisitos: força 100. Uso permitido: Dark Knight (classe inicial), Magic Gladiator (classe inicial), Dark Lord (classe inicial), Rage Fighter (classe inicial). Ocupa 1x3 espaço(s) no inventário e pode participar das tabelas de drop.","Somente cosmético ou progressão controlada","Recomendado","Equipamento deve circular prioritariamente entre jogadores; venda direta exige limites de nível e opções."
"1025","2-1","Morning Star","Maças e cetros","Arma","Dark Knight (classe inicial); Magic Gladiator (classe inicial); Dark Lord (classe inicial); Rage Fighter (classe inicial)","13","dano 13-22, velocidade de ataque 15, durabilidade 25","força 100","Morning Star é um item da família arma, catalogado em Maças e cetros. A configuração atual registra dano 13-22, velocidade de ataque 15, durabilidade 25. Requisitos: força 100. Uso permitido: Dark Knight (classe inicial), Magic Gladiator (classe inicial), Dark Lord (classe inicial), Rage Fighter (classe inicial). Ocupa 1x3 espaço(s) no inventário e pode participar das tabelas de drop.","Somente cosmético ou progressão controlada","Recomendado","Equipamento deve circular prioritariamente entre jogadores; venda direta exige limites de nível e opções."
"1026","2-2","Flail","Maças e cetros","Arma","Dark Knight (classe inicial); Magic Gladiator (classe inicial); Dark Lord (classe inicial); Rage Fighter (classe inicial)","22","dano 22-32, velocidade de ataque 15, durabilidade 32","força 80, agilidade 50","Flail é um item da família arma, catalogado em Maças e cetros. A configuração atual registra dano 22-32, velocidade de ataque 15, durabilidade 32. Requisitos: força 80, agilidade 50. Uso permitido: Dark Knight (classe inicial), Magic Gladiator (classe inicial), Dark Lord (classe inicial), Rage Fighter (classe inicial). Ocupa 1x3 espaço(s) no inventário e pode participar das tabelas de drop.","Somente cosmético ou progressão controlada","Recomendado","Equipamento deve circular prioritariamente entre jogadores; venda direta exige limites de nível e opções."
"1027","2-3","Great Hammer","Maças e cetros","Arma","Dark Knight (classe inicial); Magic Gladiator (classe inicial); Rage Fighter (classe inicial)","38","dano 45-56, velocidade de ataque 15, durabilidade 50","força 150","Great Hammer é um item da família arma, catalogado em Maças e cetros. A configuração atual registra dano 45-56, velocidade de ataque 15, durabilidade 50. Requisitos: força 150. Uso permitido: Dark Knight (classe inicial), Magic Gladiator (classe inicial), Rage Fighter (classe inicial). Ocupa 2x3 espaço(s) no inventário e pode participar das tabelas de drop.","Somente cosmético ou progressão controlada","Recomendado","Equipamento deve circular prioritariamente entre jogadores; venda direta exige limites de nível e opções."
"1028","2-4","Crystal Morning Star","Maças e cetros","Arma","Dark Wizard (classe inicial); Dark Knight (classe inicial); Fairy Elf (classe inicial); Magic Gladiator (classe inicial); Rage Fighter (classe inicial)","66","dano 78-107, velocidade de ataque 30, durabilidade 72","força 130","Crystal Morning Star é um item da família arma, catalogado em Maças e cetros. A configuração atual registra dano 78-107, velocidade de ataque 30, durabilidade 72. Requisitos: força 130. Uso permitido: Dark Wizard (classe inicial), Dark Knight (classe inicial), Fairy Elf (classe inicial), Magic Gladiator (classe inicial), Rage Fighter (classe inicial). Ocupa 2x3 espaço(s) no inventário e pode participar das tabelas de drop.","Somente cosmético ou progressão controlada","Recomendado","Equipamento deve circular prioritariamente entre jogadores; venda direta exige limites de nível e opções."
"1029","2-5","Crystal Sword","Maças e cetros","Arma","Dark Wizard (classe inicial); Dark Knight (classe inicial); Fairy Elf (classe inicial); Magic Gladiator (classe inicial)","72","dano 89-120, velocidade de ataque 40, durabilidade 76","força 130, agilidade 70","Crystal Sword é um item da família arma, catalogado em Maças e cetros. A configuração atual registra dano 89-120, velocidade de ataque 40, durabilidade 76. Requisitos: força 130, agilidade 70. Uso permitido: Dark Wizard (classe inicial), Dark Knight (classe inicial), Fairy Elf (classe inicial), Magic Gladiator (classe inicial). Ocupa 2x4 espaço(s) no inventário e pode participar das tabelas de drop.","Somente cosmético ou progressão controlada","Recomendado","Equipamento deve circular prioritariamente entre jogadores; venda direta exige limites de nível e opções."
"1030","2-6","Chaos Dragon Axe","Maças e cetros","Arma","Dark Knight (classe inicial); Magic Gladiator (classe inicial)","75","dano 102-130, velocidade de ataque 35, durabilidade 80","força 140, agilidade 50","Chaos Dragon Axe é um item da família arma, catalogado em Maças e cetros. A configuração atual registra dano 102-130, velocidade de ataque 35, durabilidade 80. Requisitos: força 140, agilidade 50. Uso permitido: Dark Knight (classe inicial), Magic Gladiator (classe inicial). Ocupa 2x4 espaço(s) no inventário e pode participar das tabelas de drop.","Somente cosmético ou progressão controlada","Recomendado","Equipamento deve circular prioritariamente entre jogadores; venda direta exige limites de nível e opções."
"1031","2-7","Elemental Mace","Maças e cetros","Arma","Fairy Elf (segunda classe)","90","dano 62-80, velocidade de ataque 50, durabilidade 50","força 15, agilidade 42","Elemental Mace é um item da família arma, catalogado em Maças e cetros. A configuração atual registra dano 62-80, velocidade de ataque 50, durabilidade 50. Requisitos: força 15, agilidade 42. Uso permitido: Fairy Elf (segunda classe). Ocupa 1x3 espaço(s) no inventário e pode participar das tabelas de drop.","Somente cosmético ou progressão controlada","Recomendado","Equipamento deve circular prioritariamente entre jogadores; venda direta exige limites de nível e opções."
"1032","2-8","Battle Scepter","Maças e cetros","Arma","Dark Lord (classe inicial)","54","dano 41-52, poder mágico 3, velocidade de ataque 45, durabilidade 40","força 80, agilidade 17","Battle Scepter é um item da família arma, catalogado em Maças e cetros. A configuração atual registra dano 41-52, poder mágico 3, velocidade de ataque 45, durabilidade 40. Requisitos: força 80, agilidade 17. Uso permitido: Dark Lord (classe inicial). Ocupa 1x3 espaço(s) no inventário e pode participar das tabelas de drop.","Somente cosmético ou progressão controlada","Recomendado","Equipamento deve circular prioritariamente entre jogadores; venda direta exige limites de nível e opções."
"1033","2-9","Master Scepter","Maças e cetros","Arma","Dark Lord (classe inicial)","72","dano 57-68, poder mágico 20, velocidade de ataque 45, durabilidade 45","força 87, agilidade 18","Master Scepter é um item da família arma, catalogado em Maças e cetros. A configuração atual registra dano 57-68, poder mágico 20, velocidade de ataque 45, durabilidade 45. Requisitos: força 87, agilidade 18. Uso permitido: Dark Lord (classe inicial). Ocupa 1x3 espaço(s) no inventário e pode participar das tabelas de drop.","Somente cosmético ou progressão controlada","Recomendado","Equipamento deve circular prioritariamente entre jogadores; venda direta exige limites de nível e opções."
"1034","2-10","Great Scepter","Maças e cetros","Arma","Dark Lord (classe inicial)","82","dano 74-85, poder mágico 35, velocidade de ataque 45, durabilidade 65","força 100, agilidade 21","Great Scepter é um item da família arma, catalogado em Maças e cetros. A configuração atual registra dano 74-85, poder mágico 35, velocidade de ataque 45, durabilidade 65. Requisitos: força 100, agilidade 21. Uso permitido: Dark Lord (classe inicial). Ocupa 1x4 espaço(s) no inventário e pode participar das tabelas de drop.","Somente cosmético ou progressão controlada","Recomendado","Equipamento deve circular prioritariamente entre jogadores; venda direta exige limites de nível e opções."
"1035","2-11","Lord Scepter","Maças e cetros","Arma","Dark Lord (classe inicial)","98","dano 91-102, poder mágico 52, velocidade de ataque 40, durabilidade 72","força 105, agilidade 23","Lord Scepter é um item da família arma, catalogado em Maças e cetros. A configuração atual registra dano 91-102, poder mágico 52, velocidade de ataque 40, durabilidade 72. Requisitos: força 105, agilidade 23. Uso permitido: Dark Lord (classe inicial). Ocupa 1x4 espaço(s) no inventário e pode participar das tabelas de drop.","Somente cosmético ou progressão controlada","Recomendado","Equipamento deve circular prioritariamente entre jogadores; venda direta exige limites de nível e opções."
"1036","2-12","Great Lord Scepter","Maças e cetros","Arma","Dark Lord (classe inicial)","140","dano 108-120, poder mágico 67, velocidade de ataque 40, durabilidade 84","força 90, agilidade 20","Great Lord Scepter é um item da família arma, catalogado em Maças e cetros. A configuração atual registra dano 108-120, poder mágico 67, velocidade de ataque 40, durabilidade 84. Requisitos: força 90, agilidade 20. Uso permitido: Dark Lord (classe inicial). Ocupa 1x4 espaço(s) no inventário e pode participar das tabelas de drop.","Somente cosmético ou progressão controlada","Recomendado","Equipamento deve circular prioritariamente entre jogadores; venda direta exige limites de nível e opções."
"1037","2-13","Divine Scepter of Archangel","Maças e cetros","Arma","Dark Lord (classe inicial)","150","dano 200-223, poder mágico 138, velocidade de ataque 45, durabilidade 90","força 75, agilidade 16","Divine Scepter of Archangel é um item da família arma, catalogado em Maças e cetros. A configuração atual registra dano 200-223, poder mágico 138, velocidade de ataque 45, durabilidade 90. Requisitos: força 75, agilidade 16. Uso permitido: Dark Lord (classe inicial). Ocupa 1x4 espaço(s) no inventário e pode participar das tabelas de drop.","Somente cosmético ou progressão controlada","Recomendado","Equipamento deve circular prioritariamente entre jogadores; venda direta exige limites de nível e opções."
"1038","2-14","Soleil Sceptor","Maças e cetros","Arma","Dark Lord (classe inicial)","146","dano 130-153, poder mágico 84, velocidade de ataque 40, durabilidade 95","nível 380, força 80, agilidade 15","Soleil Sceptor é um item da família arma, catalogado em Maças e cetros. A configuração atual registra dano 130-153, poder mágico 84, velocidade de ataque 40, durabilidade 95. Requisitos: nível 380, força 80, agilidade 15. Uso permitido: Dark Lord (classe inicial). Ocupa 1x4 espaço(s) no inventário e pode participar das tabelas de drop.","Somente cosmético ou progressão controlada","Recomendado","Equipamento deve circular prioritariamente entre jogadores; venda direta exige limites de nível e opções."
"1039","2-15","Shining Scepter","Maças e cetros","Arma","Dark Lord (classe inicial)","110","dano 99-111, poder mágico 60, velocidade de ataque 40, durabilidade 78","força 108, agilidade 22","Shining Scepter é um item da família arma, catalogado em Maças e cetros. A configuração atual registra dano 99-111, poder mágico 60, velocidade de ataque 40, durabilidade 78. Requisitos: força 108, agilidade 22. Uso permitido: Dark Lord (classe inicial). Ocupa 1x4 espaço(s) no inventário e pode participar das tabelas de drop.","Somente cosmético ou progressão controlada","Recomendado","Equipamento deve circular prioritariamente entre jogadores; venda direta exige limites de nível e opções."
"1040","2-16","Frost Mace","Maças e cetros","Arma","Fairy Elf (segunda classe)","121","dano 106-146, velocidade de ataque 50, durabilidade 80","nível 380, força 27, agilidade 19","Frost Mace é um item da família arma, catalogado em Maças e cetros. A configuração atual registra dano 106-146, velocidade de ataque 50, durabilidade 80. Requisitos: nível 380, força 27, agilidade 19. Uso permitido: Fairy Elf (segunda classe). Ocupa 1x3 espaço(s) no inventário e pode participar das tabelas de drop.","Somente cosmético ou progressão controlada","Recomendado","Equipamento deve circular prioritariamente entre jogadores; venda direta exige limites de nível e opções."
"1041","2-17","Absolute Scepter","Maças e cetros","Arma","Dark Lord (classe inicial)","135","dano 114-132, poder mágico 72, velocidade de ataque 40, durabilidade 90","nível 380, força 119, agilidade 24","Absolute Scepter é um item da família arma, catalogado em Maças e cetros. A configuração atual registra dano 114-132, poder mágico 72, velocidade de ataque 40, durabilidade 90. Requisitos: nível 380, força 119, agilidade 24. Uso permitido: Dark Lord (classe inicial). Ocupa 1x4 espaço(s) no inventário e pode participar das tabelas de drop.","Somente cosmético ou progressão controlada","Recomendado","Equipamento deve circular prioritariamente entre jogadores; venda direta exige limites de nível e opções."
"1042","2-18","Striker Scepter","Maças e cetros","Arma","Dark Lord (classe inicial)","147","dano 112-124, poder mágico 70, velocidade de ataque 40, durabilidade 86","força 87, agilidade 20","Striker Scepter é um item da família arma, catalogado em Maças e cetros. A configuração atual registra dano 112-124, poder mágico 70, velocidade de ataque 40, durabilidade 86. Requisitos: força 87, agilidade 20. Uso permitido: Dark Lord (classe inicial). Ocupa 1x4 espaço(s) no inventário e pode participar das tabelas de drop.","Somente cosmético ou progressão controlada","Recomendado","Equipamento deve circular prioritariamente entre jogadores; venda direta exige limites de nível e opções."
"1124","2-100","BloodMoon Scepter","Maças e cetros","Arma","Dark Lord (classe inicial)","147","dano 112-124, poder mágico 70, velocidade de ataque 40, durabilidade 86","força 87, agilidade 20","BloodMoon Scepter é um item da família arma, catalogado em Maças e cetros. A configuração atual registra dano 112-124, poder mágico 70, velocidade de ataque 40, durabilidade 86. Requisitos: força 87, agilidade 20. Uso permitido: Dark Lord (classe inicial). Ocupa 1x4 espaço(s) no inventário e pode participar das tabelas de drop.","Somente cosmético ou progressão controlada","Recomendado","Equipamento deve circular prioritariamente entre jogadores; venda direta exige limites de nível e opções."
"1536","3-0","Light Spear","Lanças","Arma","Dark Knight (classe inicial); Fairy Elf (classe inicial); Magic Gladiator (classe inicial)","42","dano 50-63, velocidade de ataque 25, durabilidade 56","força 60, agilidade 70","Light Spear é um item da família arma, catalogado em Lanças. A configuração atual registra dano 50-63, velocidade de ataque 25, durabilidade 56. Requisitos: força 60, agilidade 70. Uso permitido: Dark Knight (classe inicial), Fairy Elf (classe inicial), Magic Gladiator (classe inicial). Ocupa 2x4 espaço(s) no inventário e pode participar das tabelas de drop.","Somente cosmético ou progressão controlada","Recomendado","Equipamento deve circular prioritariamente entre jogadores; venda direta exige limites de nível e opções."
"1537","3-1","Spear","Lanças","Arma","Dark Knight (classe inicial); Fairy Elf (classe inicial); Magic Gladiator (classe inicial)","23","dano 30-41, velocidade de ataque 30, durabilidade 42","força 70, agilidade 50","Spear é um item da família arma, catalogado em Lanças. A configuração atual registra dano 30-41, velocidade de ataque 30, durabilidade 42. Requisitos: força 70, agilidade 50. Uso permitido: Dark Knight (classe inicial), Fairy Elf (classe inicial), Magic Gladiator (classe inicial). Ocupa 2x4 espaço(s) no inventário e pode participar das tabelas de drop.","Somente cosmético ou progressão controlada","Recomendado","Equipamento deve circular prioritariamente entre jogadores; venda direta exige limites de nível e opções."
"1538","3-2","Dragon Lance","Lanças","Arma","Dark Knight (classe inicial); Fairy Elf (classe inicial); Magic Gladiator (classe inicial)","15","dano 21-33, velocidade de ataque 30, durabilidade 34","força 70, agilidade 50","Dragon Lance é um item da família arma, catalogado em Lanças. A configuração atual registra dano 21-33, velocidade de ataque 30, durabilidade 34. Requisitos: força 70, agilidade 50. Uso permitido: Dark Knight (classe inicial), Fairy Elf (classe inicial), Magic Gladiator (classe inicial). Ocupa 2x4 espaço(s) no inventário e pode participar das tabelas de drop.","Somente cosmético ou progressão controlada","Recomendado","Equipamento deve circular prioritariamente entre jogadores; venda direta exige limites de nível e opções."
"1539","3-3","Giant Trident","Lanças","Arma","Dark Knight (classe inicial); Fairy Elf (classe inicial); Magic Gladiator (classe inicial)","29","dano 35-43, velocidade de ataque 25, durabilidade 44","força 90, agilidade 30","Giant Trident é um item da família arma, catalogado em Lanças. A configuração atual registra dano 35-43, velocidade de ataque 25, durabilidade 44. Requisitos: força 90, agilidade 30. Uso permitido: Dark Knight (classe inicial), Fairy Elf (classe inicial), Magic Gladiator (classe inicial). Ocupa 2x4 espaço(s) no inventário e pode participar das tabelas de drop.","Somente cosmético ou progressão controlada","Recomendado","Equipamento deve circular prioritariamente entre jogadores; venda direta exige limites de nível e opções."
"1540","3-4","Serpent Spear","Lanças","Arma","Dark Knight (classe inicial); Fairy Elf (classe inicial); Magic Gladiator (classe inicial)","46","dano 58-80, velocidade de ataque 20, durabilidade 58","força 90, agilidade 30","Serpent Spear é um item da família arma, catalogado em Lanças. A configuração atual registra dano 58-80, velocidade de ataque 20, durabilidade 58. Requisitos: força 90, agilidade 30. Uso permitido: Dark Knight (classe inicial), Fairy Elf (classe inicial), Magic Gladiator (classe inicial). Ocupa 2x4 espaço(s) no inventário e pode participar das tabelas de drop.","Somente cosmético ou progressão controlada","Recomendado","Equipamento deve circular prioritariamente entre jogadores; venda direta exige limites de nível e opções."
"1541","3-5","Double Poleaxe","Lanças","Arma","Dark Knight (classe inicial); Fairy Elf (classe inicial); Magic Gladiator (classe inicial)","13","dano 19-31, velocidade de ataque 30, durabilidade 38","força 70, agilidade 50","Double Poleaxe é um item da família arma, catalogado em Lanças. A configuração atual registra dano 19-31, velocidade de ataque 30, durabilidade 38. Requisitos: força 70, agilidade 50. Uso permitido: Dark Knight (classe inicial), Fairy Elf (classe inicial), Magic Gladiator (classe inicial). Ocupa 2x4 espaço(s) no inventário e pode participar das tabelas de drop.","Somente cosmético ou progressão controlada","Recomendado","Equipamento deve circular prioritariamente entre jogadores; venda direta exige limites de nível e opções."
"1542","3-6","Halberd","Lanças","Arma","Dark Knight (classe inicial); Fairy Elf (classe inicial); Magic Gladiator (classe inicial)","19","dano 25-35, velocidade de ataque 30, durabilidade 40","força 70, agilidade 50","Halberd é um item da família arma, catalogado em Lanças. A configuração atual registra dano 25-35, velocidade de ataque 30, durabilidade 40. Requisitos: força 70, agilidade 50. Uso permitido: Dark Knight (classe inicial), Fairy Elf (classe inicial), Magic Gladiator (classe inicial). Ocupa 2x4 espaço(s) no inventário e pode participar das tabelas de drop.","Somente cosmético ou progressão controlada","Recomendado","Equipamento deve circular prioritariamente entre jogadores; venda direta exige limites de nível e opções."
"1543","3-7","Berdysh","Lanças","Arma","Dark Knight (classe inicial); Fairy Elf (classe inicial); Magic Gladiator (classe inicial)","37","dano 42-54, velocidade de ataque 30, durabilidade 54","força 80, agilidade 50","Berdysh é um item da família arma, catalogado em Lanças. A configuração atual registra dano 42-54, velocidade de ataque 30, durabilidade 54. Requisitos: força 80, agilidade 50. Uso permitido: Dark Knight (classe inicial), Fairy Elf (classe inicial), Magic Gladiator (classe inicial). Ocupa 2x4 espaço(s) no inventário e pode participar das tabelas de drop.","Somente cosmético ou progressão controlada","Recomendado","Equipamento deve circular prioritariamente entre jogadores; venda direta exige limites de nível e opções."
"1544","3-8","Great Scythe","Lanças","Arma","Dark Knight (classe inicial); Fairy Elf (classe inicial); Magic Gladiator (classe inicial)","54","dano 71-92, velocidade de ataque 25, durabilidade 68","força 90, agilidade 50","Great Scythe é um item da família arma, catalogado em Lanças. A configuração atual registra dano 71-92, velocidade de ataque 25, durabilidade 68. Requisitos: força 90, agilidade 50. Uso permitido: Dark Knight (classe inicial), Fairy Elf (classe inicial), Magic Gladiator (classe inicial). Ocupa 2x4 espaço(s) no inventário e pode participar das tabelas de drop.","Somente cosmético ou progressão controlada","Recomendado","Equipamento deve circular prioritariamente entre jogadores; venda direta exige limites de nível e opções."
"1545","3-9","Bill of Balrog","Lanças","Arma","Dark Knight (classe inicial); Fairy Elf (classe inicial); Magic Gladiator (classe inicial)","63","dano 76-102, velocidade de ataque 25, durabilidade 74","força 80, agilidade 50","Bill of Balrog é um item da família arma, catalogado em Lanças. A configuração atual registra dano 76-102, velocidade de ataque 25, durabilidade 74. Requisitos: força 80, agilidade 50. Uso permitido: Dark Knight (classe inicial), Fairy Elf (classe inicial), Magic Gladiator (classe inicial). Ocupa 2x4 espaço(s) no inventário e pode participar das tabelas de drop.","Somente cosmético ou progressão controlada","Recomendado","Equipamento deve circular prioritariamente entre jogadores; venda direta exige limites de nível e opções."
"1546","3-10","Dragon Spear","Lanças","Arma","Dark Knight (segunda classe)","92","dano 112-140, velocidade de ataque 35, durabilidade 85","força 170, agilidade 60","Dragon Spear é um item da família arma, catalogado em Lanças. A configuração atual registra dano 112-140, velocidade de ataque 35, durabilidade 85. Requisitos: força 170, agilidade 60. Uso permitido: Dark Knight (segunda classe). Ocupa 2x4 espaço(s) no inventário e pode participar das tabelas de drop.","Somente cosmético ou progressão controlada","Recomendado","Equipamento deve circular prioritariamente entre jogadores; venda direta exige limites de nível e opções."
"1547","3-11","Brova","Lanças","Arma","Dark Knight (segunda classe); Magic Gladiator (classe inicial)","147","dano 190-226, velocidade de ataque 40, durabilidade 90","força 152, agilidade 25","Brova é um item da família arma, catalogado em Lanças. A configuração atual registra dano 190-226, velocidade de ataque 40, durabilidade 90. Requisitos: força 152, agilidade 25. Uso permitido: Dark Knight (segunda classe), Magic Gladiator (classe inicial). Ocupa 2x4 espaço(s) no inventário e pode participar das tabelas de drop.","Somente cosmético ou progressão controlada","Recomendado","Equipamento deve circular prioritariamente entre jogadores; venda direta exige limites de nível e opções."
"2048","4-0","Short Bow","Arcos e bestas","Arma","Fairy Elf (classe inicial)","2","dano 3-5, velocidade de ataque 30, durabilidade 20","força 20, agilidade 80","Short Bow é um item da família arma, catalogado em Arcos e bestas. A configuração atual registra dano 3-5, velocidade de ataque 30, durabilidade 20. Requisitos: força 20, agilidade 80. Uso permitido: Fairy Elf (classe inicial). Ocupa 2x3 espaço(s) no inventário e pode participar das tabelas de drop.","Somente cosmético ou progressão controlada","Recomendado","Equipamento deve circular prioritariamente entre jogadores; venda direta exige limites de nível e opções."
"2049","4-1","Bow","Arcos e bestas","Arma","Fairy Elf (classe inicial)","8","dano 9-13, velocidade de ataque 30, durabilidade 24","força 30, agilidade 90","Bow é um item da família arma, catalogado em Arcos e bestas. A configuração atual registra dano 9-13, velocidade de ataque 30, durabilidade 24. Requisitos: força 30, agilidade 90. Uso permitido: Fairy Elf (classe inicial). Ocupa 2x3 espaço(s) no inventário e pode participar das tabelas de drop.","Somente cosmético ou progressão controlada","Recomendado","Equipamento deve circular prioritariamente entre jogadores; venda direta exige limites de nível e opções."
"2050","4-2","Elven Bow","Arcos e bestas","Arma","Fairy Elf (classe inicial)","16","dano 17-24, velocidade de ataque 30, durabilidade 28","força 30, agilidade 90","Elven Bow é um item da família arma, catalogado em Arcos e bestas. A configuração atual registra dano 17-24, velocidade de ataque 30, durabilidade 28. Requisitos: força 30, agilidade 90. Uso permitido: Fairy Elf (classe inicial). Ocupa 2x3 espaço(s) no inventário e pode participar das tabelas de drop.","Somente cosmético ou progressão controlada","Recomendado","Equipamento deve circular prioritariamente entre jogadores; venda direta exige limites de nível e opções."
"2051","4-3","Battle Bow","Arcos e bestas","Arma","Fairy Elf (classe inicial)","26","dano 28-37, velocidade de ataque 30, durabilidade 36","força 30, agilidade 90","Battle Bow é um item da família arma, catalogado em Arcos e bestas. A configuração atual registra dano 28-37, velocidade de ataque 30, durabilidade 36. Requisitos: força 30, agilidade 90. Uso permitido: Fairy Elf (classe inicial). Ocupa 2x3 espaço(s) no inventário e pode participar das tabelas de drop.","Somente cosmético ou progressão controlada","Recomendado","Equipamento deve circular prioritariamente entre jogadores; venda direta exige limites de nível e opções."
"2052","4-4","Tiger Bow","Arcos e bestas","Arma","Fairy Elf (classe inicial)","40","dano 42-52, velocidade de ataque 30, durabilidade 43","força 30, agilidade 100","Tiger Bow é um item da família arma, catalogado em Arcos e bestas. A configuração atual registra dano 42-52, velocidade de ataque 30, durabilidade 43. Requisitos: força 30, agilidade 100. Uso permitido: Fairy Elf (classe inicial). Ocupa 2x4 espaço(s) no inventário e pode participar das tabelas de drop.","Somente cosmético ou progressão controlada","Recomendado","Equipamento deve circular prioritariamente entre jogadores; venda direta exige limites de nível e opções."
"2053","4-5","Silver Bow","Arcos e bestas","Arma","Fairy Elf (classe inicial)","56","dano 59-71, velocidade de ataque 40, durabilidade 48","força 30, agilidade 100","Silver Bow é um item da família arma, catalogado em Arcos e bestas. A configuração atual registra dano 59-71, velocidade de ataque 40, durabilidade 48. Requisitos: força 30, agilidade 100. Uso permitido: Fairy Elf (classe inicial). Ocupa 2x4 espaço(s) no inventário e pode participar das tabelas de drop.","Somente cosmético ou progressão controlada","Recomendado","Equipamento deve circular prioritariamente entre jogadores; venda direta exige limites de nível e opções."
"2054","4-6","Chaos Nature Bow","Arcos e bestas","Arma","Fairy Elf (classe inicial)","75","dano 88-106, velocidade de ataque 35, durabilidade 68","força 40, agilidade 150","Chaos Nature Bow é um item da família arma, catalogado em Arcos e bestas. A configuração atual registra dano 88-106, velocidade de ataque 35, durabilidade 68. Requisitos: força 40, agilidade 150. Uso permitido: Fairy Elf (classe inicial). Ocupa 2x4 espaço(s) no inventário e pode participar das tabelas de drop.","Somente cosmético ou progressão controlada","Recomendado","Equipamento deve circular prioritariamente entre jogadores; venda direta exige limites de nível e opções."
"2055","4-7","Bolt","Arcos e bestas","Arma","Fairy Elf (classe inicial)","0","durabilidade 255","sem requisito numérico registrado","Bolt é um item da família arma, catalogado em Arcos e bestas. A configuração atual registra durabilidade 255. Requisitos: sem requisito numérico registrado. Uso permitido: Fairy Elf (classe inicial). Ocupa 1x1 espaço(s) no inventário e pode participar das tabelas de drop.","Somente cosmético ou progressão controlada","Recomendado","Equipamento deve circular prioritariamente entre jogadores; venda direta exige limites de nível e opções."
"2056","4-8","Crossbow","Arcos e bestas","Arma","Fairy Elf (classe inicial)","4","dano 5-8, velocidade de ataque 40, durabilidade 22","força 20, agilidade 90","Crossbow é um item da família arma, catalogado em Arcos e bestas. A configuração atual registra dano 5-8, velocidade de ataque 40, durabilidade 22. Requisitos: força 20, agilidade 90. Uso permitido: Fairy Elf (classe inicial). Ocupa 2x2 espaço(s) no inventário e pode participar das tabelas de drop.","Somente cosmético ou progressão controlada","Recomendado","Equipamento deve circular prioritariamente entre jogadores; venda direta exige limites de nível e opções."
"2057","4-9","Golden Crossbow","Arcos e bestas","Arma","Fairy Elf (classe inicial)","12","dano 13-19, velocidade de ataque 40, durabilidade 26","força 30, agilidade 90","Golden Crossbow é um item da família arma, catalogado em Arcos e bestas. A configuração atual registra dano 13-19, velocidade de ataque 40, durabilidade 26. Requisitos: força 30, agilidade 90. Uso permitido: Fairy Elf (classe inicial). Ocupa 2x2 espaço(s) no inventário e pode participar das tabelas de drop.","Somente cosmético ou progressão controlada","Recomendado","Equipamento deve circular prioritariamente entre jogadores; venda direta exige limites de nível e opções."
"2058","4-10","Arquebus","Arcos e bestas","Arma","Fairy Elf (classe inicial)","20","dano 22-30, velocidade de ataque 40, durabilidade 31","força 30, agilidade 90","Arquebus é um item da família arma, catalogado em Arcos e bestas. A configuração atual registra dano 22-30, velocidade de ataque 40, durabilidade 31. Requisitos: força 30, agilidade 90. Uso permitido: Fairy Elf (classe inicial). Ocupa 2x2 espaço(s) no inventário e pode participar das tabelas de drop.","Somente cosmético ou progressão controlada","Recomendado","Equipamento deve circular prioritariamente entre jogadores; venda direta exige limites de nível e opções."
"2059","4-11","Light Crossbow","Arcos e bestas","Arma","Fairy Elf (classe inicial)","32","dano 35-44, velocidade de ataque 40, durabilidade 40","força 30, agilidade 90","Light Crossbow é um item da família arma, catalogado em Arcos e bestas. A configuração atual registra dano 35-44, velocidade de ataque 40, durabilidade 40. Requisitos: força 30, agilidade 90. Uso permitido: Fairy Elf (classe inicial). Ocupa 2x3 espaço(s) no inventário e pode participar das tabelas de drop.","Somente cosmético ou progressão controlada","Recomendado","Equipamento deve circular prioritariamente entre jogadores; venda direta exige limites de nível e opções."
"2060","4-12","Serpent Crossbow","Arcos e bestas","Arma","Fairy Elf (classe inicial)","48","dano 50-61, velocidade de ataque 40, durabilidade 45","força 30, agilidade 100","Serpent Crossbow é um item da família arma, catalogado em Arcos e bestas. A configuração atual registra dano 50-61, velocidade de ataque 40, durabilidade 45. Requisitos: força 30, agilidade 100. Uso permitido: Fairy Elf (classe inicial). Ocupa 2x3 espaço(s) no inventário e pode participar das tabelas de drop.","Somente cosmético ou progressão controlada","Recomendado","Equipamento deve circular prioritariamente entre jogadores; venda direta exige limites de nível e opções."
"2061","4-13","Bluewing Crossbow","Arcos e bestas","Arma","Fairy Elf (classe inicial)","68","dano 68-82, velocidade de ataque 40, durabilidade 56","força 40, agilidade 110","Bluewing Crossbow é um item da família arma, catalogado em Arcos e bestas. A configuração atual registra dano 68-82, velocidade de ataque 40, durabilidade 56. Requisitos: força 40, agilidade 110. Uso permitido: Fairy Elf (classe inicial). Ocupa 2x3 espaço(s) no inventário e pode participar das tabelas de drop.","Somente cosmético ou progressão controlada","Recomendado","Equipamento deve circular prioritariamente entre jogadores; venda direta exige limites de nível e opções."
"2062","4-14","Aquagold Crossbow","Arcos e bestas","Arma","Fairy Elf (classe inicial)","72","dano 78-92, velocidade de ataque 30, durabilidade 60","força 50, agilidade 130","Aquagold Crossbow é um item da família arma, catalogado em Arcos e bestas. A configuração atual registra dano 78-92, velocidade de ataque 30, durabilidade 60. Requisitos: força 50, agilidade 130. Uso permitido: Fairy Elf (classe inicial). Ocupa 2x3 espaço(s) no inventário e pode participar das tabelas de drop.","Somente cosmético ou progressão controlada","Recomendado","Equipamento deve circular prioritariamente entre jogadores; venda direta exige limites de nível e opções."
"2063","4-15","Arrow","Arcos e bestas","Arma","Fairy Elf (classe inicial)","0","durabilidade 255","sem requisito numérico registrado","Arrow é um item da família arma, catalogado em Arcos e bestas. A configuração atual registra durabilidade 255. Requisitos: sem requisito numérico registrado. Uso permitido: Fairy Elf (classe inicial). Ocupa 1x1 espaço(s) no inventário e pode participar das tabelas de drop.","Somente cosmético ou progressão controlada","Recomendado","Equipamento deve circular prioritariamente entre jogadores; venda direta exige limites de nível e opções."
"2064","4-16","Saint Crossbow","Arcos e bestas","Arma","Fairy Elf (classe inicial)","84","dano 102-127, velocidade de ataque 35, durabilidade 72","força 50, agilidade 160","Saint Crossbow é um item da família arma, catalogado em Arcos e bestas. A configuração atual registra dano 102-127, velocidade de ataque 35, durabilidade 72. Requisitos: força 50, agilidade 160. Uso permitido: Fairy Elf (classe inicial). Ocupa 2x4 espaço(s) no inventário e pode participar das tabelas de drop.","Somente cosmético ou progressão controlada","Recomendado","Equipamento deve circular prioritariamente entre jogadores; venda direta exige limites de nível e opções."
"2065","4-17","Celestial Bow","Arcos e bestas","Arma","Fairy Elf (segunda classe)","92","dano 127-155, velocidade de ataque 35, durabilidade 76","força 54, agilidade 198","Celestial Bow é um item da família arma, catalogado em Arcos e bestas. A configuração atual registra dano 127-155, velocidade de ataque 35, durabilidade 76. Requisitos: força 54, agilidade 198. Uso permitido: Fairy Elf (segunda classe). Ocupa 2x4 espaço(s) no inventário e pode participar das tabelas de drop.","Somente cosmético ou progressão controlada","Recomendado","Equipamento deve circular prioritariamente entre jogadores; venda direta exige limites de nível e opções."
"2066","4-18","Divine Crossbow of Archangel","Arcos e bestas","Arma","Fairy Elf (classe inicial)","100","dano 224-246, velocidade de ataque 45, durabilidade 200","força 40, agilidade 110","Divine Crossbow of Archangel é um item da família arma, catalogado em Arcos e bestas. A configuração atual registra dano 224-246, velocidade de ataque 45, durabilidade 200. Requisitos: força 40, agilidade 110. Uso permitido: Fairy Elf (classe inicial). Ocupa 2x3 espaço(s) no inventário e pode participar das tabelas de drop.","Somente cosmético ou progressão controlada","Recomendado","Equipamento deve circular prioritariamente entre jogadores; venda direta exige limites de nível e opções."
"2067","4-19","Great Reign Crossbow","Arcos e bestas","Arma","Fairy Elf (segunda classe)","100","dano 150-172, velocidade de ataque 40, durabilidade 80","força 61, agilidade 285","Great Reign Crossbow é um item da família arma, catalogado em Arcos e bestas. A configuração atual registra dano 150-172, velocidade de ataque 40, durabilidade 80. Requisitos: força 61, agilidade 285. Uso permitido: Fairy Elf (segunda classe). Ocupa 2x3 espaço(s) no inventário e pode participar das tabelas de drop.","Somente cosmético ou progressão controlada","Recomendado","Equipamento deve circular prioritariamente entre jogadores; venda direta exige limites de nível e opções."
"2068","4-20","Arrow Viper Bow","Arcos e bestas","Arma","Fairy Elf (segunda classe)","135","dano 166-190, velocidade de ataque 45, durabilidade 86","força 52, agilidade 245","Arrow Viper Bow é um item da família arma, catalogado em Arcos e bestas. A configuração atual registra dano 166-190, velocidade de ataque 45, durabilidade 86. Requisitos: força 52, agilidade 245. Uso permitido: Fairy Elf (segunda classe). Ocupa 2x4 espaço(s) no inventário e pode participar das tabelas de drop.","Somente cosmético ou progressão controlada","Recomendado","Equipamento deve circular prioritariamente entre jogadores; venda direta exige limites de nível e opções."
"2069","4-21","Sylph Wind Bow","Arcos e bestas","Arma","Fairy Elf (segunda classe)","147","dano 177-200, velocidade de ataque 45, durabilidade 93","nível 380, força 46, agilidade 210","Sylph Wind Bow é um item da família arma, catalogado em Arcos e bestas. A configuração atual registra dano 177-200, velocidade de ataque 45, durabilidade 93. Requisitos: nível 380, força 46, agilidade 210. Uso permitido: Fairy Elf (segunda classe). Ocupa 2x4 espaço(s) no inventário e pode participar das tabelas de drop.","Somente cosmético ou progressão controlada","Recomendado","Equipamento deve circular prioritariamente entre jogadores; venda direta exige limites de nível e opções."
"2070","4-22","Albatross Bow","Arcos e bestas","Arma","Fairy Elf (segunda classe)","110","dano 155-177, velocidade de ataque 45, durabilidade 70","força 60, agilidade 265","Albatross Bow é um item da família arma, catalogado em Arcos e bestas. A configuração atual registra dano 155-177, velocidade de ataque 45, durabilidade 70. Requisitos: força 60, agilidade 265. Uso permitido: Fairy Elf (segunda classe). Ocupa 2x4 espaço(s) no inventário e pode participar das tabelas de drop.","Somente cosmético ou progressão controlada","Recomendado","Equipamento deve circular prioritariamente entre jogadores; venda direta exige limites de nível e opções."
"2071","4-23","Dark Stinger","Arcos e bestas","Arma","Fairy Elf (segunda classe)","134","dano 162-184, velocidade de ataque 45, durabilidade 80","nível 380, força 32, agilidade 209","Dark Stinger é um item da família arma, catalogado em Arcos e bestas. A configuração atual registra dano 162-184, velocidade de ataque 45, durabilidade 80. Requisitos: nível 380, força 32, agilidade 209. Uso permitido: Fairy Elf (segunda classe). Ocupa 2x4 espaço(s) no inventário e pode participar das tabelas de drop.","Somente cosmético ou progressão controlada","Recomendado","Equipamento deve circular prioritariamente entre jogadores; venda direta exige limites de nível e opções."
"2072","4-24","Aileen Bow","Arcos e bestas","Arma","Fairy Elf (segunda classe)","147","dano 170-194, velocidade de ataque 45, durabilidade 88","força 49, agilidade 226","Aileen Bow é um item da família arma, catalogado em Arcos e bestas. A configuração atual registra dano 170-194, velocidade de ataque 45, durabilidade 88. Requisitos: força 49, agilidade 226. Uso permitido: Fairy Elf (segunda classe). Ocupa 2x4 espaço(s) no inventário e pode participar das tabelas de drop.","Somente cosmético ou progressão controlada","Recomendado","Equipamento deve circular prioritariamente entre jogadores; venda direta exige limites de nível e opções."
"2148","4-100","BloodMoon Bow","Arcos e bestas","Arma","Fairy Elf (segunda classe)","147","dano 170-194, velocidade de ataque 45, durabilidade 88","força 49, agilidade 226","BloodMoon Bow é um item da família arma, catalogado em Arcos e bestas. A configuração atual registra dano 170-194, velocidade de ataque 45, durabilidade 88. Requisitos: força 49, agilidade 226. Uso permitido: Fairy Elf (segunda classe). Ocupa 2x4 espaço(s) no inventário e pode participar das tabelas de drop.","Somente cosmético ou progressão controlada","Recomendado","Equipamento deve circular prioritariamente entre jogadores; venda direta exige limites de nível e opções."
"2560","5-0","Skull Staff","Cajados","Arma","Dark Wizard (classe inicial); Magic Gladiator (classe inicial); Summoner (classe inicial)","6","dano 3-4, poder mágico 6, velocidade de ataque 20","força 40","Skull Staff é um item da família arma, catalogado em Cajados. A configuração atual registra dano 3-4, poder mágico 6, velocidade de ataque 20. Requisitos: força 40. Uso permitido: Dark Wizard (classe inicial), Magic Gladiator (classe inicial), Summoner (classe inicial). Ocupa 1x3 espaço(s) no inventário e pode participar das tabelas de drop.","Somente cosmético ou progressão controlada","Recomendado","Equipamento deve circular prioritariamente entre jogadores; venda direta exige limites de nível e opções."
"2561","5-1","Angelic Staff","Cajados","Arma","Dark Wizard (classe inicial); Magic Gladiator (classe inicial)","18","dano 10-12, poder mágico 20, velocidade de ataque 25","força 50","Angelic Staff é um item da família arma, catalogado em Cajados. A configuração atual registra dano 10-12, poder mágico 20, velocidade de ataque 25. Requisitos: força 50. Uso permitido: Dark Wizard (classe inicial), Magic Gladiator (classe inicial). Ocupa 2x3 espaço(s) no inventário e pode participar das tabelas de drop.","Somente cosmético ou progressão controlada","Recomendado","Equipamento deve circular prioritariamente entre jogadores; venda direta exige limites de nível e opções."
"2562","5-2","Serpent Staff","Cajados","Arma","Dark Wizard (classe inicial); Magic Gladiator (classe inicial)","30","dano 17-18, poder mágico 34, velocidade de ataque 25","força 50","Serpent Staff é um item da família arma, catalogado em Cajados. A configuração atual registra dano 17-18, poder mágico 34, velocidade de ataque 25. Requisitos: força 50. Uso permitido: Dark Wizard (classe inicial), Magic Gladiator (classe inicial). Ocupa 2x3 espaço(s) no inventário e pode participar das tabelas de drop.","Somente cosmético ou progressão controlada","Recomendado","Equipamento deve circular prioritariamente entre jogadores; venda direta exige limites de nível e opções."
"2563","5-3","Thunder Staff","Cajados","Arma","Dark Wizard (classe inicial); Magic Gladiator (classe inicial)","42","dano 23-25, poder mágico 46, velocidade de ataque 25","força 40, agilidade 10","Thunder Staff é um item da família arma, catalogado em Cajados. A configuração atual registra dano 23-25, poder mágico 46, velocidade de ataque 25. Requisitos: força 40, agilidade 10. Uso permitido: Dark Wizard (classe inicial), Magic Gladiator (classe inicial). Ocupa 2x4 espaço(s) no inventário e pode participar das tabelas de drop.","Somente cosmético ou progressão controlada","Recomendado","Equipamento deve circular prioritariamente entre jogadores; venda direta exige limites de nível e opções."
"2564","5-4","Gorgon Staff","Cajados","Arma","Dark Wizard (classe inicial); Magic Gladiator (classe inicial)","52","dano 29-32, poder mágico 58, velocidade de ataque 25","força 50","Gorgon Staff é um item da família arma, catalogado em Cajados. A configuração atual registra dano 29-32, poder mágico 58, velocidade de ataque 25. Requisitos: força 50. Uso permitido: Dark Wizard (classe inicial), Magic Gladiator (classe inicial). Ocupa 2x4 espaço(s) no inventário e pode participar das tabelas de drop.","Somente cosmético ou progressão controlada","Recomendado","Equipamento deve circular prioritariamente entre jogadores; venda direta exige limites de nível e opções."
"2565","5-5","Legendary Staff","Cajados","Arma","Dark Wizard (classe inicial); Magic Gladiator (classe inicial)","59","dano 29-31, poder mágico 59, velocidade de ataque 25","força 50","Legendary Staff é um item da família arma, catalogado em Cajados. A configuração atual registra dano 29-31, poder mágico 59, velocidade de ataque 25. Requisitos: força 50. Uso permitido: Dark Wizard (classe inicial), Magic Gladiator (classe inicial). Ocupa 1x4 espaço(s) no inventário e pode participar das tabelas de drop.","Somente cosmético ou progressão controlada","Recomendado","Equipamento deve circular prioritariamente entre jogadores; venda direta exige limites de nível e opções."
"2566","5-6","Staff of Resurrection","Cajados","Arma","Dark Wizard (classe inicial); Magic Gladiator (classe inicial)","70","dano 35-39, poder mágico 70, velocidade de ataque 25","força 60, agilidade 10","Staff of Resurrection é um item da família arma, catalogado em Cajados. A configuração atual registra dano 35-39, poder mágico 70, velocidade de ataque 25. Requisitos: força 60, agilidade 10. Uso permitido: Dark Wizard (classe inicial), Magic Gladiator (classe inicial). Ocupa 1x4 espaço(s) no inventário e pode participar das tabelas de drop.","Somente cosmético ou progressão controlada","Recomendado","Equipamento deve circular prioritariamente entre jogadores; venda direta exige limites de nível e opções."
"2567","5-7","Chaos Lighting Staff","Cajados","Arma","Dark Wizard (classe inicial); Magic Gladiator (classe inicial)","75","dano 47-48, poder mágico 94, velocidade de ataque 30","força 60, agilidade 10","Chaos Lighting Staff é um item da família arma, catalogado em Cajados. A configuração atual registra dano 47-48, poder mágico 94, velocidade de ataque 30. Requisitos: força 60, agilidade 10. Uso permitido: Dark Wizard (classe inicial), Magic Gladiator (classe inicial). Ocupa 2x4 espaço(s) no inventário e pode participar das tabelas de drop.","Somente cosmético ou progressão controlada","Recomendado","Equipamento deve circular prioritariamente entre jogadores; venda direta exige limites de nível e opções."
"2568","5-8","Staff of Destruction","Cajados","Arma","Dark Wizard (classe inicial); Magic Gladiator (classe inicial)","90","dano 50-54, poder mágico 101, velocidade de ataque 30","força 60, agilidade 10","Staff of Destruction é um item da família arma, catalogado em Cajados. A configuração atual registra dano 50-54, poder mágico 101, velocidade de ataque 30. Requisitos: força 60, agilidade 10. Uso permitido: Dark Wizard (classe inicial), Magic Gladiator (classe inicial). Ocupa 2x4 espaço(s) no inventário e pode participar das tabelas de drop.","Somente cosmético ou progressão controlada","Recomendado","Equipamento deve circular prioritariamente entre jogadores; venda direta exige limites de nível e opções."
"2569","5-9","Dragon Soul Staff","Cajados","Arma","Dark Wizard (segunda classe)","100","dano 46-48, poder mágico 92, velocidade de ataque 30","força 52, agilidade 16","Dragon Soul Staff é um item da família arma, catalogado em Cajados. A configuração atual registra dano 46-48, poder mágico 92, velocidade de ataque 30. Requisitos: força 52, agilidade 16. Uso permitido: Dark Wizard (segunda classe). Ocupa 1x4 espaço(s) no inventário e pode participar das tabelas de drop.","Somente cosmético ou progressão controlada","Recomendado","Equipamento deve circular prioritariamente entre jogadores; venda direta exige limites de nível e opções."
"2570","5-10","Divine Staff of Archangel","Cajados","Arma","Dark Wizard (classe inicial); Magic Gladiator (classe inicial)","104","dano 153-165, poder mágico 156, velocidade de ataque 30","força 36, agilidade 4","Divine Staff of Archangel é um item da família arma, catalogado em Cajados. A configuração atual registra dano 153-165, poder mágico 156, velocidade de ataque 30. Requisitos: força 36, agilidade 4. Uso permitido: Dark Wizard (classe inicial), Magic Gladiator (classe inicial). Ocupa 1x4 espaço(s) no inventário e pode participar das tabelas de drop.","Somente cosmético ou progressão controlada","Recomendado","Equipamento deve circular prioritariamente entre jogadores; venda direta exige limites de nível e opções."
"2571","5-11","Staff of Kundun","Cajados","Arma","Dark Wizard (segunda classe); Magic Gladiator (classe inicial)","140","dano 55-61, poder mágico 110, velocidade de ataque 30","força 45, agilidade 16","Staff of Kundun é um item da família arma, catalogado em Cajados. A configuração atual registra dano 55-61, poder mágico 110, velocidade de ataque 30. Requisitos: força 45, agilidade 16. Uso permitido: Dark Wizard (segunda classe), Magic Gladiator (classe inicial). Ocupa 1x4 espaço(s) no inventário e pode participar das tabelas de drop.","Somente cosmético ou progressão controlada","Recomendado","Equipamento deve circular prioritariamente entre jogadores; venda direta exige limites de nível e opções."
"2572","5-12","Grand Viper Staff","Cajados","Arma","Dark Wizard (segunda classe)","147","dano 66-74, poder mágico 130, velocidade de ataque 30","nível 380, força 39, agilidade 13","Grand Viper Staff é um item da família arma, catalogado em Cajados. A configuração atual registra dano 66-74, poder mágico 130, velocidade de ataque 30. Requisitos: nível 380, força 39, agilidade 13. Uso permitido: Dark Wizard (segunda classe). Ocupa 1x4 espaço(s) no inventário e pode participar das tabelas de drop.","Somente cosmético ou progressão controlada","Recomendado","Equipamento deve circular prioritariamente entre jogadores; venda direta exige limites de nível e opções."
"2573","5-13","Platina Staff","Cajados","Arma","Dark Wizard (segunda classe)","110","dano 51-53, poder mágico 120, velocidade de ataque 30","força 50, agilidade 16","Platina Staff é um item da família arma, catalogado em Cajados. A configuração atual registra dano 51-53, poder mágico 120, velocidade de ataque 30. Requisitos: força 50, agilidade 16. Uso permitido: Dark Wizard (segunda classe). Ocupa 1x4 espaço(s) no inventário e pode participar das tabelas de drop.","Somente cosmético ou progressão controlada","Recomendado","Equipamento deve circular prioritariamente entre jogadores; venda direta exige limites de nível e opções."
"2574","5-14","Mystery Stick","Cajados","Arma","Summoner (classe inicial)","28","dano 17-18, poder mágico 34, velocidade de ataque 25","força 34, agilidade 14","Mystery Stick é um item da família arma, catalogado em Cajados. A configuração atual registra dano 17-18, poder mágico 34, velocidade de ataque 25. Requisitos: força 34, agilidade 14. Uso permitido: Summoner (classe inicial). Ocupa 1x4 espaço(s) no inventário e pode participar das tabelas de drop.","Somente cosmético ou progressão controlada","Recomendado","Equipamento deve circular prioritariamente entre jogadores; venda direta exige limites de nível e opções."
"2575","5-15","Violent Wind Stick","Cajados","Arma","Summoner (classe inicial)","42","dano 23-25, poder mágico 46, velocidade de ataque 25","força 33, agilidade 17","Violent Wind Stick é um item da família arma, catalogado em Cajados. A configuração atual registra dano 23-25, poder mágico 46, velocidade de ataque 25. Requisitos: força 33, agilidade 17. Uso permitido: Summoner (classe inicial). Ocupa 1x4 espaço(s) no inventário e pode participar das tabelas de drop.","Somente cosmético ou progressão controlada","Recomendado","Equipamento deve circular prioritariamente entre jogadores; venda direta exige limites de nível e opções."
"2576","5-16","Red Wing Stick","Cajados","Arma","Summoner (classe inicial)","59","dano 29-31, poder mágico 59, velocidade de ataque 25","força 36, agilidade 14","Red Wing Stick é um item da família arma, catalogado em Cajados. A configuração atual registra dano 29-31, poder mágico 59, velocidade de ataque 25. Requisitos: força 36, agilidade 14. Uso permitido: Summoner (classe inicial). Ocupa 1x4 espaço(s) no inventário e pode participar das tabelas de drop.","Somente cosmético ou progressão controlada","Recomendado","Equipamento deve circular prioritariamente entre jogadores; venda direta exige limites de nível e opções."
"2577","5-17","Ancient Stick","Cajados","Arma","Summoner (classe inicial)","78","dano 38-40, poder mágico 76, velocidade de ataque 25","força 50, agilidade 19","Ancient Stick é um item da família arma, catalogado em Cajados. A configuração atual registra dano 38-40, poder mágico 76, velocidade de ataque 25. Requisitos: força 50, agilidade 19. Uso permitido: Summoner (classe inicial). Ocupa 1x4 espaço(s) no inventário e pode participar das tabelas de drop.","Somente cosmético ou progressão controlada","Recomendado","Equipamento deve circular prioritariamente entre jogadores; venda direta exige limites de nível e opções."
"2578","5-18","Demonic Stick","Cajados","Arma","Summoner (segunda classe)","100","dano 46-48, poder mágico 92, velocidade de ataque 30","força 54, agilidade 15","Demonic Stick é um item da família arma, catalogado em Cajados. A configuração atual registra dano 46-48, poder mágico 92, velocidade de ataque 30. Requisitos: força 54, agilidade 15. Uso permitido: Summoner (segunda classe). Ocupa 1x4 espaço(s) no inventário e pode participar das tabelas de drop.","Somente cosmético ou progressão controlada","Recomendado","Equipamento deve circular prioritariamente entre jogadores; venda direta exige limites de nível e opções."
"2579","5-19","Storm Blitz Stick","Cajados","Arma","Summoner (segunda classe)","110","dano 51-53, poder mágico 110, velocidade de ataque 30","nível 380, força 64, agilidade 15","Storm Blitz Stick é um item da família arma, catalogado em Cajados. A configuração atual registra dano 51-53, poder mágico 110, velocidade de ataque 30. Requisitos: nível 380, força 64, agilidade 15. Uso permitido: Summoner (segunda classe). Ocupa 1x4 espaço(s) no inventário e pode participar das tabelas de drop.","Somente cosmético ou progressão controlada","Recomendado","Equipamento deve circular prioritariamente entre jogadores; venda direta exige limites de nível e opções."
"2580","5-20","Eternal Wing Stick","Cajados","Arma","Summoner (segunda classe)","147","dano 66-74, poder mágico 106, velocidade de ataque 30","nível 380, força 57, agilidade 13","Eternal Wing Stick é um item da família arma, catalogado em Cajados. A configuração atual registra dano 66-74, poder mágico 106, velocidade de ataque 30. Requisitos: nível 380, força 57, agilidade 13. Uso permitido: Summoner (segunda classe). Ocupa 1x4 espaço(s) no inventário e pode participar das tabelas de drop.","Somente cosmético ou progressão controlada","Recomendado","Equipamento deve circular prioritariamente entre jogadores; venda direta exige limites de nível e opções."
"2581","5-21","Book of Samut","Cajados","Arma","Summoner (classe inicial)","52","poder mágico 46, velocidade de ataque 25","agilidade 20, energia 135","Book of Samut é um item da família arma, catalogado em Cajados. A configuração atual registra poder mágico 46, velocidade de ataque 25. Requisitos: agilidade 20, energia 135. Uso permitido: Summoner (classe inicial). Ocupa 1x2 espaço(s) no inventário e pode participar das tabelas de drop.","Somente cosmético ou progressão controlada","Recomendado","Equipamento deve circular prioritariamente entre jogadores; venda direta exige limites de nível e opções."
"2582","5-22","Book of Neil","Cajados","Arma","Summoner (classe inicial)","59","poder mágico 59, velocidade de ataque 25","agilidade 25, energia 168","Book of Neil é um item da família arma, catalogado em Cajados. A configuração atual registra poder mágico 59, velocidade de ataque 25. Requisitos: agilidade 25, energia 168. Uso permitido: Summoner (classe inicial). Ocupa 1x2 espaço(s) no inventário e pode participar das tabelas de drop.","Somente cosmético ou progressão controlada","Recomendado","Equipamento deve circular prioritariamente entre jogadores; venda direta exige limites de nível e opções."
"2583","5-23","Book of Lagle","Cajados","Arma","Summoner (classe inicial)","65","poder mágico 72, velocidade de ataque 25","agilidade 30, energia 201","Book of Lagle é um item da família arma, catalogado em Cajados. A configuração atual registra poder mágico 72, velocidade de ataque 25. Requisitos: agilidade 30, energia 201. Uso permitido: Summoner (classe inicial). Ocupa 1x2 espaço(s) no inventário e pode participar das tabelas de drop.","Somente cosmético ou progressão controlada","Recomendado","Equipamento deve circular prioritariamente entre jogadores; venda direta exige limites de nível e opções."
"2590","5-30","Deadly Staff","Cajados","Arma","Magic Gladiator (classe inicial)","138","dano 57-59, poder mágico 126, velocidade de ataque 30","nível 380, força 47, agilidade 18","Deadly Staff é um item da família arma, catalogado em Cajados. A configuração atual registra dano 57-59, poder mágico 126, velocidade de ataque 30. Requisitos: nível 380, força 47, agilidade 18. Uso permitido: Magic Gladiator (classe inicial). Ocupa 1x4 espaço(s) no inventário e pode participar das tabelas de drop.","Somente cosmético ou progressão controlada","Recomendado","Equipamento deve circular prioritariamente entre jogadores; venda direta exige limites de nível e opções."
"2591","5-31","Inberial Staff","Cajados","Arma","Dark Wizard (segunda classe)","137","dano 57-61, poder mágico 124, velocidade de ataque 30","nível 380, força 48, agilidade 14","Inberial Staff é um item da família arma, catalogado em Cajados. A configuração atual registra dano 57-61, poder mágico 124, velocidade de ataque 30. Requisitos: nível 380, força 48, agilidade 14. Uso permitido: Dark Wizard (segunda classe). Ocupa 1x4 espaço(s) no inventário e pode participar das tabelas de drop.","Somente cosmético ou progressão controlada","Recomendado","Equipamento deve circular prioritariamente entre jogadores; venda direta exige limites de nível e opções."
"2593","5-33","Chromatic Staff","Cajados","Arma","Dark Wizard (segunda classe); Magic Gladiator (classe inicial)","147","dano 55-57, poder mágico 124, velocidade de ataque 30","força 50, agilidade 12","Chromatic Staff é um item da família arma, catalogado em Cajados. A configuração atual registra dano 55-57, poder mágico 124, velocidade de ataque 30. Requisitos: força 50, agilidade 12. Uso permitido: Dark Wizard (segunda classe), Magic Gladiator (classe inicial). Ocupa 1x4 espaço(s) no inventário e pode participar das tabelas de drop.","Somente cosmético ou progressão controlada","Recomendado","Equipamento deve circular prioritariamente entre jogadores; venda direta exige limites de nível e opções."
"2594","5-34","Raven Stick","Cajados","Arma","Summoner (segunda classe)","147","dano 70-78, poder mágico 130, velocidade de ataque 30","força 50, agilidade 14","Raven Stick é um item da família arma, catalogado em Cajados. A configuração atual registra dano 70-78, poder mágico 130, velocidade de ataque 30. Requisitos: força 50, agilidade 14. Uso permitido: Summoner (segunda classe). Ocupa 1x4 espaço(s) no inventário e pode participar das tabelas de drop.","Somente cosmético ou progressão controlada","Recomendado","Equipamento deve circular prioritariamente entre jogadores; venda direta exige limites de nível e opções."
"2596","5-36","Divine Stick of the Archangel","Cajados","Arma","Summoner (classe inicial)","104","dano 153-165, poder mágico 146, velocidade de ataque 30","força 55, agilidade 13","Divine Stick of the Archangel é um item da família arma, catalogado em Cajados. A configuração atual registra dano 153-165, poder mágico 146, velocidade de ataque 30. Requisitos: força 55, agilidade 13. Uso permitido: Summoner (classe inicial). Ocupa 1x4 espaço(s) no inventário e pode participar das tabelas de drop.","Somente cosmético ou progressão controlada","Recomendado","Equipamento deve circular prioritariamente entre jogadores; venda direta exige limites de nível e opções."
"2660","5-100","BloodMoon Staff","Cajados","Arma","Dark Wizard (segunda classe)","137","dano 57-61, poder mágico 124, velocidade de ataque 30","nível 380, força 48, agilidade 14","BloodMoon Staff é um item da família arma, catalogado em Cajados. A configuração atual registra dano 57-61, poder mágico 124, velocidade de ataque 30. Requisitos: nível 380, força 48, agilidade 14. Uso permitido: Dark Wizard (segunda classe). Ocupa 1x4 espaço(s) no inventário e pode participar das tabelas de drop.","Somente cosmético ou progressão controlada","Recomendado","Equipamento deve circular prioritariamente entre jogadores; venda direta exige limites de nível e opções."
"3072","6-0","Small Shield","Escudos","Escudo","Dark Wizard (classe inicial); Dark Knight (classe inicial); Fairy Elf (classe inicial); Magic Gladiator (classe inicial); Dark Lord (classe inicial)","3","defesa 1, bloqueio bem-sucedido 3, durabilidade 22","força 70","Small Shield é um item da família escudo, catalogado em Escudos. A configuração atual registra defesa 1, bloqueio bem-sucedido 3, durabilidade 22. Requisitos: força 70. Uso permitido: Dark Wizard (classe inicial), Dark Knight (classe inicial), Fairy Elf (classe inicial), Magic Gladiator (classe inicial), Dark Lord (classe inicial). Ocupa 2x2 espaço(s) no inventário e pode participar das tabelas de drop.","Somente cosmético ou progressão controlada","Recomendado","Equipamento deve circular prioritariamente entre jogadores; venda direta exige limites de nível e opções."
"3073","6-1","Horn Shield","Escudos","Escudo","Dark Knight (classe inicial); Magic Gladiator (classe inicial); Dark Lord (classe inicial)","9","defesa 3, bloqueio bem-sucedido 9, durabilidade 28","força 100","Horn Shield é um item da família escudo, catalogado em Escudos. A configuração atual registra defesa 3, bloqueio bem-sucedido 9, durabilidade 28. Requisitos: força 100. Uso permitido: Dark Knight (classe inicial), Magic Gladiator (classe inicial), Dark Lord (classe inicial). Ocupa 2x2 espaço(s) no inventário e pode participar das tabelas de drop.","Somente cosmético ou progressão controlada","Recomendado","Equipamento deve circular prioritariamente entre jogadores; venda direta exige limites de nível e opções."
"3074","6-2","Kite Shield","Escudos","Escudo","Dark Knight (classe inicial); Magic Gladiator (classe inicial); Dark Lord (classe inicial)","12","defesa 4, bloqueio bem-sucedido 12, durabilidade 32","força 110","Kite Shield é um item da família escudo, catalogado em Escudos. A configuração atual registra defesa 4, bloqueio bem-sucedido 12, durabilidade 32. Requisitos: força 110. Uso permitido: Dark Knight (classe inicial), Magic Gladiator (classe inicial), Dark Lord (classe inicial). Ocupa 2x2 espaço(s) no inventário e pode participar das tabelas de drop.","Somente cosmético ou progressão controlada","Recomendado","Equipamento deve circular prioritariamente entre jogadores; venda direta exige limites de nível e opções."
"3075","6-3","Elven Shield","Escudos","Escudo","Fairy Elf (classe inicial)","21","defesa 8, bloqueio bem-sucedido 21, durabilidade 36","força 30, agilidade 100","Elven Shield é um item da família escudo, catalogado em Escudos. A configuração atual registra defesa 8, bloqueio bem-sucedido 21, durabilidade 36. Requisitos: força 30, agilidade 100. Uso permitido: Fairy Elf (classe inicial). Ocupa 2x2 espaço(s) no inventário e pode participar das tabelas de drop.","Somente cosmético ou progressão controlada","Recomendado","Equipamento deve circular prioritariamente entre jogadores; venda direta exige limites de nível e opções."
"3076","6-4","Buckler","Escudos","Escudo","Dark Wizard (classe inicial); Dark Knight (classe inicial); Fairy Elf (classe inicial); Magic Gladiator (classe inicial); Dark Lord (classe inicial)","6","defesa 2, bloqueio bem-sucedido 6, durabilidade 24","força 80","Buckler é um item da família escudo, catalogado em Escudos. A configuração atual registra defesa 2, bloqueio bem-sucedido 6, durabilidade 24. Requisitos: força 80. Uso permitido: Dark Wizard (classe inicial), Dark Knight (classe inicial), Fairy Elf (classe inicial), Magic Gladiator (classe inicial), Dark Lord (classe inicial). Ocupa 2x2 espaço(s) no inventário e pode participar das tabelas de drop.","Somente cosmético ou progressão controlada","Recomendado","Equipamento deve circular prioritariamente entre jogadores; venda direta exige limites de nível e opções."
"3077","6-5","Dragon Slayer Shield","Escudos","Escudo","Dark Knight (classe inicial); Magic Gladiator (classe inicial); Dark Lord (classe inicial)","35","defesa 10, bloqueio bem-sucedido 36, durabilidade 44","força 100, agilidade 40","Dragon Slayer Shield é um item da família escudo, catalogado em Escudos. A configuração atual registra defesa 10, bloqueio bem-sucedido 36, durabilidade 44. Requisitos: força 100, agilidade 40. Uso permitido: Dark Knight (classe inicial), Magic Gladiator (classe inicial), Dark Lord (classe inicial). Ocupa 2x2 espaço(s) no inventário e pode participar das tabelas de drop.","Somente cosmético ou progressão controlada","Recomendado","Equipamento deve circular prioritariamente entre jogadores; venda direta exige limites de nível e opções."
"3078","6-6","Skull Shield","Escudos","Escudo","Dark Wizard (classe inicial); Dark Knight (classe inicial); Fairy Elf (classe inicial); Magic Gladiator (classe inicial); Dark Lord (classe inicial)","15","defesa 5, bloqueio bem-sucedido 15, durabilidade 34","força 110","Skull Shield é um item da família escudo, catalogado em Escudos. A configuração atual registra defesa 5, bloqueio bem-sucedido 15, durabilidade 34. Requisitos: força 110. Uso permitido: Dark Wizard (classe inicial), Dark Knight (classe inicial), Fairy Elf (classe inicial), Magic Gladiator (classe inicial), Dark Lord (classe inicial). Ocupa 2x2 espaço(s) no inventário e pode participar das tabelas de drop.","Somente cosmético ou progressão controlada","Recomendado","Equipamento deve circular prioritariamente entre jogadores; venda direta exige limites de nível e opções."
"3079","6-7","Spiked Shield","Escudos","Escudo","Dark Knight (classe inicial); Magic Gladiator (classe inicial); Dark Lord (classe inicial)","30","defesa 9, bloqueio bem-sucedido 30, durabilidade 40","força 130","Spiked Shield é um item da família escudo, catalogado em Escudos. A configuração atual registra defesa 9, bloqueio bem-sucedido 30, durabilidade 40. Requisitos: força 130. Uso permitido: Dark Knight (classe inicial), Magic Gladiator (classe inicial), Dark Lord (classe inicial). Ocupa 2x2 espaço(s) no inventário e pode participar das tabelas de drop.","Somente cosmético ou progressão controlada","Recomendado","Equipamento deve circular prioritariamente entre jogadores; venda direta exige limites de nível e opções."
"3080","6-8","Tower Shield","Escudos","Escudo","Dark Knight (classe inicial); Fairy Elf (classe inicial); Magic Gladiator (classe inicial); Dark Lord (classe inicial)","40","defesa 11, bloqueio bem-sucedido 40, durabilidade 46","força 130","Tower Shield é um item da família escudo, catalogado em Escudos. A configuração atual registra defesa 11, bloqueio bem-sucedido 40, durabilidade 46. Requisitos: força 130. Uso permitido: Dark Knight (classe inicial), Fairy Elf (classe inicial), Magic Gladiator (classe inicial), Dark Lord (classe inicial). Ocupa 2x2 espaço(s) no inventário e pode participar das tabelas de drop.","Somente cosmético ou progressão controlada","Recomendado","Equipamento deve circular prioritariamente entre jogadores; venda direta exige limites de nível e opções."
"3081","6-9","Plate Shield","Escudos","Escudo","Dark Knight (classe inicial); Magic Gladiator (classe inicial); Dark Lord (classe inicial)","25","defesa 8, bloqueio bem-sucedido 25, durabilidade 38","força 120","Plate Shield é um item da família escudo, catalogado em Escudos. A configuração atual registra defesa 8, bloqueio bem-sucedido 25, durabilidade 38. Requisitos: força 120. Uso permitido: Dark Knight (classe inicial), Magic Gladiator (classe inicial), Dark Lord (classe inicial). Ocupa 2x2 espaço(s) no inventário e pode participar das tabelas de drop.","Somente cosmético ou progressão controlada","Recomendado","Equipamento deve circular prioritariamente entre jogadores; venda direta exige limites de nível e opções."
"3082","6-10","Large Round Shield","Escudos","Escudo","Dark Knight (classe inicial); Magic Gladiator (classe inicial); Dark Lord (classe inicial)","18","defesa 6, bloqueio bem-sucedido 18, durabilidade 35","força 120","Large Round Shield é um item da família escudo, catalogado em Escudos. A configuração atual registra defesa 6, bloqueio bem-sucedido 18, durabilidade 35. Requisitos: força 120. Uso permitido: Dark Knight (classe inicial), Magic Gladiator (classe inicial), Dark Lord (classe inicial). Ocupa 2x2 espaço(s) no inventário e pode participar das tabelas de drop.","Somente cosmético ou progressão controlada","Recomendado","Equipamento deve circular prioritariamente entre jogadores; venda direta exige limites de nível e opções."
"3083","6-11","Serpent Shield","Escudos","Escudo","Dark Knight (classe inicial); Fairy Elf (classe inicial); Magic Gladiator (classe inicial); Dark Lord (classe inicial)","45","defesa 12, bloqueio bem-sucedido 45, durabilidade 48","força 130","Serpent Shield é um item da família escudo, catalogado em Escudos. A configuração atual registra defesa 12, bloqueio bem-sucedido 45, durabilidade 48. Requisitos: força 130. Uso permitido: Dark Knight (classe inicial), Fairy Elf (classe inicial), Magic Gladiator (classe inicial), Dark Lord (classe inicial). Ocupa 2x2 espaço(s) no inventário e pode participar das tabelas de drop.","Somente cosmético ou progressão controlada","Recomendado","Equipamento deve circular prioritariamente entre jogadores; venda direta exige limites de nível e opções."
"3084","6-12","Bronze Shield","Escudos","Escudo","Dark Knight (classe inicial); Magic Gladiator (classe inicial)","54","defesa 13, bloqueio bem-sucedido 54, durabilidade 52","força 140","Bronze Shield é um item da família escudo, catalogado em Escudos. A configuração atual registra defesa 13, bloqueio bem-sucedido 54, durabilidade 52. Requisitos: força 140. Uso permitido: Dark Knight (classe inicial), Magic Gladiator (classe inicial). Ocupa 2x2 espaço(s) no inventário e pode participar das tabelas de drop.","Somente cosmético ou progressão controlada","Recomendado","Equipamento deve circular prioritariamente entre jogadores; venda direta exige limites de nível e opções."
"3085","6-13","Dragon Shield","Escudos","Escudo","Dark Knight (classe inicial); Magic Gladiator (classe inicial)","60","defesa 14, bloqueio bem-sucedido 60, durabilidade 60","força 120, agilidade 40","Dragon Shield é um item da família escudo, catalogado em Escudos. A configuração atual registra defesa 14, bloqueio bem-sucedido 60, durabilidade 60. Requisitos: força 120, agilidade 40. Uso permitido: Dark Knight (classe inicial), Magic Gladiator (classe inicial). Ocupa 2x2 espaço(s) no inventário e pode participar das tabelas de drop.","Somente cosmético ou progressão controlada","Recomendado","Equipamento deve circular prioritariamente entre jogadores; venda direta exige limites de nível e opções."
"3086","6-14","Legendary Shield","Escudos","Escudo","Dark Wizard (classe inicial); Fairy Elf (classe inicial); Magic Gladiator (classe inicial)","48","defesa 7, bloqueio bem-sucedido 48, durabilidade 50","força 90, agilidade 25","Legendary Shield é um item da família escudo, catalogado em Escudos. A configuração atual registra defesa 7, bloqueio bem-sucedido 48, durabilidade 50. Requisitos: força 90, agilidade 25. Uso permitido: Dark Wizard (classe inicial), Fairy Elf (classe inicial), Magic Gladiator (classe inicial). Ocupa 2x3 espaço(s) no inventário e pode participar das tabelas de drop.","Somente cosmético ou progressão controlada","Recomendado","Equipamento deve circular prioritariamente entre jogadores; venda direta exige limites de nível e opções."
"3087","6-15","Grand Soul Shield","Escudos","Escudo","Dark Wizard (segunda classe)","74","defesa 12, bloqueio bem-sucedido 55, durabilidade 55","força 70, agilidade 23","Grand Soul Shield é um item da família escudo, catalogado em Escudos. A configuração atual registra defesa 12, bloqueio bem-sucedido 55, durabilidade 55. Requisitos: força 70, agilidade 23. Uso permitido: Dark Wizard (segunda classe). Ocupa 2x3 espaço(s) no inventário e pode participar das tabelas de drop.","Somente cosmético ou progressão controlada","Recomendado","Equipamento deve circular prioritariamente entre jogadores; venda direta exige limites de nível e opções."
"3088","6-16","Elemental Shield","Escudos","Escudo","Fairy Elf (segunda classe)","66","defesa 11, bloqueio bem-sucedido 28, durabilidade 51","força 30, agilidade 60, energia 30","Elemental Shield é um item da família escudo, catalogado em Escudos. A configuração atual registra defesa 11, bloqueio bem-sucedido 28, durabilidade 51. Requisitos: força 30, agilidade 60, energia 30. Uso permitido: Fairy Elf (segunda classe). Ocupa 2x2 espaço(s) no inventário e pode participar das tabelas de drop.","Somente cosmético ou progressão controlada","Recomendado","Equipamento deve circular prioritariamente entre jogadores; venda direta exige limites de nível e opções."
"3089","6-17","Crimson Glory","Escudos","Escudo","Dark Knight (segunda classe)","104","defesa 19, bloqueio bem-sucedido 90, durabilidade 51","nível 380, força 95, agilidade 48","Crimson Glory é um item da família escudo, catalogado em Escudos. A configuração atual registra defesa 19, bloqueio bem-sucedido 90, durabilidade 51. Requisitos: nível 380, força 95, agilidade 48. Uso permitido: Dark Knight (segunda classe). Ocupa 2x2 espaço(s) no inventário e pode participar das tabelas de drop.","Somente cosmético ou progressão controlada","Recomendado","Equipamento deve circular prioritariamente entre jogadores; venda direta exige limites de nível e opções."
"3090","6-18","Salamander Shield","Escudos","Escudo","Magic Gladiator (classe inicial)","102","defesa 20, bloqueio bem-sucedido 96, durabilidade 51","nível 380, força 80, agilidade 61","Salamander Shield é um item da família escudo, catalogado em Escudos. A configuração atual registra defesa 20, bloqueio bem-sucedido 96, durabilidade 51. Requisitos: nível 380, força 80, agilidade 61. Uso permitido: Magic Gladiator (classe inicial). Ocupa 2x2 espaço(s) no inventário e pode participar das tabelas de drop.","Somente cosmético ou progressão controlada","Recomendado","Equipamento deve circular prioritariamente entre jogadores; venda direta exige limites de nível e opções."
"3091","6-19","Frost Barrier","Escudos","Escudo","Fairy Elf (segunda classe)","99","defesa 14, bloqueio bem-sucedido 58, durabilidade 51","nível 380, força 26, agilidade 53, energia 26","Frost Barrier é um item da família escudo, catalogado em Escudos. A configuração atual registra defesa 14, bloqueio bem-sucedido 58, durabilidade 51. Requisitos: nível 380, força 26, agilidade 53, energia 26. Uso permitido: Fairy Elf (segunda classe). Ocupa 2x2 espaço(s) no inventário e pode participar das tabelas de drop.","Somente cosmético ou progressão controlada","Recomendado","Equipamento deve circular prioritariamente entre jogadores; venda direta exige limites de nível e opções."
"3092","6-20","Guardian Shield","Escudos","Escudo","Dark Wizard (segunda classe)","106","defesa 12, bloqueio bem-sucedido 30, durabilidade 51","nível 380, força 54, agilidade 18","Guardian Shield é um item da família escudo, catalogado em Escudos. A configuração atual registra defesa 12, bloqueio bem-sucedido 30, durabilidade 51. Requisitos: nível 380, força 54, agilidade 18. Uso permitido: Dark Wizard (segunda classe). Ocupa 2x2 espaço(s) no inventário e pode participar das tabelas de drop.","Somente cosmético ou progressão controlada","Recomendado","Equipamento deve circular prioritariamente entre jogadores; venda direta exige limites de nível e opções."
"3093","6-21","Cross Shield","Escudos","Escudo","Dark Lord (classe inicial)","70","defesa 16, bloqueio bem-sucedido 75, durabilidade 65","força 140, agilidade 55","Cross Shield é um item da família escudo, catalogado em Escudos. A configuração atual registra defesa 16, bloqueio bem-sucedido 75, durabilidade 65. Requisitos: força 140, agilidade 55. Uso permitido: Dark Lord (classe inicial). Ocupa 2x2 espaço(s) no inventário e pode participar das tabelas de drop.","Somente cosmético ou progressão controlada","Recomendado","Equipamento deve circular prioritariamente entre jogadores; venda direta exige limites de nível e opções."
"3172","6-100","BloodMoon Shield","Escudos","Escudo","Dark Wizard (segunda classe); Dark Knight (segunda classe); Fairy Elf (segunda classe); Magic Gladiator (classe inicial); Dark Lord (classe inicial)","70","defesa 16, bloqueio bem-sucedido 75, durabilidade 65","força 140, agilidade 55","BloodMoon Shield é um item da família escudo, catalogado em Escudos. A configuração atual registra defesa 16, bloqueio bem-sucedido 75, durabilidade 65. Requisitos: força 140, agilidade 55. Uso permitido: Dark Wizard (segunda classe), Dark Knight (segunda classe), Fairy Elf (segunda classe), Magic Gladiator (classe inicial), Dark Lord (classe inicial). Ocupa 2x2 espaço(s) no inventário e pode participar das tabelas de drop.","Somente cosmético ou progressão controlada","Recomendado","Equipamento deve circular prioritariamente entre jogadores; venda direta exige limites de nível e opções."
"3584","7-0","Bronze Helm","Elmos","Armadura","Dark Knight (classe inicial); Dark Lord (classe inicial)","16","defesa 9, durabilidade 34","força 80, agilidade 20","Bronze Helm é um item da família armadura, catalogado em Elmos. A configuração atual registra defesa 9, durabilidade 34. Requisitos: força 80, agilidade 20. Uso permitido: Dark Knight (classe inicial), Dark Lord (classe inicial). Ocupa 2x2 espaço(s) no inventário e pode participar das tabelas de drop.","Somente cosmético ou progressão controlada","Recomendado","Equipamento deve circular prioritariamente entre jogadores; venda direta exige limites de nível e opções."
"3585","7-1","Dragon Helm","Elmos","Armadura","Dark Knight (classe inicial)","57","defesa 24, durabilidade 68","força 120, agilidade 30","Dragon Helm é um item da família armadura, catalogado em Elmos. A configuração atual registra defesa 24, durabilidade 68. Requisitos: força 120, agilidade 30. Uso permitido: Dark Knight (classe inicial). Ocupa 2x2 espaço(s) no inventário e pode participar das tabelas de drop.","Somente cosmético ou progressão controlada","Recomendado","Equipamento deve circular prioritariamente entre jogadores; venda direta exige limites de nível e opções."
"3586","7-2","Pad Helm","Elmos","Armadura","Dark Wizard (classe inicial)","5","defesa 4, durabilidade 28","força 20","Pad Helm é um item da família armadura, catalogado em Elmos. A configuração atual registra defesa 4, durabilidade 28. Requisitos: força 20. Uso permitido: Dark Wizard (classe inicial). Ocupa 2x2 espaço(s) no inventário e pode participar das tabelas de drop.","Somente cosmético ou progressão controlada","Recomendado","Equipamento deve circular prioritariamente entre jogadores; venda direta exige limites de nível e opções."
"3587","7-3","Legendary Helm","Elmos","Armadura","Dark Wizard (classe inicial)","50","defesa 18, durabilidade 42","força 30","Legendary Helm é um item da família armadura, catalogado em Elmos. A configuração atual registra defesa 18, durabilidade 42. Requisitos: força 30. Uso permitido: Dark Wizard (classe inicial). Ocupa 2x2 espaço(s) no inventário e pode participar das tabelas de drop.","Somente cosmético ou progressão controlada","Recomendado","Equipamento deve circular prioritariamente entre jogadores; venda direta exige limites de nível e opções."
"3588","7-4","Bone Helm","Elmos","Armadura","Dark Wizard (classe inicial)","18","defesa 9, durabilidade 30","força 30","Bone Helm é um item da família armadura, catalogado em Elmos. A configuração atual registra defesa 9, durabilidade 30. Requisitos: força 30. Uso permitido: Dark Wizard (classe inicial). Ocupa 2x2 espaço(s) no inventário e pode participar das tabelas de drop.","Somente cosmético ou progressão controlada","Recomendado","Equipamento deve circular prioritariamente entre jogadores; venda direta exige limites de nível e opções."
"3589","7-5","Leather Helm","Elmos","Armadura","Dark Knight (classe inicial); Dark Lord (classe inicial); Rage Fighter (classe inicial)","6","defesa 5, durabilidade 30","força 80","Leather Helm é um item da família armadura, catalogado em Elmos. A configuração atual registra defesa 5, durabilidade 30. Requisitos: força 80. Uso permitido: Dark Knight (classe inicial), Dark Lord (classe inicial), Rage Fighter (classe inicial). Ocupa 2x2 espaço(s) no inventário e pode participar das tabelas de drop.","Somente cosmético ou progressão controlada","Recomendado","Equipamento deve circular prioritariamente entre jogadores; venda direta exige limites de nível e opções."
"3590","7-6","Scale Helm","Elmos","Armadura","Dark Knight (classe inicial); Dark Lord (classe inicial); Rage Fighter (classe inicial)","26","defesa 12, durabilidade 40","força 110","Scale Helm é um item da família armadura, catalogado em Elmos. A configuração atual registra defesa 12, durabilidade 40. Requisitos: força 110. Uso permitido: Dark Knight (classe inicial), Dark Lord (classe inicial), Rage Fighter (classe inicial). Ocupa 2x2 espaço(s) no inventário e pode participar das tabelas de drop.","Somente cosmético ou progressão controlada","Recomendado","Equipamento deve circular prioritariamente entre jogadores; venda direta exige limites de nível e opções."
"3591","7-7","Sphinx Mask","Elmos","Armadura","Dark Wizard (classe inicial)","32","defesa 13, durabilidade 36","força 30","Sphinx Mask é um item da família armadura, catalogado em Elmos. A configuração atual registra defesa 13, durabilidade 36. Requisitos: força 30. Uso permitido: Dark Wizard (classe inicial). Ocupa 2x2 espaço(s) no inventário e pode participar das tabelas de drop.","Somente cosmético ou progressão controlada","Recomendado","Equipamento deve circular prioritariamente entre jogadores; venda direta exige limites de nível e opções."
"3592","7-8","Brass Helm","Elmos","Armadura","Dark Knight (classe inicial); Rage Fighter (classe inicial)","36","defesa 17, durabilidade 44","força 100, agilidade 30","Brass Helm é um item da família armadura, catalogado em Elmos. A configuração atual registra defesa 17, durabilidade 44. Requisitos: força 100, agilidade 30. Uso permitido: Dark Knight (classe inicial), Rage Fighter (classe inicial). Ocupa 2x2 espaço(s) no inventário e pode participar das tabelas de drop.","Somente cosmético ou progressão controlada","Recomendado","Equipamento deve circular prioritariamente entre jogadores; venda direta exige limites de nível e opções."
"3593","7-9","Plate Helm","Elmos","Armadura","Dark Knight (classe inicial); Rage Fighter (classe inicial)","46","defesa 20, durabilidade 50","força 130","Plate Helm é um item da família armadura, catalogado em Elmos. A configuração atual registra defesa 20, durabilidade 50. Requisitos: força 130. Uso permitido: Dark Knight (classe inicial), Rage Fighter (classe inicial). Ocupa 2x2 espaço(s) no inventário e pode participar das tabelas de drop.","Somente cosmético ou progressão controlada","Recomendado","Equipamento deve circular prioritariamente entre jogadores; venda direta exige limites de nível e opções."
"3594","7-10","Vine Helm","Elmos","Armadura","Fairy Elf (classe inicial)","6","defesa 4, durabilidade 22","força 30, agilidade 60","Vine Helm é um item da família armadura, catalogado em Elmos. A configuração atual registra defesa 4, durabilidade 22. Requisitos: força 30, agilidade 60. Uso permitido: Fairy Elf (classe inicial). Ocupa 2x2 espaço(s) no inventário e pode participar das tabelas de drop.","Somente cosmético ou progressão controlada","Recomendado","Equipamento deve circular prioritariamente entre jogadores; venda direta exige limites de nível e opções."
"3595","7-11","Silk Helm","Elmos","Armadura","Fairy Elf (classe inicial)","16","defesa 8, durabilidade 26","força 30, agilidade 70","Silk Helm é um item da família armadura, catalogado em Elmos. A configuração atual registra defesa 8, durabilidade 26. Requisitos: força 30, agilidade 70. Uso permitido: Fairy Elf (classe inicial). Ocupa 2x2 espaço(s) no inventário e pode participar das tabelas de drop.","Somente cosmético ou progressão controlada","Recomendado","Equipamento deve circular prioritariamente entre jogadores; venda direta exige limites de nível e opções."
"3596","7-12","Wind Helm","Elmos","Armadura","Fairy Elf (classe inicial)","28","defesa 12, durabilidade 32","força 30, agilidade 80","Wind Helm é um item da família armadura, catalogado em Elmos. A configuração atual registra defesa 12, durabilidade 32. Requisitos: força 30, agilidade 80. Uso permitido: Fairy Elf (classe inicial). Ocupa 2x2 espaço(s) no inventário e pode participar das tabelas de drop.","Somente cosmético ou progressão controlada","Recomendado","Equipamento deve circular prioritariamente entre jogadores; venda direta exige limites de nível e opções."
"3597","7-13","Spirit Helm","Elmos","Armadura","Fairy Elf (classe inicial)","40","defesa 16, durabilidade 38","força 40, agilidade 80","Spirit Helm é um item da família armadura, catalogado em Elmos. A configuração atual registra defesa 16, durabilidade 38. Requisitos: força 40, agilidade 80. Uso permitido: Fairy Elf (classe inicial). Ocupa 2x2 espaço(s) no inventário e pode participar das tabelas de drop.","Somente cosmético ou progressão controlada","Recomendado","Equipamento deve circular prioritariamente entre jogadores; venda direta exige limites de nível e opções."
"3598","7-14","Guardian Helm","Elmos","Armadura","Fairy Elf (classe inicial)","53","defesa 23, durabilidade 45","força 40, agilidade 80","Guardian Helm é um item da família armadura, catalogado em Elmos. A configuração atual registra defesa 23, durabilidade 45. Requisitos: força 40, agilidade 80. Uso permitido: Fairy Elf (classe inicial). Ocupa 2x2 espaço(s) no inventário e pode participar das tabelas de drop.","Somente cosmético ou progressão controlada","Recomendado","Equipamento deve circular prioritariamente entre jogadores; venda direta exige limites de nível e opções."
"3600","7-16","Black Dragon Helm","Elmos","Armadura","Dark Knight (classe inicial)","82","defesa 30, durabilidade 74","força 170, agilidade 60","Black Dragon Helm é um item da família armadura, catalogado em Elmos. A configuração atual registra defesa 30, durabilidade 74. Requisitos: força 170, agilidade 60. Uso permitido: Dark Knight (classe inicial). Ocupa 2x2 espaço(s) no inventário e pode participar das tabelas de drop.","Somente cosmético ou progressão controlada","Recomendado","Equipamento deve circular prioritariamente entre jogadores; venda direta exige limites de nível e opções."
"3601","7-17","Dark Phoenix Helm","Elmos","Armadura","Dark Knight (segunda classe)","92","defesa 43, durabilidade 80","força 205, agilidade 62","Dark Phoenix Helm é um item da família armadura, catalogado em Elmos. A configuração atual registra defesa 43, durabilidade 80. Requisitos: força 205, agilidade 62. Uso permitido: Dark Knight (segunda classe). Ocupa 2x2 espaço(s) no inventário e pode participar das tabelas de drop.","Somente cosmético ou progressão controlada","Recomendado","Equipamento deve circular prioritariamente entre jogadores; venda direta exige limites de nível e opções."
"3602","7-18","Grand Soul Helm","Elmos","Armadura","Dark Wizard (segunda classe)","81","defesa 27, durabilidade 67","força 59, agilidade 20","Grand Soul Helm é um item da família armadura, catalogado em Elmos. A configuração atual registra defesa 27, durabilidade 67. Requisitos: força 59, agilidade 20. Uso permitido: Dark Wizard (segunda classe). Ocupa 2x2 espaço(s) no inventário e pode participar das tabelas de drop.","Somente cosmético ou progressão controlada","Recomendado","Equipamento deve circular prioritariamente entre jogadores; venda direta exige limites de nível e opções."
"3603","7-19","Divine Helm","Elmos","Armadura","Fairy Elf (segunda classe)","85","defesa 37, durabilidade 74","força 50, agilidade 110","Divine Helm é um item da família armadura, catalogado em Elmos. A configuração atual registra defesa 37, durabilidade 74. Requisitos: força 50, agilidade 110. Uso permitido: Fairy Elf (segunda classe). Ocupa 2x2 espaço(s) no inventário e pode participar das tabelas de drop.","Somente cosmético ou progressão controlada","Recomendado","Equipamento deve circular prioritariamente entre jogadores; venda direta exige limites de nível e opções."
"3605","7-21","Great Dragon Helm","Elmos","Armadura","Dark Knight (segunda classe)","104","defesa 53, durabilidade 86","força 200, agilidade 58","Great Dragon Helm é um item da família armadura, catalogado em Elmos. A configuração atual registra defesa 53, durabilidade 86. Requisitos: força 200, agilidade 58. Uso permitido: Dark Knight (segunda classe). Ocupa 2x2 espaço(s) no inventário e pode participar das tabelas de drop.","Somente cosmético ou progressão controlada","Recomendado","Equipamento deve circular prioritariamente entre jogadores; venda direta exige limites de nível e opções."
"3606","7-22","Dark Soul Helm","Elmos","Armadura","Dark Wizard (segunda classe)","110","defesa 36, durabilidade 75","força 55, agilidade 18","Dark Soul Helm é um item da família armadura, catalogado em Elmos. A configuração atual registra defesa 36, durabilidade 75. Requisitos: força 55, agilidade 18. Uso permitido: Dark Wizard (segunda classe). Ocupa 2x2 espaço(s) no inventário e pode participar das tabelas de drop.","Somente cosmético ou progressão controlada","Recomendado","Equipamento deve circular prioritariamente entre jogadores; venda direta exige limites de nível e opções."
"3608","7-24","Red Spirit Helm","Elmos","Armadura","Fairy Elf (segunda classe)","93","defesa 46, durabilidade 80","força 52, agilidade 115","Red Spirit Helm é um item da família armadura, catalogado em Elmos. A configuração atual registra defesa 46, durabilidade 80. Requisitos: força 52, agilidade 115. Uso permitido: Fairy Elf (segunda classe). Ocupa 2x2 espaço(s) no inventário e pode participar das tabelas de drop.","Somente cosmético ou progressão controlada","Recomendado","Equipamento deve circular prioritariamente entre jogadores; venda direta exige limites de nível e opções."
"3609","7-25","Light Plate Mask","Elmos","Armadura","Dark Lord (classe inicial)","46","defesa 20, durabilidade 42","força 70, agilidade 20","Light Plate Mask é um item da família armadura, catalogado em Elmos. A configuração atual registra defesa 20, durabilidade 42. Requisitos: força 70, agilidade 20. Uso permitido: Dark Lord (classe inicial). Ocupa 2x2 espaço(s) no inventário e pode participar das tabelas de drop.","Somente cosmético ou progressão controlada","Recomendado","Equipamento deve circular prioritariamente entre jogadores; venda direta exige limites de nível e opções."
"3610","7-26","Adamantine Mask","Elmos","Armadura","Dark Lord (classe inicial)","66","defesa 24, durabilidade 56","força 77, agilidade 21","Adamantine Mask é um item da família armadura, catalogado em Elmos. A configuração atual registra defesa 24, durabilidade 56. Requisitos: força 77, agilidade 21. Uso permitido: Dark Lord (classe inicial). Ocupa 2x2 espaço(s) no inventário e pode participar das tabelas de drop.","Somente cosmético ou progressão controlada","Recomendado","Equipamento deve circular prioritariamente entre jogadores; venda direta exige limites de nível e opções."
"3611","7-27","Dark Steel Mask","Elmos","Armadura","Dark Lord (classe inicial)","86","defesa 26, durabilidade 70","força 84, agilidade 22","Dark Steel Mask é um item da família armadura, catalogado em Elmos. A configuração atual registra defesa 26, durabilidade 70. Requisitos: força 84, agilidade 22. Uso permitido: Dark Lord (classe inicial). Ocupa 2x2 espaço(s) no inventário e pode participar das tabelas de drop.","Somente cosmético ou progressão controlada","Recomendado","Equipamento deve circular prioritariamente entre jogadores; venda direta exige limites de nível e opções."
"3612","7-28","Dark Master Mask","Elmos","Armadura","Dark Lord (classe inicial)","106","defesa 34, durabilidade 78","força 80, agilidade 21","Dark Master Mask é um item da família armadura, catalogado em Elmos. A configuração atual registra defesa 34, durabilidade 78. Requisitos: força 80, agilidade 21. Uso permitido: Dark Lord (classe inicial). Ocupa 2x2 espaço(s) no inventário e pode participar das tabelas de drop.","Somente cosmético ou progressão controlada","Recomendado","Equipamento deve circular prioritariamente entre jogadores; venda direta exige limites de nível e opções."
"3613","7-29","Dragon Knight Helm","Elmos","Armadura","Dark Knight (segunda classe)","130","defesa 66, durabilidade 90","nível 380, força 170, agilidade 60","Dragon Knight Helm é um item da família armadura, catalogado em Elmos. A configuração atual registra defesa 66, durabilidade 90. Requisitos: nível 380, força 170, agilidade 60. Uso permitido: Dark Knight (segunda classe). Ocupa 2x2 espaço(s) no inventário e pode participar das tabelas de drop.","Somente cosmético ou progressão controlada","Recomendado","Equipamento deve circular prioritariamente entre jogadores; venda direta exige limites de nível e opções."
"3614","7-30","Venom Mist Helm","Elmos","Armadura","Dark Wizard (segunda classe)","126","defesa 48, durabilidade 86","nível 380, força 44, agilidade 15","Venom Mist Helm é um item da família armadura, catalogado em Elmos. A configuração atual registra defesa 48, durabilidade 86. Requisitos: nível 380, força 44, agilidade 15. Uso permitido: Dark Wizard (segunda classe). Ocupa 2x2 espaço(s) no inventário e pode participar das tabelas de drop.","Somente cosmético ou progressão controlada","Recomendado","Equipamento deve circular prioritariamente entre jogadores; venda direta exige limites de nível e opções."
"3615","7-31","Sylphid Ray Helm","Elmos","Armadura","Fairy Elf (segunda classe)","126","defesa 57, durabilidade 86","nível 380, força 38, agilidade 80","Sylphid Ray Helm é um item da família armadura, catalogado em Elmos. A configuração atual registra defesa 57, durabilidade 86. Requisitos: nível 380, força 38, agilidade 80. Uso permitido: Fairy Elf (segunda classe). Ocupa 2x2 espaço(s) no inventário e pode participar das tabelas de drop.","Somente cosmético ou progressão controlada","Recomendado","Equipamento deve circular prioritariamente entre jogadores; venda direta exige limites de nível e opções."
"3617","7-33","Sunlight Mask","Elmos","Armadura","Dark Lord (classe inicial)","130","defesa 46, durabilidade 82","nível 380, força 62, agilidade 16","Sunlight Mask é um item da família armadura, catalogado em Elmos. A configuração atual registra defesa 46, durabilidade 82. Requisitos: nível 380, força 62, agilidade 16. Uso permitido: Dark Lord (classe inicial). Ocupa 2x2 espaço(s) no inventário e pode participar das tabelas de drop.","Somente cosmético ou progressão controlada","Recomendado","Equipamento deve circular prioritariamente entre jogadores; venda direta exige limites de nível e opções."
"3618","7-34","Ashcrow Helm","Elmos","Armadura","Dark Knight (classe inicial)","67","defesa 27, durabilidade 72","força 160, agilidade 50","Ashcrow Helm é um item da família armadura, catalogado em Elmos. A configuração atual registra defesa 27, durabilidade 72. Requisitos: força 160, agilidade 50. Uso permitido: Dark Knight (classe inicial). Ocupa 2x2 espaço(s) no inventário e pode participar das tabelas de drop.","Somente cosmético ou progressão controlada","Recomendado","Equipamento deve circular prioritariamente entre jogadores; venda direta exige limites de nível e opções."
"3619","7-35","Eclipse Helm","Elmos","Armadura","Dark Wizard (classe inicial)","67","defesa 22, durabilidade 54","força 53, agilidade 12","Eclipse Helm é um item da família armadura, catalogado em Elmos. A configuração atual registra defesa 22, durabilidade 54. Requisitos: força 53, agilidade 12. Uso permitido: Dark Wizard (classe inicial). Ocupa 2x2 espaço(s) no inventário e pode participar das tabelas de drop.","Somente cosmético ou progressão controlada","Recomendado","Equipamento deve circular prioritariamente entre jogadores; venda direta exige limites de nível e opções."
"3620","7-36","Iris Helm","Elmos","Armadura","Fairy Elf (classe inicial)","67","defesa 30, durabilidade 59","força 50, agilidade 70","Iris Helm é um item da família armadura, catalogado em Elmos. A configuração atual registra defesa 30, durabilidade 59. Requisitos: força 50, agilidade 70. Uso permitido: Fairy Elf (classe inicial). Ocupa 2x2 espaço(s) no inventário e pode participar das tabelas de drop.","Somente cosmético ou progressão controlada","Recomendado","Equipamento deve circular prioritariamente entre jogadores; venda direta exige limites de nível e opções."
"3622","7-38","Glorious Mask","Elmos","Armadura","Dark Lord (classe inicial)","97","defesa 30, durabilidade 74","força 80, agilidade 21","Glorious Mask é um item da família armadura, catalogado em Elmos. A configuração atual registra defesa 30, durabilidade 74. Requisitos: força 80, agilidade 21. Uso permitido: Dark Lord (classe inicial). Ocupa 2x2 espaço(s) no inventário e pode participar das tabelas de drop.","Somente cosmético ou progressão controlada","Recomendado","Equipamento deve circular prioritariamente entre jogadores; venda direta exige limites de nível e opções."
"3623","7-39","Violent Wind Helm","Elmos","Armadura","Summoner (classe inicial)","28","defesa 13, durabilidade 36","força 31","Violent Wind Helm é um item da família armadura, catalogado em Elmos. A configuração atual registra defesa 13, durabilidade 36. Requisitos: força 31. Uso permitido: Summoner (classe inicial). Ocupa 2x2 espaço(s) no inventário e pode participar das tabelas de drop.","Somente cosmético ou progressão controlada","Recomendado","Equipamento deve circular prioritariamente entre jogadores; venda direta exige limites de nível e opções."
"3624","7-40","Red Wing Helm","Elmos","Armadura","Summoner (classe inicial)","50","defesa 18, durabilidade 42","força 26, agilidade 4","Red Wing Helm é um item da família armadura, catalogado em Elmos. A configuração atual registra defesa 18, durabilidade 42. Requisitos: força 26, agilidade 4. Uso permitido: Summoner (classe inicial). Ocupa 2x2 espaço(s) no inventário e pode participar das tabelas de drop.","Somente cosmético ou progressão controlada","Recomendado","Equipamento deve circular prioritariamente entre jogadores; venda direta exige limites de nível e opções."
"3625","7-41","Ancient Helm","Elmos","Armadura","Summoner (classe inicial)","68","defesa 24, durabilidade 54","força 52, agilidade 16","Ancient Helm é um item da família armadura, catalogado em Elmos. A configuração atual registra defesa 24, durabilidade 54. Requisitos: força 52, agilidade 16. Uso permitido: Summoner (classe inicial). Ocupa 2x2 espaço(s) no inventário e pode participar das tabelas de drop.","Somente cosmético ou progressão controlada","Recomendado","Equipamento deve circular prioritariamente entre jogadores; venda direta exige limites de nível e opções."
"3626","7-42","Demonic Helm","Elmos","Armadura","Summoner (segunda classe)","81","defesa 32, durabilidade 67","força 60, agilidade 20","Demonic Helm é um item da família armadura, catalogado em Elmos. A configuração atual registra defesa 32, durabilidade 67. Requisitos: força 60, agilidade 20. Uso permitido: Summoner (segunda classe). Ocupa 2x2 espaço(s) no inventário e pode participar das tabelas de drop.","Somente cosmético ou progressão controlada","Recomendado","Equipamento deve circular prioritariamente entre jogadores; venda direta exige limites de nível e opções."
"3627","7-43","Storm Blitz Helm","Elmos","Armadura","Summoner (segunda classe)","110","defesa 43, durabilidade 75","nível 380, força 56, agilidade 20","Storm Blitz Helm é um item da família armadura, catalogado em Elmos. A configuração atual registra defesa 43, durabilidade 75. Requisitos: nível 380, força 56, agilidade 20. Uso permitido: Summoner (segunda classe). Ocupa 2x2 espaço(s) no inventário e pode participar das tabelas de drop.","Somente cosmético ou progressão controlada","Recomendado","Equipamento deve circular prioritariamente entre jogadores; venda direta exige limites de nível e opções."
"3628","7-44","Eternal Wing Helm","Elmos","Armadura","Summoner (segunda classe)","116","defesa 35, durabilidade 86","nível 380, força 62, agilidade 20, energia 170","Eternal Wing Helm é um item da família armadura, catalogado em Elmos. A configuração atual registra defesa 35, durabilidade 86. Requisitos: nível 380, força 62, agilidade 20, energia 170. Uso permitido: Summoner (segunda classe). Ocupa 2x2 espaço(s) no inventário e pode participar das tabelas de drop.","Somente cosmético ou progressão controlada","Recomendado","Equipamento deve circular prioritariamente entre jogadores; venda direta exige limites de nível e opções."
"3629","7-45","Titan  Helm","Elmos","Armadura","Dark Knight (classe inicial)","111","defesa 63, durabilidade 86","nível 380, força 222, agilidade 32","Titan  Helm é um item da família armadura, catalogado em Elmos. A configuração atual registra defesa 63, durabilidade 86. Requisitos: nível 380, força 222, agilidade 32. Uso permitido: Dark Knight (classe inicial). Ocupa 2x2 espaço(s) no inventário e pode participar das tabelas de drop.","Somente cosmético ou progressão controlada","Recomendado","Equipamento deve circular prioritariamente entre jogadores; venda direta exige limites de nível e opções."
"3630","7-46","Brave Helm","Elmos","Armadura","Dark Knight (classe inicial)","107","defesa 51, durabilidade 86","nível 380, força 74, agilidade 162","Brave Helm é um item da família armadura, catalogado em Elmos. A configuração atual registra defesa 51, durabilidade 86. Requisitos: nível 380, força 74, agilidade 162. Uso permitido: Dark Knight (classe inicial). Ocupa 2x2 espaço(s) no inventário e pode participar das tabelas de drop.","Somente cosmético ou progressão controlada","Recomendado","Equipamento deve circular prioritariamente entre jogadores; venda direta exige limites de nível e opções."
"3633","7-49","Seraphim Helm","Elmos","Armadura","Fairy Elf (classe inicial)","111","defesa 50, durabilidade 86","nível 380, força 55, agilidade 197","Seraphim Helm é um item da família armadura, catalogado em Elmos. A configuração atual registra defesa 50, durabilidade 86. Requisitos: nível 380, força 55, agilidade 197. Uso permitido: Fairy Elf (classe inicial). Ocupa 2x2 espaço(s) no inventário e pode participar das tabelas de drop.","Somente cosmético ou progressão controlada","Recomendado","Equipamento deve circular prioritariamente entre jogadores; venda direta exige limites de nível e opções."
"3634","7-50","Divine Helm","Elmos","Armadura","Fairy Elf (classe inicial)","104","defesa 44, durabilidade 86","nível 380, força 32, agilidade 29, energia 138","Divine Helm é um item da família armadura, catalogado em Elmos. A configuração atual registra defesa 44, durabilidade 86. Requisitos: nível 380, força 32, agilidade 29, energia 138. Uso permitido: Fairy Elf (classe inicial). Ocupa 2x2 espaço(s) no inventário e pode participar das tabelas de drop.","Somente cosmético ou progressão controlada","Recomendado","Equipamento deve circular prioritariamente entre jogadores; venda direta exige limites de nível e opções."
"3635","7-51","Royal Mask","Elmos","Armadura","Dark Lord (classe inicial)","111","defesa 44, durabilidade 86","nível 380, força 105, agilidade 38","Royal Mask é um item da família armadura, catalogado em Elmos. A configuração atual registra defesa 44, durabilidade 86. Requisitos: nível 380, força 105, agilidade 38. Uso permitido: Dark Lord (classe inicial). Ocupa 2x2 espaço(s) no inventário e pode participar das tabelas de drop.","Somente cosmético ou progressão controlada","Recomendado","Equipamento deve circular prioritariamente entre jogadores; venda direta exige limites de nível e opções."
"3636","7-52","Hades Helm","Elmos","Armadura","Dark Wizard (classe inicial)","109","defesa 41, durabilidade 86","nível 380, força 60, agilidade 15, energia 181","Hades Helm é um item da família armadura, catalogado em Elmos. A configuração atual registra defesa 41, durabilidade 86. Requisitos: nível 380, força 60, agilidade 15, energia 181. Uso permitido: Dark Wizard (classe inicial). Ocupa 2x2 espaço(s) no inventário e pode participar das tabelas de drop.","Somente cosmético ou progressão controlada","Recomendado","Equipamento deve circular prioritariamente entre jogadores; venda direta exige limites de nível e opções."
"3637","7-53","Merlin Helm","Elmos","Armadura","Summoner (classe inicial)","147","defesa 127, durabilidade 137","nível 380, força 72, agilidade 42","Merlin Helm é um item da família armadura, catalogado em Elmos. A configuração atual registra defesa 127, durabilidade 137. Requisitos: nível 380, força 72, agilidade 42. Uso permitido: Summoner (classe inicial). Ocupa 2x2 espaço(s) no inventário e pode participar das tabelas de drop.","Somente cosmético ou progressão controlada","Recomendado","Equipamento deve circular prioritariamente entre jogadores; venda direta exige limites de nível e opções."
"3643","7-59","Sacred Fire Helm","Elmos","Armadura","Rage Fighter (classe inicial)","54","defesa 24, durabilidade 52","força 85, vitalidade 75","Sacred Fire Helm é um item da família armadura, catalogado em Elmos. A configuração atual registra defesa 24, durabilidade 52. Requisitos: força 85, vitalidade 75. Uso permitido: Rage Fighter (classe inicial). Ocupa 2x2 espaço(s) no inventário e pode participar das tabelas de drop.","Somente cosmético ou progressão controlada","Recomendado","Equipamento deve circular prioritariamente entre jogadores; venda direta exige limites de nível e opções."
"3644","7-60","Storm Jahad Helm","Elmos","Armadura","Rage Fighter (classe inicial)","70","defesa 32, durabilidade 68","força 100, vitalidade 90","Storm Jahad Helm é um item da família armadura, catalogado em Elmos. A configuração atual registra defesa 32, durabilidade 68. Requisitos: força 100, vitalidade 90. Uso permitido: Rage Fighter (classe inicial). Ocupa 2x2 espaço(s) no inventário e pode participar das tabelas de drop.","Somente cosmético ou progressão controlada","Recomendado","Equipamento deve circular prioritariamente entre jogadores; venda direta exige limites de nível e opções."
"3645","7-61","Piercing Groove Helm","Elmos","Armadura","Rage Fighter (classe inicial)","90","defesa 45, durabilidade 82","força 115, vitalidade 100","Piercing Groove Helm é um item da família armadura, catalogado em Elmos. A configuração atual registra defesa 45, durabilidade 82. Requisitos: força 115, vitalidade 100. Uso permitido: Rage Fighter (classe inicial). Ocupa 2x2 espaço(s) no inventário e pode participar das tabelas de drop.","Somente cosmético ou progressão controlada","Recomendado","Equipamento deve circular prioritariamente entre jogadores; venda direta exige limites de nível e opções."
"3646","7-62","Scale Helm","Elmos","Armadura","Dark Knight (classe inicial); Dark Lord (classe inicial); Rage Fighter (classe inicial)","26","defesa 16, durabilidade 255","nível 1","Scale Helm é um item da família armadura, catalogado em Elmos. A configuração atual registra defesa 16, durabilidade 255. Requisitos: nível 1. Uso permitido: Dark Knight (classe inicial), Dark Lord (classe inicial), Rage Fighter (classe inicial). Ocupa 2x2 espaço(s) no inventário e pode participar das tabelas de drop.","Somente cosmético ou progressão controlada","Recomendado","Equipamento deve circular prioritariamente entre jogadores; venda direta exige limites de nível e opções."
"3647","7-63","Silk Helm","Elmos","Armadura","Fairy Elf (classe inicial)","16","defesa 11, durabilidade 255","nível 1","Silk Helm é um item da família armadura, catalogado em Elmos. A configuração atual registra defesa 11, durabilidade 255. Requisitos: nível 1. Uso permitido: Fairy Elf (classe inicial). Ocupa 2x2 espaço(s) no inventário e pode participar das tabelas de drop.","Somente cosmético ou progressão controlada","Recomendado","Equipamento deve circular prioritariamente entre jogadores; venda direta exige limites de nível e opções."
"3648","7-64","Sphinx Helm","Elmos","Armadura","Dark Wizard (classe inicial)","32","defesa 17, durabilidade 255","nível 1","Sphinx Helm é um item da família armadura, catalogado em Elmos. A configuração atual registra defesa 17, durabilidade 255. Requisitos: nível 1. Uso permitido: Dark Wizard (classe inicial). Ocupa 2x2 espaço(s) no inventário e pode participar das tabelas de drop.","Somente cosmético ou progressão controlada","Recomendado","Equipamento deve circular prioritariamente entre jogadores; venda direta exige limites de nível e opções."
"3649","7-65","Violent Wind Helm","Elmos","Armadura","Summoner (classe inicial)","28","defesa 17, durabilidade 255","nível 1","Violent Wind Helm é um item da família armadura, catalogado em Elmos. A configuração atual registra defesa 17, durabilidade 255. Requisitos: nível 1. Uso permitido: Summoner (classe inicial). Ocupa 2x2 espaço(s) no inventário e pode participar das tabelas de drop.","Somente cosmético ou progressão controlada","Recomendado","Equipamento deve circular prioritariamente entre jogadores; venda direta exige limites de nível e opções."
"3650","7-66","Dark Soul Helm","Elmos","Armadura","Dark Lord (classe inicial)","66","defesa 29, durabilidade 255","nível 150","Dark Soul Helm é um item da família armadura, catalogado em Elmos. A configuração atual registra defesa 29, durabilidade 255. Requisitos: nível 150. Uso permitido: Dark Lord (classe inicial). Ocupa 2x2 espaço(s) no inventário e pode participar das tabelas de drop.","Somente cosmético ou progressão controlada","Recomendado","Equipamento deve circular prioritariamente entre jogadores; venda direta exige limites de nível e opções."
"3651","7-67","Dragon Helm","Elmos","Armadura","Dark Knight (classe inicial)","57","defesa 29, durabilidade 255","nível 150","Dragon Helm é um item da família armadura, catalogado em Elmos. A configuração atual registra defesa 29, durabilidade 255. Requisitos: nível 150. Uso permitido: Dark Knight (classe inicial). Ocupa 2x2 espaço(s) no inventário e pode participar das tabelas de drop.","Somente cosmético ou progressão controlada","Recomendado","Equipamento deve circular prioritariamente entre jogadores; venda direta exige limites de nível e opções."
"3652","7-68","Guardian Helm","Elmos","Armadura","Fairy Elf (classe inicial)","53","defesa 28, durabilidade 255","nível 150","Guardian Helm é um item da família armadura, catalogado em Elmos. A configuração atual registra defesa 28, durabilidade 255. Requisitos: nível 150. Uso permitido: Fairy Elf (classe inicial). Ocupa 2x2 espaço(s) no inventário e pode participar das tabelas de drop.","Somente cosmético ou progressão controlada","Recomendado","Equipamento deve circular prioritariamente entre jogadores; venda direta exige limites de nível e opções."
"3653","7-69","Legendary Helm","Elmos","Armadura","Dark Wizard (classe inicial)","50","defesa 23, durabilidade 255","nível 150","Legendary Helm é um item da família armadura, catalogado em Elmos. A configuração atual registra defesa 23, durabilidade 255. Requisitos: nível 150. Uso permitido: Dark Wizard (classe inicial). Ocupa 2x2 espaço(s) no inventário e pode participar das tabelas de drop.","Somente cosmético ou progressão controlada","Recomendado","Equipamento deve circular prioritariamente entre jogadores; venda direta exige limites de nível e opções."
"3654","7-70","Red Wing Helm","Elmos","Armadura","Summoner (classe inicial)","50","defesa 20, durabilidade 255","nível 150","Red Wing Helm é um item da família armadura, catalogado em Elmos. A configuração atual registra defesa 20, durabilidade 255. Requisitos: nível 150. Uso permitido: Summoner (classe inicial). Ocupa 2x2 espaço(s) no inventário e pode participar das tabelas de drop.","Somente cosmético ou progressão controlada","Recomendado","Equipamento deve circular prioritariamente entre jogadores; venda direta exige limites de nível e opções."
"3656","7-72","Storm Jahad Helm","Elmos","Armadura","Rage Fighter (classe inicial)","70","defesa 32, durabilidade 255","nível 150","Storm Jahad Helm é um item da família armadura, catalogado em Elmos. A configuração atual registra defesa 32, durabilidade 255. Requisitos: nível 150. Uso permitido: Rage Fighter (classe inicial). Ocupa 2x2 espaço(s) no inventário e pode participar das tabelas de drop.","Somente cosmético ou progressão controlada","Recomendado","Equipamento deve circular prioritariamente entre jogadores; venda direta exige limites de nível e opções."
"3657","7-73","Phoenix Soul Helmet","Elmos","Armadura","Rage Fighter (classe inicial)","128","defesa 60, durabilidade 88","nível 380, força 97, vitalidade 85","Phoenix Soul Helmet é um item da família armadura, catalogado em Elmos. A configuração atual registra defesa 60, durabilidade 88. Requisitos: nível 380, força 97, vitalidade 85. Uso permitido: Rage Fighter (classe inicial). Ocupa 2x2 espaço(s) no inventário e pode participar das tabelas de drop.","Somente cosmético ou progressão controlada","Recomendado","Equipamento deve circular prioritariamente entre jogadores; venda direta exige limites de nível e opções."
"3784","7-200","BloodMoon Helmet","Elmos","Armadura","Rage Fighter (classe inicial)","128","defesa 60, durabilidade 88","nível 380, força 97, vitalidade 85","BloodMoon Helmet é um item da família armadura, catalogado em Elmos. A configuração atual registra defesa 60, durabilidade 88. Requisitos: nível 380, força 97, vitalidade 85. Uso permitido: Rage Fighter (classe inicial). Ocupa 2x2 espaço(s) no inventário e pode participar das tabelas de drop.","Somente cosmético ou progressão controlada","Recomendado","Equipamento deve circular prioritariamente entre jogadores; venda direta exige limites de nível e opções."
"3785","7-201","BloodMoon F Helmet","Elmos","Armadura","Rage Fighter (classe inicial)","128","defesa 60, durabilidade 88","nível 380, força 97, vitalidade 85","BloodMoon F Helmet é um item da família armadura, catalogado em Elmos. A configuração atual registra defesa 60, durabilidade 88. Requisitos: nível 380, força 97, vitalidade 85. Uso permitido: Rage Fighter (classe inicial). Ocupa 2x2 espaço(s) no inventário e pode participar das tabelas de drop.","Somente cosmético ou progressão controlada","Recomendado","Equipamento deve circular prioritariamente entre jogadores; venda direta exige limites de nível e opções."
"4096","8-0","Bronze Armor","Armaduras","Armadura","Dark Knight (classe inicial); Magic Gladiator (classe inicial); Dark Lord (classe inicial)","18","defesa 14, durabilidade 34","força 80, agilidade 20","Bronze Armor é um item da família armadura, catalogado em Armaduras. A configuração atual registra defesa 14, durabilidade 34. Requisitos: força 80, agilidade 20. Uso permitido: Dark Knight (classe inicial), Magic Gladiator (classe inicial), Dark Lord (classe inicial). Ocupa 2x2 espaço(s) no inventário e pode participar das tabelas de drop.","Somente cosmético ou progressão controlada","Recomendado","Equipamento deve circular prioritariamente entre jogadores; venda direta exige limites de nível e opções."
"4097","8-1","Dragon Armor","Armaduras","Armadura","Dark Knight (classe inicial); Magic Gladiator (classe inicial)","59","defesa 37, durabilidade 68","força 120, agilidade 30","Dragon Armor é um item da família armadura, catalogado em Armaduras. A configuração atual registra defesa 37, durabilidade 68. Requisitos: força 120, agilidade 30. Uso permitido: Dark Knight (classe inicial), Magic Gladiator (classe inicial). Ocupa 2x3 espaço(s) no inventário e pode participar das tabelas de drop.","Somente cosmético ou progressão controlada","Recomendado","Equipamento deve circular prioritariamente entre jogadores; venda direta exige limites de nível e opções."
"4098","8-2","Pad Armor","Armaduras","Armadura","Dark Wizard (classe inicial); Magic Gladiator (classe inicial)","10","defesa 7, durabilidade 28","força 30","Pad Armor é um item da família armadura, catalogado em Armaduras. A configuração atual registra defesa 7, durabilidade 28. Requisitos: força 30. Uso permitido: Dark Wizard (classe inicial), Magic Gladiator (classe inicial). Ocupa 2x2 espaço(s) no inventário e pode participar das tabelas de drop.","Somente cosmético ou progressão controlada","Recomendado","Equipamento deve circular prioritariamente entre jogadores; venda direta exige limites de nível e opções."
"4099","8-3","Legendary Armor","Armaduras","Armadura","Dark Wizard (classe inicial); Magic Gladiator (classe inicial)","56","defesa 22, durabilidade 42","força 40","Legendary Armor é um item da família armadura, catalogado em Armaduras. A configuração atual registra defesa 22, durabilidade 42. Requisitos: força 40. Uso permitido: Dark Wizard (classe inicial), Magic Gladiator (classe inicial). Ocupa 2x2 espaço(s) no inventário e pode participar das tabelas de drop.","Somente cosmético ou progressão controlada","Recomendado","Equipamento deve circular prioritariamente entre jogadores; venda direta exige limites de nível e opções."
"4100","8-4","Bone Armor","Armaduras","Armadura","Dark Wizard (classe inicial); Magic Gladiator (classe inicial)","22","defesa 13, durabilidade 30","força 40","Bone Armor é um item da família armadura, catalogado em Armaduras. A configuração atual registra defesa 13, durabilidade 30. Requisitos: força 40. Uso permitido: Dark Wizard (classe inicial), Magic Gladiator (classe inicial). Ocupa 2x2 espaço(s) no inventário e pode participar das tabelas de drop.","Somente cosmético ou progressão controlada","Recomendado","Equipamento deve circular prioritariamente entre jogadores; venda direta exige limites de nível e opções."
"4101","8-5","Leather Armor","Armaduras","Armadura","Dark Knight (classe inicial); Magic Gladiator (classe inicial); Dark Lord (classe inicial); Rage Fighter (classe inicial)","10","defesa 10, durabilidade 30","força 80","Leather Armor é um item da família armadura, catalogado em Armaduras. A configuração atual registra defesa 10, durabilidade 30. Requisitos: força 80. Uso permitido: Dark Knight (classe inicial), Magic Gladiator (classe inicial), Dark Lord (classe inicial), Rage Fighter (classe inicial). Ocupa 2x3 espaço(s) no inventário e pode participar das tabelas de drop.","Somente cosmético ou progressão controlada","Recomendado","Equipamento deve circular prioritariamente entre jogadores; venda direta exige limites de nível e opções."
"4102","8-6","Scale Armor","Armaduras","Armadura","Dark Knight (classe inicial); Magic Gladiator (classe inicial); Dark Lord (classe inicial); Rage Fighter (classe inicial)","28","defesa 18, durabilidade 40","força 110","Scale Armor é um item da família armadura, catalogado em Armaduras. A configuração atual registra defesa 18, durabilidade 40. Requisitos: força 110. Uso permitido: Dark Knight (classe inicial), Magic Gladiator (classe inicial), Dark Lord (classe inicial), Rage Fighter (classe inicial). Ocupa 2x2 espaço(s) no inventário e pode participar das tabelas de drop.","Somente cosmético ou progressão controlada","Recomendado","Equipamento deve circular prioritariamente entre jogadores; venda direta exige limites de nível e opções."
"4103","8-7","Sphinx Armor","Armaduras","Armadura","Dark Wizard (classe inicial); Magic Gladiator (classe inicial)","38","defesa 17, durabilidade 36","força 40","Sphinx Armor é um item da família armadura, catalogado em Armaduras. A configuração atual registra defesa 17, durabilidade 36. Requisitos: força 40. Uso permitido: Dark Wizard (classe inicial), Magic Gladiator (classe inicial). Ocupa 2x3 espaço(s) no inventário e pode participar das tabelas de drop.","Somente cosmético ou progressão controlada","Recomendado","Equipamento deve circular prioritariamente entre jogadores; venda direta exige limites de nível e opções."
"4104","8-8","Brass Armor","Armaduras","Armadura","Dark Knight (classe inicial); Magic Gladiator (classe inicial); Rage Fighter (classe inicial)","38","defesa 22, durabilidade 44","força 100, agilidade 30","Brass Armor é um item da família armadura, catalogado em Armaduras. A configuração atual registra defesa 22, durabilidade 44. Requisitos: força 100, agilidade 30. Uso permitido: Dark Knight (classe inicial), Magic Gladiator (classe inicial), Rage Fighter (classe inicial). Ocupa 2x2 espaço(s) no inventário e pode participar das tabelas de drop.","Somente cosmético ou progressão controlada","Recomendado","Equipamento deve circular prioritariamente entre jogadores; venda direta exige limites de nível e opções."
"4105","8-9","Plate Armor","Armaduras","Armadura","Dark Knight (classe inicial); Magic Gladiator (classe inicial); Rage Fighter (classe inicial)","48","defesa 30, durabilidade 50","força 130","Plate Armor é um item da família armadura, catalogado em Armaduras. A configuração atual registra defesa 30, durabilidade 50. Requisitos: força 130. Uso permitido: Dark Knight (classe inicial), Magic Gladiator (classe inicial), Rage Fighter (classe inicial). Ocupa 2x2 espaço(s) no inventário e pode participar das tabelas de drop.","Somente cosmético ou progressão controlada","Recomendado","Equipamento deve circular prioritariamente entre jogadores; venda direta exige limites de nível e opções."
"4106","8-10","Vine Armor","Armaduras","Armadura","Fairy Elf (classe inicial)","10","defesa 8, durabilidade 22","força 30, agilidade 60","Vine Armor é um item da família armadura, catalogado em Armaduras. A configuração atual registra defesa 8, durabilidade 22. Requisitos: força 30, agilidade 60. Uso permitido: Fairy Elf (classe inicial). Ocupa 2x2 espaço(s) no inventário e pode participar das tabelas de drop.","Somente cosmético ou progressão controlada","Recomendado","Equipamento deve circular prioritariamente entre jogadores; venda direta exige limites de nível e opções."
"4107","8-11","Silk Armor","Armaduras","Armadura","Fairy Elf (classe inicial)","20","defesa 12, durabilidade 26","força 30, agilidade 70","Silk Armor é um item da família armadura, catalogado em Armaduras. A configuração atual registra defesa 12, durabilidade 26. Requisitos: força 30, agilidade 70. Uso permitido: Fairy Elf (classe inicial). Ocupa 2x2 espaço(s) no inventário e pode participar das tabelas de drop.","Somente cosmético ou progressão controlada","Recomendado","Equipamento deve circular prioritariamente entre jogadores; venda direta exige limites de nível e opções."
"4108","8-12","Wind Armor","Armaduras","Armadura","Fairy Elf (classe inicial)","32","defesa 16, durabilidade 32","força 30, agilidade 80","Wind Armor é um item da família armadura, catalogado em Armaduras. A configuração atual registra defesa 16, durabilidade 32. Requisitos: força 30, agilidade 80. Uso permitido: Fairy Elf (classe inicial). Ocupa 2x2 espaço(s) no inventário e pode participar das tabelas de drop.","Somente cosmético ou progressão controlada","Recomendado","Equipamento deve circular prioritariamente entre jogadores; venda direta exige limites de nível e opções."
"4109","8-13","Spirit Armor","Armaduras","Armadura","Fairy Elf (classe inicial)","44","defesa 21, durabilidade 38","força 40, agilidade 80","Spirit Armor é um item da família armadura, catalogado em Armaduras. A configuração atual registra defesa 21, durabilidade 38. Requisitos: força 40, agilidade 80. Uso permitido: Fairy Elf (classe inicial). Ocupa 2x2 espaço(s) no inventário e pode participar das tabelas de drop.","Somente cosmético ou progressão controlada","Recomendado","Equipamento deve circular prioritariamente entre jogadores; venda direta exige limites de nível e opções."
"4110","8-14","Guardian Armor","Armaduras","Armadura","Fairy Elf (classe inicial)","57","defesa 29, durabilidade 45","força 40, agilidade 80","Guardian Armor é um item da família armadura, catalogado em Armaduras. A configuração atual registra defesa 29, durabilidade 45. Requisitos: força 40, agilidade 80. Uso permitido: Fairy Elf (classe inicial). Ocupa 2x2 espaço(s) no inventário e pode participar das tabelas de drop.","Somente cosmético ou progressão controlada","Recomendado","Equipamento deve circular prioritariamente entre jogadores; venda direta exige limites de nível e opções."
"4111","8-15","Storm Crow Armor","Armaduras","Armadura","Magic Gladiator (classe inicial)","80","defesa 44, durabilidade 80","força 150, agilidade 70","Storm Crow Armor é um item da família armadura, catalogado em Armaduras. A configuração atual registra defesa 44, durabilidade 80. Requisitos: força 150, agilidade 70. Uso permitido: Magic Gladiator (classe inicial). Ocupa 2x3 espaço(s) no inventário e pode participar das tabelas de drop.","Somente cosmético ou progressão controlada","Recomendado","Equipamento deve circular prioritariamente entre jogadores; venda direta exige limites de nível e opções."
"4112","8-16","Black Dragon Armor","Armaduras","Armadura","Dark Knight (classe inicial)","90","defesa 48, durabilidade 74","força 170, agilidade 60","Black Dragon Armor é um item da família armadura, catalogado em Armaduras. A configuração atual registra defesa 48, durabilidade 74. Requisitos: força 170, agilidade 60. Uso permitido: Dark Knight (classe inicial). Ocupa 2x3 espaço(s) no inventário e pode participar das tabelas de drop.","Somente cosmético ou progressão controlada","Recomendado","Equipamento deve circular prioritariamente entre jogadores; venda direta exige limites de nível e opções."
"4113","8-17","Dark Phoenix Armor","Armaduras","Armadura","Dark Knight (segunda classe)","100","defesa 63, durabilidade 80","força 214, agilidade 65","Dark Phoenix Armor é um item da família armadura, catalogado em Armaduras. A configuração atual registra defesa 63, durabilidade 80. Requisitos: força 214, agilidade 65. Uso permitido: Dark Knight (segunda classe). Ocupa 2x3 espaço(s) no inventário e pode participar das tabelas de drop.","Somente cosmético ou progressão controlada","Recomendado","Equipamento deve circular prioritariamente entre jogadores; venda direta exige limites de nível e opções."
"4114","8-18","Grand Soul Armor","Armaduras","Armadura","Dark Wizard (segunda classe)","91","defesa 33, durabilidade 67","força 59, agilidade 20","Grand Soul Armor é um item da família armadura, catalogado em Armaduras. A configuração atual registra defesa 33, durabilidade 67. Requisitos: força 59, agilidade 20. Uso permitido: Dark Wizard (segunda classe). Ocupa 2x3 espaço(s) no inventário e pode participar das tabelas de drop.","Somente cosmético ou progressão controlada","Recomendado","Equipamento deve circular prioritariamente entre jogadores; venda direta exige limites de nível e opções."
"4115","8-19","Divine Armor","Armaduras","Armadura","Fairy Elf (segunda classe)","92","defesa 44, durabilidade 74","força 50, agilidade 110","Divine Armor é um item da família armadura, catalogado em Armaduras. A configuração atual registra defesa 44, durabilidade 74. Requisitos: força 50, agilidade 110. Uso permitido: Fairy Elf (segunda classe). Ocupa 2x2 espaço(s) no inventário e pode participar das tabelas de drop.","Somente cosmético ou progressão controlada","Recomendado","Equipamento deve circular prioritariamente entre jogadores; venda direta exige limites de nível e opções."
"4116","8-20","Thunder Hawk Armor","Armaduras","Armadura","Magic Gladiator (classe inicial)","107","defesa 60, durabilidade 82","força 170, agilidade 70","Thunder Hawk Armor é um item da família armadura, catalogado em Armaduras. A configuração atual registra defesa 60, durabilidade 82. Requisitos: força 170, agilidade 70. Uso permitido: Magic Gladiator (classe inicial). Ocupa 2x3 espaço(s) no inventário e pode participar das tabelas de drop.","Somente cosmético ou progressão controlada","Recomendado","Equipamento deve circular prioritariamente entre jogadores; venda direta exige limites de nível e opções."
"4117","8-21","Great Dragon Armor","Armaduras","Armadura","Dark Knight (segunda classe)","126","defesa 75, durabilidade 86","força 200, agilidade 58","Great Dragon Armor é um item da família armadura, catalogado em Armaduras. A configuração atual registra defesa 75, durabilidade 86. Requisitos: força 200, agilidade 58. Uso permitido: Dark Knight (segunda classe). Ocupa 2x3 espaço(s) no inventário e pode participar das tabelas de drop.","Somente cosmético ou progressão controlada","Recomendado","Equipamento deve circular prioritariamente entre jogadores; venda direta exige limites de nível e opções."
"4118","8-22","Dark Soul Armor","Armaduras","Armadura","Dark Wizard (segunda classe)","122","defesa 43, durabilidade 75","força 55, agilidade 18","Dark Soul Armor é um item da família armadura, catalogado em Armaduras. A configuração atual registra defesa 43, durabilidade 75. Requisitos: força 55, agilidade 18. Uso permitido: Dark Wizard (segunda classe). Ocupa 2x3 espaço(s) no inventário e pode participar das tabelas de drop.","Somente cosmético ou progressão controlada","Recomendado","Equipamento deve circular prioritariamente entre jogadores; venda direta exige limites de nível e opções."
"4119","8-23","Hurricane Armor","Armaduras","Armadura","Magic Gladiator (classe inicial)","128","defesa 73, durabilidade 90","força 162, agilidade 66","Hurricane Armor é um item da família armadura, catalogado em Armaduras. A configuração atual registra defesa 73, durabilidade 90. Requisitos: força 162, agilidade 66. Uso permitido: Magic Gladiator (classe inicial). Ocupa 2x3 espaço(s) no inventário e pode participar das tabelas de drop.","Somente cosmético ou progressão controlada","Recomendado","Equipamento deve circular prioritariamente entre jogadores; venda direta exige limites de nível e opções."
"4120","8-24","Red Sprit Armor","Armaduras","Armadura","Fairy Elf (segunda classe)","109","defesa 55, durabilidade 80","força 52, agilidade 115","Red Sprit Armor é um item da família armadura, catalogado em Armaduras. A configuração atual registra defesa 55, durabilidade 80. Requisitos: força 52, agilidade 115. Uso permitido: Fairy Elf (segunda classe). Ocupa 2x2 espaço(s) no inventário e pode participar das tabelas de drop.","Somente cosmético ou progressão controlada","Recomendado","Equipamento deve circular prioritariamente entre jogadores; venda direta exige limites de nível e opções."
"4121","8-25","Light Plate Armor","Armaduras","Armadura","Dark Lord (classe inicial)","62","defesa 25, durabilidade 42","força 70, agilidade 20","Light Plate Armor é um item da família armadura, catalogado em Armaduras. A configuração atual registra defesa 25, durabilidade 42. Requisitos: força 70, agilidade 20. Uso permitido: Dark Lord (classe inicial). Ocupa 2x3 espaço(s) no inventário e pode participar das tabelas de drop.","Somente cosmético ou progressão controlada","Recomendado","Equipamento deve circular prioritariamente entre jogadores; venda direta exige limites de nível e opções."
"4122","8-26","Adamantine Armor","Armaduras","Armadura","Dark Lord (classe inicial)","78","defesa 36, durabilidade 56","força 77, agilidade 21","Adamantine Armor é um item da família armadura, catalogado em Armaduras. A configuração atual registra defesa 36, durabilidade 56. Requisitos: força 77, agilidade 21. Uso permitido: Dark Lord (classe inicial). Ocupa 2x3 espaço(s) no inventário e pode participar das tabelas de drop.","Somente cosmético ou progressão controlada","Recomendado","Equipamento deve circular prioritariamente entre jogadores; venda direta exige limites de nível e opções."
"4123","8-27","Dark Steel Armor","Armaduras","Armadura","Dark Lord (classe inicial)","96","defesa 43, durabilidade 70","força 84, agilidade 22","Dark Steel Armor é um item da família armadura, catalogado em Armaduras. A configuração atual registra defesa 43, durabilidade 70. Requisitos: força 84, agilidade 22. Uso permitido: Dark Lord (classe inicial). Ocupa 2x3 espaço(s) no inventário e pode participar das tabelas de drop.","Somente cosmético ou progressão controlada","Recomendado","Equipamento deve circular prioritariamente entre jogadores; venda direta exige limites de nível e opções."
"4124","8-28","Dark Master Armor","Armaduras","Armadura","Dark Lord (classe inicial)","117","defesa 51, durabilidade 78","força 80, agilidade 21","Dark Master Armor é um item da família armadura, catalogado em Armaduras. A configuração atual registra defesa 51, durabilidade 78. Requisitos: força 80, agilidade 21. Uso permitido: Dark Lord (classe inicial). Ocupa 2x3 espaço(s) no inventário e pode participar das tabelas de drop.","Somente cosmético ou progressão controlada","Recomendado","Equipamento deve circular prioritariamente entre jogadores; venda direta exige limites de nível e opções."
"4125","8-29","Dragon Knight Armor","Armaduras","Armadura","Dark Knight (segunda classe)","140","defesa 88, durabilidade 90","nível 380, força 170, agilidade 60","Dragon Knight Armor é um item da família armadura, catalogado em Armaduras. A configuração atual registra defesa 88, durabilidade 90. Requisitos: nível 380, força 170, agilidade 60. Uso permitido: Dark Knight (segunda classe). Ocupa 2x3 espaço(s) no inventário e pode participar das tabelas de drop.","Somente cosmético ou progressão controlada","Recomendado","Equipamento deve circular prioritariamente entre jogadores; venda direta exige limites de nível e opções."
"4126","8-30","Venom Mist Armor","Armaduras","Armadura","Dark Wizard (segunda classe)","146","defesa 57, durabilidade 86","nível 380, força 44, agilidade 15","Venom Mist Armor é um item da família armadura, catalogado em Armaduras. A configuração atual registra defesa 57, durabilidade 86. Requisitos: nível 380, força 44, agilidade 15. Uso permitido: Dark Wizard (segunda classe). Ocupa 2x3 espaço(s) no inventário e pode participar das tabelas de drop.","Somente cosmético ou progressão controlada","Recomendado","Equipamento deve circular prioritariamente entre jogadores; venda direta exige limites de nível e opções."
"4127","8-31","Sylphid Ray Armor","Armaduras","Armadura","Fairy Elf (segunda classe)","146","defesa 68, durabilidade 86","nível 380, força 38, agilidade 80","Sylphid Ray Armor é um item da família armadura, catalogado em Armaduras. A configuração atual registra defesa 68, durabilidade 86. Requisitos: nível 380, força 38, agilidade 80. Uso permitido: Fairy Elf (segunda classe). Ocupa 2x3 espaço(s) no inventário e pode participar das tabelas de drop.","Somente cosmético ou progressão controlada","Recomendado","Equipamento deve circular prioritariamente entre jogadores; venda direta exige limites de nível e opções."
"4128","8-32","Volcano Armor","Armaduras","Armadura","Magic Gladiator (classe inicial)","147","defesa 86, durabilidade 95","nível 380, força 145, agilidade 60","Volcano Armor é um item da família armadura, catalogado em Armaduras. A configuração atual registra defesa 86, durabilidade 95. Requisitos: nível 380, força 145, agilidade 60. Uso permitido: Magic Gladiator (classe inicial). Ocupa 2x3 espaço(s) no inventário e pode participar das tabelas de drop.","Somente cosmético ou progressão controlada","Recomendado","Equipamento deve circular prioritariamente entre jogadores; venda direta exige limites de nível e opções."
"4129","8-33","Sunlight Armor","Armaduras","Armadura","Dark Lord (classe inicial)","147","defesa 64, durabilidade 82","nível 380, força 62, agilidade 16","Sunlight Armor é um item da família armadura, catalogado em Armaduras. A configuração atual registra defesa 64, durabilidade 82. Requisitos: nível 380, força 62, agilidade 16. Uso permitido: Dark Lord (classe inicial). Ocupa 2x3 espaço(s) no inventário e pode participar das tabelas de drop.","Somente cosmético ou progressão controlada","Recomendado","Equipamento deve circular prioritariamente entre jogadores; venda direta exige limites de nível e opções."
"4130","8-34","Ashcrow Armor","Armaduras","Armadura","Dark Knight (classe inicial)","75","defesa 42, durabilidade 72","força 160, agilidade 50","Ashcrow Armor é um item da família armadura, catalogado em Armaduras. A configuração atual registra defesa 42, durabilidade 72. Requisitos: força 160, agilidade 50. Uso permitido: Dark Knight (classe inicial). Ocupa 2x3 espaço(s) no inventário e pode participar das tabelas de drop.","Somente cosmético ou progressão controlada","Recomendado","Equipamento deve circular prioritariamente entre jogadores; venda direta exige limites de nível e opções."
"4131","8-35","Eclipse Armor","Armaduras","Armadura","Dark Wizard (classe inicial)","75","defesa 27, durabilidade 54","força 53, agilidade 12","Eclipse Armor é um item da família armadura, catalogado em Armaduras. A configuração atual registra defesa 27, durabilidade 54. Requisitos: força 53, agilidade 12. Uso permitido: Dark Wizard (classe inicial). Ocupa 2x3 espaço(s) no inventário e pode participar das tabelas de drop.","Somente cosmético ou progressão controlada","Recomendado","Equipamento deve circular prioritariamente entre jogadores; venda direta exige limites de nível e opções."
"4132","8-36","Iris Armor","Armaduras","Armadura","Fairy Elf (classe inicial)","75","defesa 36, durabilidade 59","força 50, agilidade 70","Iris Armor é um item da família armadura, catalogado em Armaduras. A configuração atual registra defesa 36, durabilidade 59. Requisitos: força 50, agilidade 70. Uso permitido: Fairy Elf (classe inicial). Ocupa 2x3 espaço(s) no inventário e pode participar das tabelas de drop.","Somente cosmético ou progressão controlada","Recomendado","Equipamento deve circular prioritariamente entre jogadores; venda direta exige limites de nível e opções."
"4133","8-37","Valiant Armor","Armaduras","Armadura","Magic Gladiator (classe inicial)","105","defesa 52, durabilidade 81","força 155, agilidade 50","Valiant Armor é um item da família armadura, catalogado em Armaduras. A configuração atual registra defesa 52, durabilidade 81. Requisitos: força 155, agilidade 50. Uso permitido: Magic Gladiator (classe inicial). Ocupa 2x3 espaço(s) no inventário e pode participar das tabelas de drop.","Somente cosmético ou progressão controlada","Recomendado","Equipamento deve circular prioritariamente entre jogadores; venda direta exige limites de nível e opções."
"4134","8-38","Glorious Armor","Armaduras","Armadura","Dark Lord (classe inicial)","105","defesa 47, durabilidade 74","força 80, agilidade 21","Glorious Armor é um item da família armadura, catalogado em Armaduras. A configuração atual registra defesa 47, durabilidade 74. Requisitos: força 80, agilidade 21. Uso permitido: Dark Lord (classe inicial). Ocupa 2x3 espaço(s) no inventário e pode participar das tabelas de drop.","Somente cosmético ou progressão controlada","Recomendado","Equipamento deve circular prioritariamente entre jogadores; venda direta exige limites de nível e opções."
"4135","8-39","Violent Wind Armor","Armaduras","Armadura","Summoner (classe inicial)","34","defesa 22, durabilidade 36","força 39","Violent Wind Armor é um item da família armadura, catalogado em Armaduras. A configuração atual registra defesa 22, durabilidade 36. Requisitos: força 39. Uso permitido: Summoner (classe inicial). Ocupa 2x2 espaço(s) no inventário e pode participar das tabelas de drop.","Somente cosmético ou progressão controlada","Recomendado","Equipamento deve circular prioritariamente entre jogadores; venda direta exige limites de nível e opções."
"4136","8-40","Red Wing Armor","Armaduras","Armadura","Summoner (classe inicial)","56","defesa 28, durabilidade 42","força 35, agilidade 8","Red Wing Armor é um item da família armadura, catalogado em Armaduras. A configuração atual registra defesa 28, durabilidade 42. Requisitos: força 35, agilidade 8. Uso permitido: Summoner (classe inicial). Ocupa 2x2 espaço(s) no inventário e pode participar das tabelas de drop.","Somente cosmético ou progressão controlada","Recomendado","Equipamento deve circular prioritariamente entre jogadores; venda direta exige limites de nível e opções."
"4137","8-41","Ancient Armor","Armaduras","Armadura","Summoner (classe inicial)","75","defesa 35, durabilidade 54","força 52, agilidade 16","Ancient Armor é um item da família armadura, catalogado em Armaduras. A configuração atual registra defesa 35, durabilidade 54. Requisitos: força 52, agilidade 16. Uso permitido: Summoner (classe inicial). Ocupa 2x2 espaço(s) no inventário e pode participar das tabelas de drop.","Somente cosmético ou progressão controlada","Recomendado","Equipamento deve circular prioritariamente entre jogadores; venda direta exige limites de nível e opções."
"4138","8-42","Demonic Armor","Armaduras","Armadura","Summoner (segunda classe)","91","defesa 45, durabilidade 67","força 60, agilidade 20","Demonic Armor é um item da família armadura, catalogado em Armaduras. A configuração atual registra defesa 45, durabilidade 67. Requisitos: força 60, agilidade 20. Uso permitido: Summoner (segunda classe). Ocupa 2x2 espaço(s) no inventário e pode participar das tabelas de drop.","Somente cosmético ou progressão controlada","Recomendado","Equipamento deve circular prioritariamente entre jogadores; venda direta exige limites de nível e opções."
"4139","8-43","Storm Blitz Armor","Armaduras","Armadura","Summoner (segunda classe)","122","defesa 56, durabilidade 75","nível 380, força 57, agilidade 19","Storm Blitz Armor é um item da família armadura, catalogado em Armaduras. A configuração atual registra defesa 56, durabilidade 75. Requisitos: nível 380, força 57, agilidade 19. Uso permitido: Summoner (segunda classe). Ocupa 2x2 espaço(s) no inventário e pode participar das tabelas de drop.","Somente cosmético ou progressão controlada","Recomendado","Equipamento deve circular prioritariamente entre jogadores; venda direta exige limites de nível e opções."
"4140","8-44","Eternal Wing Armor","Armaduras","Armadura","Summoner (segunda classe)","131","defesa 49, durabilidade 86","nível 380, força 62, agilidade 20, energia 170","Eternal Wing Armor é um item da família armadura, catalogado em Armaduras. A configuração atual registra defesa 49, durabilidade 86. Requisitos: nível 380, força 62, agilidade 20, energia 170. Uso permitido: Summoner (segunda classe). Ocupa 2x2 espaço(s) no inventário e pode participar das tabelas de drop.","Somente cosmético ou progressão controlada","Recomendado","Equipamento deve circular prioritariamente entre jogadores; venda direta exige limites de nível e opções."
"4141","8-45","Titan  Armor","Armaduras","Armadura","Dark Knight (classe inicial)","132","defesa 81, durabilidade 86","nível 380, força 222, agilidade 32","Titan  Armor é um item da família armadura, catalogado em Armaduras. A configuração atual registra defesa 81, durabilidade 86. Requisitos: nível 380, força 222, agilidade 32. Uso permitido: Dark Knight (classe inicial). Ocupa 2x3 espaço(s) no inventário e pode participar das tabelas de drop.","Somente cosmético ou progressão controlada","Recomendado","Equipamento deve circular prioritariamente entre jogadores; venda direta exige limites de nível e opções."
"4142","8-46","Brave Armor","Armaduras","Armadura","Dark Knight (classe inicial)","128","defesa 62, durabilidade 86","nível 380, força 74, agilidade 162","Brave Armor é um item da família armadura, catalogado em Armaduras. A configuração atual registra defesa 62, durabilidade 86. Requisitos: nível 380, força 74, agilidade 162. Uso permitido: Dark Knight (classe inicial). Ocupa 2x3 espaço(s) no inventário e pode participar das tabelas de drop.","Somente cosmético ou progressão controlada","Recomendado","Equipamento deve circular prioritariamente entre jogadores; venda direta exige limites de nível e opções."
"4143","8-47","Phantom  Armor","Armaduras","Armadura","Magic Gladiator (classe inicial)","131","defesa 80, durabilidade 86","nível 380, força 212, agilidade 57","Phantom  Armor é um item da família armadura, catalogado em Armaduras. A configuração atual registra defesa 80, durabilidade 86. Requisitos: nível 380, força 212, agilidade 57. Uso permitido: Magic Gladiator (classe inicial). Ocupa 2x3 espaço(s) no inventário e pode participar das tabelas de drop.","Somente cosmético ou progressão controlada","Recomendado","Equipamento deve circular prioritariamente entre jogadores; venda direta exige limites de nível e opções."
"4144","8-48","Destroy Armor","Armaduras","Armadura","Magic Gladiator (classe inicial)","125","defesa 66, durabilidade 86","nível 380, força 62, agilidade 19, energia 165","Destroy Armor é um item da família armadura, catalogado em Armaduras. A configuração atual registra defesa 66, durabilidade 86. Requisitos: nível 380, força 62, agilidade 19, energia 165. Uso permitido: Magic Gladiator (classe inicial). Ocupa 2x3 espaço(s) no inventário e pode participar das tabelas de drop.","Somente cosmético ou progressão controlada","Recomendado","Equipamento deve circular prioritariamente entre jogadores; venda direta exige limites de nível e opções."
"4145","8-49","Seraphim Armor","Armaduras","Armadura","Fairy Elf (classe inicial)","129","defesa 60, durabilidade 86","nível 380, força 55, agilidade 197","Seraphim Armor é um item da família armadura, catalogado em Armaduras. A configuração atual registra defesa 60, durabilidade 86. Requisitos: nível 380, força 55, agilidade 197. Uso permitido: Fairy Elf (classe inicial). Ocupa 2x2 espaço(s) no inventário e pode participar das tabelas de drop.","Somente cosmético ou progressão controlada","Recomendado","Equipamento deve circular prioritariamente entre jogadores; venda direta exige limites de nível e opções."
"4146","8-50","Divine Armor","Armaduras","Armadura","Fairy Elf (classe inicial)","122","defesa 52, durabilidade 86","nível 380, força 32, agilidade 29, energia 138","Divine Armor é um item da família armadura, catalogado em Armaduras. A configuração atual registra defesa 52, durabilidade 86. Requisitos: nível 380, força 32, agilidade 29, energia 138. Uso permitido: Fairy Elf (classe inicial). Ocupa 2x2 espaço(s) no inventário e pode participar das tabelas de drop.","Somente cosmético ou progressão controlada","Recomendado","Equipamento deve circular prioritariamente entre jogadores; venda direta exige limites de nível e opções."
"4147","8-51","Royal Armor","Armaduras","Armadura","Dark Lord (classe inicial)","132","defesa 58, durabilidade 86","nível 380, força 105, agilidade 38","Royal Armor é um item da família armadura, catalogado em Armaduras. A configuração atual registra defesa 58, durabilidade 86. Requisitos: nível 380, força 105, agilidade 38. Uso permitido: Dark Lord (classe inicial). Ocupa 2x3 espaço(s) no inventário e pode participar das tabelas de drop.","Somente cosmético ou progressão controlada","Recomendado","Equipamento deve circular prioritariamente entre jogadores; venda direta exige limites de nível e opções."
"4148","8-52","Hades Armor","Armaduras","Armadura","Dark Wizard (classe inicial)","129","defesa 50, durabilidade 86","nível 380, força 60, agilidade 15, energia 181","Hades Armor é um item da família armadura, catalogado em Armaduras. A configuração atual registra defesa 50, durabilidade 86. Requisitos: nível 380, força 60, agilidade 15, energia 181. Uso permitido: Dark Wizard (classe inicial). Ocupa 2x3 espaço(s) no inventário e pode participar das tabelas de drop.","Somente cosmético ou progressão controlada","Recomendado","Equipamento deve circular prioritariamente entre jogadores; venda direta exige limites de nível e opções."
"4149","8-53","Merlin Armor","Armaduras","Armadura","Summoner (classe inicial)","150","defesa 139, durabilidade 139","nível 380, força 72, agilidade 42","Merlin Armor é um item da família armadura, catalogado em Armaduras. A configuração atual registra defesa 139, durabilidade 139. Requisitos: nível 380, força 72, agilidade 42. Uso permitido: Summoner (classe inicial). Ocupa 2x3 espaço(s) no inventário e pode participar das tabelas de drop.","Somente cosmético ou progressão controlada","Recomendado","Equipamento deve circular prioritariamente entre jogadores; venda direta exige limites de nível e opções."
"4155","8-59","Sacred Fire Armor","Armaduras","Armadura","Rage Fighter (classe inicial)","66","defesa 43, durabilidade 52","força 85, vitalidade 75","Sacred Fire Armor é um item da família armadura, catalogado em Armaduras. A configuração atual registra defesa 43, durabilidade 52. Requisitos: força 85, vitalidade 75. Uso permitido: Rage Fighter (classe inicial). Ocupa 2x3 espaço(s) no inventário e pode participar das tabelas de drop.","Somente cosmético ou progressão controlada","Recomendado","Equipamento deve circular prioritariamente entre jogadores; venda direta exige limites de nível e opções."
"4156","8-60","Storm Jahad Armor","Armaduras","Armadura","Rage Fighter (classe inicial)","82","defesa 51, durabilidade 68","força 100, vitalidade 90","Storm Jahad Armor é um item da família armadura, catalogado em Armaduras. A configuração atual registra defesa 51, durabilidade 68. Requisitos: força 100, vitalidade 90. Uso permitido: Rage Fighter (classe inicial). Ocupa 2x3 espaço(s) no inventário e pode participar das tabelas de drop.","Somente cosmético ou progressão controlada","Recomendado","Equipamento deve circular prioritariamente entre jogadores; venda direta exige limites de nível e opções."
"4157","8-61","Piercing Groove Armor","Armaduras","Armadura","Rage Fighter (classe inicial)","101","defesa 59, durabilidade 82","força 115, vitalidade 100","Piercing Groove Armor é um item da família armadura, catalogado em Armaduras. A configuração atual registra defesa 59, durabilidade 82. Requisitos: força 115, vitalidade 100. Uso permitido: Rage Fighter (classe inicial). Ocupa 2x3 espaço(s) no inventário e pode participar das tabelas de drop.","Somente cosmético ou progressão controlada","Recomendado","Equipamento deve circular prioritariamente entre jogadores; venda direta exige limites de nível e opções."
"4158","8-62","Scale Armor","Armaduras","Armadura","Dark Knight (classe inicial); Magic Gladiator (classe inicial); Dark Lord (classe inicial); Rage Fighter (classe inicial)","28","defesa 21, durabilidade 255","nível 1","Scale Armor é um item da família armadura, catalogado em Armaduras. A configuração atual registra defesa 21, durabilidade 255. Requisitos: nível 1. Uso permitido: Dark Knight (classe inicial), Magic Gladiator (classe inicial), Dark Lord (classe inicial), Rage Fighter (classe inicial). Ocupa 2x2 espaço(s) no inventário e pode participar das tabelas de drop.","Somente cosmético ou progressão controlada","Recomendado","Equipamento deve circular prioritariamente entre jogadores; venda direta exige limites de nível e opções."
"4159","8-63","Silk Armor","Armaduras","Armadura","Fairy Elf (classe inicial)","20","defesa 14, durabilidade 255","nível 1","Silk Armor é um item da família armadura, catalogado em Armaduras. A configuração atual registra defesa 14, durabilidade 255. Requisitos: nível 1. Uso permitido: Fairy Elf (classe inicial). Ocupa 2x2 espaço(s) no inventário e pode participar das tabelas de drop.","Somente cosmético ou progressão controlada","Recomendado","Equipamento deve circular prioritariamente entre jogadores; venda direta exige limites de nível e opções."
"4160","8-64","Sphinx Armor","Armaduras","Armadura","Dark Wizard (classe inicial); Magic Gladiator (classe inicial)","38","defesa 19, durabilidade 255","nível 1","Sphinx Armor é um item da família armadura, catalogado em Armaduras. A configuração atual registra defesa 19, durabilidade 255. Requisitos: nível 1. Uso permitido: Dark Wizard (classe inicial), Magic Gladiator (classe inicial). Ocupa 2x3 espaço(s) no inventário e pode participar das tabelas de drop.","Somente cosmético ou progressão controlada","Recomendado","Equipamento deve circular prioritariamente entre jogadores; venda direta exige limites de nível e opções."
"4161","8-65","Violent Wind Armor","Armaduras","Armadura","Summoner (classe inicial)","34","defesa 26, durabilidade 255","nível 1","Violent Wind Armor é um item da família armadura, catalogado em Armaduras. A configuração atual registra defesa 26, durabilidade 255. Requisitos: nível 1. Uso permitido: Summoner (classe inicial). Ocupa 2x2 espaço(s) no inventário e pode participar das tabelas de drop.","Somente cosmético ou progressão controlada","Recomendado","Equipamento deve circular prioritariamente entre jogadores; venda direta exige limites de nível e opções."
"4162","8-66","Dark Soul Armor","Armaduras","Armadura","Dark Lord (classe inicial)","78","defesa 39, durabilidade 255","nível 150","Dark Soul Armor é um item da família armadura, catalogado em Armaduras. A configuração atual registra defesa 39, durabilidade 255. Requisitos: nível 150. Uso permitido: Dark Lord (classe inicial). Ocupa 2x3 espaço(s) no inventário e pode participar das tabelas de drop.","Somente cosmético ou progressão controlada","Recomendado","Equipamento deve circular prioritariamente entre jogadores; venda direta exige limites de nível e opções."
"4163","8-67","Dragon Armor","Armaduras","Armadura","Dark Knight (classe inicial); Magic Gladiator (classe inicial)","59","defesa 42, durabilidade 255","nível 150","Dragon Armor é um item da família armadura, catalogado em Armaduras. A configuração atual registra defesa 42, durabilidade 255. Requisitos: nível 150. Uso permitido: Dark Knight (classe inicial), Magic Gladiator (classe inicial). Ocupa 2x3 espaço(s) no inventário e pode participar das tabelas de drop.","Somente cosmético ou progressão controlada","Recomendado","Equipamento deve circular prioritariamente entre jogadores; venda direta exige limites de nível e opções."
"4164","8-68","Guardian Armor","Armaduras","Armadura","Fairy Elf (classe inicial)","57","defesa 29, durabilidade 255","nível 150","Guardian Armor é um item da família armadura, catalogado em Armaduras. A configuração atual registra defesa 29, durabilidade 255. Requisitos: nível 150. Uso permitido: Fairy Elf (classe inicial). Ocupa 2x2 espaço(s) no inventário e pode participar das tabelas de drop.","Somente cosmético ou progressão controlada","Recomendado","Equipamento deve circular prioritariamente entre jogadores; venda direta exige limites de nível e opções."
"4165","8-69","Legendary Armor","Armaduras","Armadura","Dark Wizard (classe inicial); Magic Gladiator (classe inicial)","56","defesa 24, durabilidade 255","nível 150","Legendary Armor é um item da família armadura, catalogado em Armaduras. A configuração atual registra defesa 24, durabilidade 255. Requisitos: nível 150. Uso permitido: Dark Wizard (classe inicial), Magic Gladiator (classe inicial). Ocupa 2x2 espaço(s) no inventário e pode participar das tabelas de drop.","Somente cosmético ou progressão controlada","Recomendado","Equipamento deve circular prioritariamente entre jogadores; venda direta exige limites de nível e opções."
"4166","8-70","Red Wing Armor","Armaduras","Armadura","Summoner (classe inicial)","56","defesa 31, durabilidade 255","nível 150","Red Wing Armor é um item da família armadura, catalogado em Armaduras. A configuração atual registra defesa 31, durabilidade 255. Requisitos: nível 150. Uso permitido: Summoner (classe inicial). Ocupa 2x2 espaço(s) no inventário e pode participar das tabelas de drop.","Somente cosmético ou progressão controlada","Recomendado","Equipamento deve circular prioritariamente entre jogadores; venda direta exige limites de nível e opções."
"4167","8-71","Atlans Armor","Armaduras","Armadura","Magic Gladiator (classe inicial)","80","defesa 47, durabilidade 255","nível 150","Atlans Armor é um item da família armadura, catalogado em Armaduras. A configuração atual registra defesa 47, durabilidade 255. Requisitos: nível 150. Uso permitido: Magic Gladiator (classe inicial). Ocupa 2x3 espaço(s) no inventário e pode participar das tabelas de drop.","Somente cosmético ou progressão controlada","Recomendado","Equipamento deve circular prioritariamente entre jogadores; venda direta exige limites de nível e opções."
"4168","8-72","Storm Jahad Armor","Armaduras","Armadura","Rage Fighter (classe inicial)","82","defesa 43, durabilidade 255","nível 150","Storm Jahad Armor é um item da família armadura, catalogado em Armaduras. A configuração atual registra defesa 43, durabilidade 255. Requisitos: nível 150. Uso permitido: Rage Fighter (classe inicial). Ocupa 2x3 espaço(s) no inventário e pode participar das tabelas de drop.","Somente cosmético ou progressão controlada","Recomendado","Equipamento deve circular prioritariamente entre jogadores; venda direta exige limites de nível e opções."
"4169","8-73","Phoenix Soul Armor","Armaduras","Armadura","Rage Fighter (classe inicial)","143","defesa 78, durabilidade 88","nível 380, força 97, vitalidade 85","Phoenix Soul Armor é um item da família armadura, catalogado em Armaduras. A configuração atual registra defesa 78, durabilidade 88. Requisitos: nível 380, força 97, vitalidade 85. Uso permitido: Rage Fighter (classe inicial). Ocupa 2x3 espaço(s) no inventário e pode participar das tabelas de drop.","Somente cosmético ou progressão controlada","Recomendado","Equipamento deve circular prioritariamente entre jogadores; venda direta exige limites de nível e opções."
"4296","8-200","BloodMoon Armor","Armaduras","Armadura","Rage Fighter (classe inicial)","143","defesa 78, durabilidade 88","nível 380, força 97, vitalidade 85","BloodMoon Armor é um item da família armadura, catalogado em Armaduras. A configuração atual registra defesa 78, durabilidade 88. Requisitos: nível 380, força 97, vitalidade 85. Uso permitido: Rage Fighter (classe inicial). Ocupa 2x3 espaço(s) no inventário e pode participar das tabelas de drop.","Somente cosmético ou progressão controlada","Recomendado","Equipamento deve circular prioritariamente entre jogadores; venda direta exige limites de nível e opções."
"4297","8-201","BloodMoon F Armor","Armaduras","Armadura","Rage Fighter (classe inicial)","143","defesa 78, durabilidade 88","nível 380, força 97, vitalidade 85","BloodMoon F Armor é um item da família armadura, catalogado em Armaduras. A configuração atual registra defesa 78, durabilidade 88. Requisitos: nível 380, força 97, vitalidade 85. Uso permitido: Rage Fighter (classe inicial). Ocupa 2x3 espaço(s) no inventário e pode participar das tabelas de drop.","Somente cosmético ou progressão controlada","Recomendado","Equipamento deve circular prioritariamente entre jogadores; venda direta exige limites de nível e opções."
"4608","9-0","Bronze Pants","Calças","Armadura","Dark Knight (classe inicial); Magic Gladiator (classe inicial); Dark Lord (classe inicial)","15","defesa 10, durabilidade 34","força 80, agilidade 20","Bronze Pants é um item da família armadura, catalogado em Calças. A configuração atual registra defesa 10, durabilidade 34. Requisitos: força 80, agilidade 20. Uso permitido: Dark Knight (classe inicial), Magic Gladiator (classe inicial), Dark Lord (classe inicial). Ocupa 2x2 espaço(s) no inventário e pode participar das tabelas de drop.","Somente cosmético ou progressão controlada","Recomendado","Equipamento deve circular prioritariamente entre jogadores; venda direta exige limites de nível e opções."
"4609","9-1","Dragon Pants","Calças","Armadura","Dark Knight (classe inicial); Magic Gladiator (classe inicial)","55","defesa 26, durabilidade 68","força 120, agilidade 30","Dragon Pants é um item da família armadura, catalogado em Calças. A configuração atual registra defesa 26, durabilidade 68. Requisitos: força 120, agilidade 30. Uso permitido: Dark Knight (classe inicial), Magic Gladiator (classe inicial). Ocupa 2x2 espaço(s) no inventário e pode participar das tabelas de drop.","Somente cosmético ou progressão controlada","Recomendado","Equipamento deve circular prioritariamente entre jogadores; venda direta exige limites de nível e opções."
"4610","9-2","Pad Pants","Calças","Armadura","Dark Wizard (classe inicial); Magic Gladiator (classe inicial)","8","defesa 5, durabilidade 28","força 30","Pad Pants é um item da família armadura, catalogado em Calças. A configuração atual registra defesa 5, durabilidade 28. Requisitos: força 30. Uso permitido: Dark Wizard (classe inicial), Magic Gladiator (classe inicial). Ocupa 2x2 espaço(s) no inventário e pode participar das tabelas de drop.","Somente cosmético ou progressão controlada","Recomendado","Equipamento deve circular prioritariamente entre jogadores; venda direta exige limites de nível e opções."
"4611","9-3","Legendary Pants","Calças","Armadura","Dark Wizard (classe inicial); Magic Gladiator (classe inicial)","53","defesa 20, durabilidade 42","força 40","Legendary Pants é um item da família armadura, catalogado em Calças. A configuração atual registra defesa 20, durabilidade 42. Requisitos: força 40. Uso permitido: Dark Wizard (classe inicial), Magic Gladiator (classe inicial). Ocupa 2x2 espaço(s) no inventário e pode participar das tabelas de drop.","Somente cosmético ou progressão controlada","Recomendado","Equipamento deve circular prioritariamente entre jogadores; venda direta exige limites de nível e opções."
"4612","9-4","Bone Pants","Calças","Armadura","Dark Wizard (classe inicial); Magic Gladiator (classe inicial)","20","defesa 10, durabilidade 30","força 40","Bone Pants é um item da família armadura, catalogado em Calças. A configuração atual registra defesa 10, durabilidade 30. Requisitos: força 40. Uso permitido: Dark Wizard (classe inicial), Magic Gladiator (classe inicial). Ocupa 2x2 espaço(s) no inventário e pode participar das tabelas de drop.","Somente cosmético ou progressão controlada","Recomendado","Equipamento deve circular prioritariamente entre jogadores; venda direta exige limites de nível e opções."
"4613","9-5","Leather Pants","Calças","Armadura","Dark Knight (classe inicial); Magic Gladiator (classe inicial); Dark Lord (classe inicial); Rage Fighter (classe inicial)","8","defesa 7, durabilidade 30","força 80","Leather Pants é um item da família armadura, catalogado em Calças. A configuração atual registra defesa 7, durabilidade 30. Requisitos: força 80. Uso permitido: Dark Knight (classe inicial), Magic Gladiator (classe inicial), Dark Lord (classe inicial), Rage Fighter (classe inicial). Ocupa 2x2 espaço(s) no inventário e pode participar das tabelas de drop.","Somente cosmético ou progressão controlada","Recomendado","Equipamento deve circular prioritariamente entre jogadores; venda direta exige limites de nível e opções."
"4614","9-6","Scale Pants","Calças","Armadura","Dark Knight (classe inicial); Magic Gladiator (classe inicial); Dark Lord (classe inicial); Rage Fighter (classe inicial)","25","defesa 14, durabilidade 40","força 110","Scale Pants é um item da família armadura, catalogado em Calças. A configuração atual registra defesa 14, durabilidade 40. Requisitos: força 110. Uso permitido: Dark Knight (classe inicial), Magic Gladiator (classe inicial), Dark Lord (classe inicial), Rage Fighter (classe inicial). Ocupa 2x2 espaço(s) no inventário e pode participar das tabelas de drop.","Somente cosmético ou progressão controlada","Recomendado","Equipamento deve circular prioritariamente entre jogadores; venda direta exige limites de nível e opções."
"4615","9-7","Sphinx Pants","Calças","Armadura","Dark Wizard (classe inicial); Magic Gladiator (classe inicial)","34","defesa 15, durabilidade 36","força 40","Sphinx Pants é um item da família armadura, catalogado em Calças. A configuração atual registra defesa 15, durabilidade 36. Requisitos: força 40. Uso permitido: Dark Wizard (classe inicial), Magic Gladiator (classe inicial). Ocupa 2x2 espaço(s) no inventário e pode participar das tabelas de drop.","Somente cosmético ou progressão controlada","Recomendado","Equipamento deve circular prioritariamente entre jogadores; venda direta exige limites de nível e opções."
"4616","9-8","Brass Pants","Calças","Armadura","Dark Knight (classe inicial); Magic Gladiator (classe inicial); Rage Fighter (classe inicial)","35","defesa 18, durabilidade 44","força 100, agilidade 30","Brass Pants é um item da família armadura, catalogado em Calças. A configuração atual registra defesa 18, durabilidade 44. Requisitos: força 100, agilidade 30. Uso permitido: Dark Knight (classe inicial), Magic Gladiator (classe inicial), Rage Fighter (classe inicial). Ocupa 2x2 espaço(s) no inventário e pode participar das tabelas de drop.","Somente cosmético ou progressão controlada","Recomendado","Equipamento deve circular prioritariamente entre jogadores; venda direta exige limites de nível e opções."
"4617","9-9","Plate Pants","Calças","Armadura","Dark Knight (classe inicial); Magic Gladiator (classe inicial); Rage Fighter (classe inicial)","45","defesa 22, durabilidade 50","força 130","Plate Pants é um item da família armadura, catalogado em Calças. A configuração atual registra defesa 22, durabilidade 50. Requisitos: força 130. Uso permitido: Dark Knight (classe inicial), Magic Gladiator (classe inicial), Rage Fighter (classe inicial). Ocupa 2x2 espaço(s) no inventário e pode participar das tabelas de drop.","Somente cosmético ou progressão controlada","Recomendado","Equipamento deve circular prioritariamente entre jogadores; venda direta exige limites de nível e opções."
"4618","9-10","Vine Pants","Calças","Armadura","Fairy Elf (classe inicial)","8","defesa 6, durabilidade 22","força 30, agilidade 60","Vine Pants é um item da família armadura, catalogado em Calças. A configuração atual registra defesa 6, durabilidade 22. Requisitos: força 30, agilidade 60. Uso permitido: Fairy Elf (classe inicial). Ocupa 2x2 espaço(s) no inventário e pode participar das tabelas de drop.","Somente cosmético ou progressão controlada","Recomendado","Equipamento deve circular prioritariamente entre jogadores; venda direta exige limites de nível e opções."
"4619","9-11","Silk Pants","Calças","Armadura","Fairy Elf (classe inicial)","18","defesa 10, durabilidade 26","força 30, agilidade 70","Silk Pants é um item da família armadura, catalogado em Calças. A configuração atual registra defesa 10, durabilidade 26. Requisitos: força 30, agilidade 70. Uso permitido: Fairy Elf (classe inicial). Ocupa 2x2 espaço(s) no inventário e pode participar das tabelas de drop.","Somente cosmético ou progressão controlada","Recomendado","Equipamento deve circular prioritariamente entre jogadores; venda direta exige limites de nível e opções."
"4620","9-12","Wind Pants","Calças","Armadura","Fairy Elf (classe inicial)","30","defesa 14, durabilidade 32","força 30, agilidade 80","Wind Pants é um item da família armadura, catalogado em Calças. A configuração atual registra defesa 14, durabilidade 32. Requisitos: força 30, agilidade 80. Uso permitido: Fairy Elf (classe inicial). Ocupa 2x2 espaço(s) no inventário e pode participar das tabelas de drop.","Somente cosmético ou progressão controlada","Recomendado","Equipamento deve circular prioritariamente entre jogadores; venda direta exige limites de nível e opções."
"4621","9-13","Spirit Pants","Calças","Armadura","Fairy Elf (classe inicial)","42","defesa 18, durabilidade 38","força 40, agilidade 80","Spirit Pants é um item da família armadura, catalogado em Calças. A configuração atual registra defesa 18, durabilidade 38. Requisitos: força 40, agilidade 80. Uso permitido: Fairy Elf (classe inicial). Ocupa 2x2 espaço(s) no inventário e pode participar das tabelas de drop.","Somente cosmético ou progressão controlada","Recomendado","Equipamento deve circular prioritariamente entre jogadores; venda direta exige limites de nível e opções."
"4622","9-14","Guardian Pants","Calças","Armadura","Fairy Elf (classe inicial)","54","defesa 25, durabilidade 45","força 40, agilidade 80","Guardian Pants é um item da família armadura, catalogado em Calças. A configuração atual registra defesa 25, durabilidade 45. Requisitos: força 40, agilidade 80. Uso permitido: Fairy Elf (classe inicial). Ocupa 2x2 espaço(s) no inventário e pode participar das tabelas de drop.","Somente cosmético ou progressão controlada","Recomendado","Equipamento deve circular prioritariamente entre jogadores; venda direta exige limites de nível e opções."
"4623","9-15","Storm Crow Pants","Calças","Armadura","Magic Gladiator (classe inicial)","74","defesa 34, durabilidade 80","força 150, agilidade 70","Storm Crow Pants é um item da família armadura, catalogado em Calças. A configuração atual registra defesa 34, durabilidade 80. Requisitos: força 150, agilidade 70. Uso permitido: Magic Gladiator (classe inicial). Ocupa 2x2 espaço(s) no inventário e pode participar das tabelas de drop.","Somente cosmético ou progressão controlada","Recomendado","Equipamento deve circular prioritariamente entre jogadores; venda direta exige limites de nível e opções."
"4624","9-16","Black Dragon Pants","Calças","Armadura","Dark Knight (classe inicial)","84","defesa 40, durabilidade 74","força 170, agilidade 60","Black Dragon Pants é um item da família armadura, catalogado em Calças. A configuração atual registra defesa 40, durabilidade 74. Requisitos: força 170, agilidade 60. Uso permitido: Dark Knight (classe inicial). Ocupa 2x2 espaço(s) no inventário e pode participar das tabelas de drop.","Somente cosmético ou progressão controlada","Recomendado","Equipamento deve circular prioritariamente entre jogadores; venda direta exige limites de nível e opções."
"4625","9-17","Dark Phoenix Pants","Calças","Armadura","Dark Knight (segunda classe)","96","defesa 54, durabilidade 80","força 207, agilidade 63","Dark Phoenix Pants é um item da família armadura, catalogado em Calças. A configuração atual registra defesa 54, durabilidade 80. Requisitos: força 207, agilidade 63. Uso permitido: Dark Knight (segunda classe). Ocupa 2x2 espaço(s) no inventário e pode participar das tabelas de drop.","Somente cosmético ou progressão controlada","Recomendado","Equipamento deve circular prioritariamente entre jogadores; venda direta exige limites de nível e opções."
"4626","9-18","Grand Soul Pants","Calças","Armadura","Dark Wizard (segunda classe)","86","defesa 30, durabilidade 67","força 59, agilidade 20","Grand Soul Pants é um item da família armadura, catalogado em Calças. A configuração atual registra defesa 30, durabilidade 67. Requisitos: força 59, agilidade 20. Uso permitido: Dark Wizard (segunda classe). Ocupa 2x2 espaço(s) no inventário e pode participar das tabelas de drop.","Somente cosmético ou progressão controlada","Recomendado","Equipamento deve circular prioritariamente entre jogadores; venda direta exige limites de nível e opções."
"4627","9-19","Divine Pants","Calças","Armadura","Fairy Elf (segunda classe)","88","defesa 39, durabilidade 74","força 50, agilidade 110","Divine Pants é um item da família armadura, catalogado em Calças. A configuração atual registra defesa 39, durabilidade 74. Requisitos: força 50, agilidade 110. Uso permitido: Fairy Elf (segunda classe). Ocupa 2x2 espaço(s) no inventário e pode participar das tabelas de drop.","Somente cosmético ou progressão controlada","Recomendado","Equipamento deve circular prioritariamente entre jogadores; venda direta exige limites de nível e opções."
"4628","9-20","Thunder Hawk Pants","Calças","Armadura","Magic Gladiator (classe inicial)","99","defesa 49, durabilidade 82","força 150, agilidade 70","Thunder Hawk Pants é um item da família armadura, catalogado em Calças. A configuração atual registra defesa 49, durabilidade 82. Requisitos: força 150, agilidade 70. Uso permitido: Magic Gladiator (classe inicial). Ocupa 2x2 espaço(s) no inventário e pode participar das tabelas de drop.","Somente cosmético ou progressão controlada","Recomendado","Equipamento deve circular prioritariamente entre jogadores; venda direta exige limites de nível e opções."
"4629","9-21","Great Dragon Pants","Calças","Armadura","Dark Knight (segunda classe)","113","defesa 65, durabilidade 86","força 200, agilidade 58","Great Dragon Pants é um item da família armadura, catalogado em Calças. A configuração atual registra defesa 65, durabilidade 86. Requisitos: força 200, agilidade 58. Uso permitido: Dark Knight (segunda classe). Ocupa 2x2 espaço(s) no inventário e pode participar das tabelas de drop.","Somente cosmético ou progressão controlada","Recomendado","Equipamento deve circular prioritariamente entre jogadores; venda direta exige limites de nível e opções."
"4630","9-22","Dark Soul Pants","Calças","Armadura","Dark Wizard (segunda classe)","117","defesa 39, durabilidade 75","força 55, agilidade 18","Dark Soul Pants é um item da família armadura, catalogado em Calças. A configuração atual registra defesa 39, durabilidade 75. Requisitos: força 55, agilidade 18. Uso permitido: Dark Wizard (segunda classe). Ocupa 2x2 espaço(s) no inventário e pode participar das tabelas de drop.","Somente cosmético ou progressão controlada","Recomendado","Equipamento deve circular prioritariamente entre jogadores; venda direta exige limites de nível e opções."
"4631","9-23","Hurricane Pants","Calças","Armadura","Magic Gladiator (classe inicial)","122","defesa 61, durabilidade 90","força 162, agilidade 66","Hurricane Pants é um item da família armadura, catalogado em Calças. A configuração atual registra defesa 61, durabilidade 90. Requisitos: força 162, agilidade 66. Uso permitido: Magic Gladiator (classe inicial). Ocupa 2x2 espaço(s) no inventário e pode participar das tabelas de drop.","Somente cosmético ou progressão controlada","Recomendado","Equipamento deve circular prioritariamente entre jogadores; venda direta exige limites de nível e opções."
"4632","9-24","Red Spirit Pants","Calças","Armadura","Fairy Elf (segunda classe)","100","defesa 48, durabilidade 80","força 52, agilidade 115","Red Spirit Pants é um item da família armadura, catalogado em Calças. A configuração atual registra defesa 48, durabilidade 80. Requisitos: força 52, agilidade 115. Uso permitido: Fairy Elf (segunda classe). Ocupa 2x2 espaço(s) no inventário e pode participar das tabelas de drop.","Somente cosmético ou progressão controlada","Recomendado","Equipamento deve circular prioritariamente entre jogadores; venda direta exige limites de nível e opções."
"4633","9-25","Light Plate Pants","Calças","Armadura","Dark Lord (classe inicial)","50","defesa 21, durabilidade 42","força 70, agilidade 20","Light Plate Pants é um item da família armadura, catalogado em Calças. A configuração atual registra defesa 21, durabilidade 42. Requisitos: força 70, agilidade 20. Uso permitido: Dark Lord (classe inicial). Ocupa 2x2 espaço(s) no inventário e pode participar das tabelas de drop.","Somente cosmético ou progressão controlada","Recomendado","Equipamento deve circular prioritariamente entre jogadores; venda direta exige limites de nível e opções."
"4634","9-26","Adamantine Pants","Calças","Armadura","Dark Lord (classe inicial)","70","defesa 26, durabilidade 56","força 77, agilidade 21","Adamantine Pants é um item da família armadura, catalogado em Calças. A configuração atual registra defesa 26, durabilidade 56. Requisitos: força 77, agilidade 21. Uso permitido: Dark Lord (classe inicial). Ocupa 2x2 espaço(s) no inventário e pode participar das tabelas de drop.","Somente cosmético ou progressão controlada","Recomendado","Equipamento deve circular prioritariamente entre jogadores; venda direta exige limites de nível e opções."
"4635","9-27","Dark Steel Pants","Calças","Armadura","Dark Lord (classe inicial)","92","defesa 31, durabilidade 70","força 84, agilidade 22","Dark Steel Pants é um item da família armadura, catalogado em Calças. A configuração atual registra defesa 31, durabilidade 70. Requisitos: força 84, agilidade 22. Uso permitido: Dark Lord (classe inicial). Ocupa 2x2 espaço(s) no inventário e pode participar das tabelas de drop.","Somente cosmético ou progressão controlada","Recomendado","Equipamento deve circular prioritariamente entre jogadores; venda direta exige limites de nível e opções."
"4636","9-28","Dark Master Pants","Calças","Armadura","Dark Lord (classe inicial)","110","defesa 39, durabilidade 78","força 80, agilidade 21","Dark Master Pants é um item da família armadura, catalogado em Calças. A configuração atual registra defesa 39, durabilidade 78. Requisitos: força 80, agilidade 21. Uso permitido: Dark Lord (classe inicial). Ocupa 2x2 espaço(s) no inventário e pode participar das tabelas de drop.","Somente cosmético ou progressão controlada","Recomendado","Equipamento deve circular prioritariamente entre jogadores; venda direta exige limites de nível e opções."
"4637","9-29","Dragon Knight Pants","Calças","Armadura","Dark Knight (segunda classe)","134","defesa 78, durabilidade 90","nível 380, força 170, agilidade 60","Dragon Knight Pants é um item da família armadura, catalogado em Calças. A configuração atual registra defesa 78, durabilidade 90. Requisitos: nível 380, força 170, agilidade 60. Uso permitido: Dark Knight (segunda classe). Ocupa 2x2 espaço(s) no inventário e pode participar das tabelas de drop.","Somente cosmético ou progressão controlada","Recomendado","Equipamento deve circular prioritariamente entre jogadores; venda direta exige limites de nível e opções."
"4638","9-30","Venom Mist Pants","Calças","Armadura","Dark Wizard (segunda classe)","135","defesa 55, durabilidade 86","nível 380, força 44, agilidade 15","Venom Mist Pants é um item da família armadura, catalogado em Calças. A configuração atual registra defesa 55, durabilidade 86. Requisitos: nível 380, força 44, agilidade 15. Uso permitido: Dark Wizard (segunda classe). Ocupa 2x2 espaço(s) no inventário e pode participar das tabelas de drop.","Somente cosmético ou progressão controlada","Recomendado","Equipamento deve circular prioritariamente entre jogadores; venda direta exige limites de nível e opções."
"4639","9-31","Sylphid Ray Pants","Calças","Armadura","Fairy Elf (segunda classe)","135","defesa 61, durabilidade 86","nível 380, força 38, agilidade 80","Sylphid Ray Pants é um item da família armadura, catalogado em Calças. A configuração atual registra defesa 61, durabilidade 86. Requisitos: nível 380, força 38, agilidade 80. Uso permitido: Fairy Elf (segunda classe). Ocupa 2x2 espaço(s) no inventário e pode participar das tabelas de drop.","Somente cosmético ou progressão controlada","Recomendado","Equipamento deve circular prioritariamente entre jogadores; venda direta exige limites de nível e opções."
"4640","9-32","Volcano Pants","Calças","Armadura","Magic Gladiator (classe inicial)","135","defesa 74, durabilidade 95","nível 380, força 145, agilidade 60","Volcano Pants é um item da família armadura, catalogado em Calças. A configuração atual registra defesa 74, durabilidade 95. Requisitos: nível 380, força 145, agilidade 60. Uso permitido: Magic Gladiator (classe inicial). Ocupa 2x2 espaço(s) no inventário e pode participar das tabelas de drop.","Somente cosmético ou progressão controlada","Recomendado","Equipamento deve circular prioritariamente entre jogadores; venda direta exige limites de nível e opções."
"4641","9-33","Sunlight Pants","Calças","Armadura","Dark Lord (classe inicial)","140","defesa 52, durabilidade 82","nível 380, força 62, agilidade 16","Sunlight Pants é um item da família armadura, catalogado em Calças. A configuração atual registra defesa 52, durabilidade 82. Requisitos: nível 380, força 62, agilidade 16. Uso permitido: Dark Lord (classe inicial). Ocupa 2x2 espaço(s) no inventário e pode participar das tabelas de drop.","Somente cosmético ou progressão controlada","Recomendado","Equipamento deve circular prioritariamente entre jogadores; venda direta exige limites de nível e opções."
"4642","9-34","Ashcrow Pants","Calças","Armadura","Dark Knight (classe inicial)","69","defesa 33, durabilidade 72","força 160, agilidade 50","Ashcrow Pants é um item da família armadura, catalogado em Calças. A configuração atual registra defesa 33, durabilidade 72. Requisitos: força 160, agilidade 50. Uso permitido: Dark Knight (classe inicial). Ocupa 2x2 espaço(s) no inventário e pode participar das tabelas de drop.","Somente cosmético ou progressão controlada","Recomendado","Equipamento deve circular prioritariamente entre jogadores; venda direta exige limites de nível e opções."
"4643","9-35","Eclipse Pants","Calças","Armadura","Dark Wizard (classe inicial)","69","defesa 25, durabilidade 54","força 53, agilidade 12","Eclipse Pants é um item da família armadura, catalogado em Calças. A configuração atual registra defesa 25, durabilidade 54. Requisitos: força 53, agilidade 12. Uso permitido: Dark Wizard (classe inicial). Ocupa 2x2 espaço(s) no inventário e pode participar das tabelas de drop.","Somente cosmético ou progressão controlada","Recomendado","Equipamento deve circular prioritariamente entre jogadores; venda direta exige limites de nível e opções."
"4644","9-36","Iris Pants","Calças","Armadura","Fairy Elf (classe inicial)","69","defesa 32, durabilidade 59","força 50, agilidade 70","Iris Pants é um item da família armadura, catalogado em Calças. A configuração atual registra defesa 32, durabilidade 59. Requisitos: força 50, agilidade 70. Uso permitido: Fairy Elf (classe inicial). Ocupa 2x2 espaço(s) no inventário e pode participar das tabelas de drop.","Somente cosmético ou progressão controlada","Recomendado","Equipamento deve circular prioritariamente entre jogadores; venda direta exige limites de nível e opções."
"4645","9-37","Valiant Pants","Calças","Armadura","Magic Gladiator (classe inicial)","101","defesa 41, durabilidade 81","força 155, agilidade 50","Valiant Pants é um item da família armadura, catalogado em Calças. A configuração atual registra defesa 41, durabilidade 81. Requisitos: força 155, agilidade 50. Uso permitido: Magic Gladiator (classe inicial). Ocupa 2x2 espaço(s) no inventário e pode participar das tabelas de drop.","Somente cosmético ou progressão controlada","Recomendado","Equipamento deve circular prioritariamente entre jogadores; venda direta exige limites de nível e opções."
"4646","9-38","Glorious Pants","Calças","Armadura","Dark Lord (classe inicial)","101","defesa 35, durabilidade 74","força 80, agilidade 21","Glorious Pants é um item da família armadura, catalogado em Calças. A configuração atual registra defesa 35, durabilidade 74. Requisitos: força 80, agilidade 21. Uso permitido: Dark Lord (classe inicial). Ocupa 2x2 espaço(s) no inventário e pode participar das tabelas de drop.","Somente cosmético ou progressão controlada","Recomendado","Equipamento deve circular prioritariamente entre jogadores; venda direta exige limites de nível e opções."
"4647","9-39","Violent Wind Pants","Calças","Armadura","Summoner (classe inicial)","30","defesa 16, durabilidade 36","força 36","Violent Wind Pants é um item da família armadura, catalogado em Calças. A configuração atual registra defesa 16, durabilidade 36. Requisitos: força 36. Uso permitido: Summoner (classe inicial). Ocupa 2x2 espaço(s) no inventário e pode participar das tabelas de drop.","Somente cosmético ou progressão controlada","Recomendado","Equipamento deve circular prioritariamente entre jogadores; venda direta exige limites de nível e opções."
"4648","9-40","Red Wing Pants","Calças","Armadura","Summoner (classe inicial)","53","defesa 22, durabilidade 42","força 35, agilidade 7","Red Wing Pants é um item da família armadura, catalogado em Calças. A configuração atual registra defesa 22, durabilidade 42. Requisitos: força 35, agilidade 7. Uso permitido: Summoner (classe inicial). Ocupa 2x2 espaço(s) no inventário e pode participar das tabelas de drop.","Somente cosmético ou progressão controlada","Recomendado","Equipamento deve circular prioritariamente entre jogadores; venda direta exige limites de nível e opções."
"4649","9-41","Ancient Pants","Calças","Armadura","Summoner (classe inicial)","72","defesa 28, durabilidade 54","força 49, agilidade 16","Ancient Pants é um item da família armadura, catalogado em Calças. A configuração atual registra defesa 28, durabilidade 54. Requisitos: força 49, agilidade 16. Uso permitido: Summoner (classe inicial). Ocupa 2x2 espaço(s) no inventário e pode participar das tabelas de drop.","Somente cosmético ou progressão controlada","Recomendado","Equipamento deve circular prioritariamente entre jogadores; venda direta exige limites de nível e opções."
"4650","9-42","Demonic Pants","Calças","Armadura","Summoner (segunda classe)","86","defesa 37, durabilidade 67","força 60, agilidade 20","Demonic Pants é um item da família armadura, catalogado em Calças. A configuração atual registra defesa 37, durabilidade 67. Requisitos: força 60, agilidade 20. Uso permitido: Summoner (segunda classe). Ocupa 2x2 espaço(s) no inventário e pode participar das tabelas de drop.","Somente cosmético ou progressão controlada","Recomendado","Equipamento deve circular prioritariamente entre jogadores; venda direta exige limites de nível e opções."
"4651","9-43","Storm Blitz Pants","Calças","Armadura","Summoner (segunda classe)","117","defesa 49, durabilidade 75","nível 380, força 57, agilidade 19","Storm Blitz Pants é um item da família armadura, catalogado em Calças. A configuração atual registra defesa 49, durabilidade 75. Requisitos: nível 380, força 57, agilidade 19. Uso permitido: Summoner (segunda classe). Ocupa 2x2 espaço(s) no inventário e pode participar das tabelas de drop.","Somente cosmético ou progressão controlada","Recomendado","Equipamento deve circular prioritariamente entre jogadores; venda direta exige limites de nível e opções."
"4652","9-44","Eternal Wing Pants","Calças","Armadura","Summoner (segunda classe)","122","defesa 41, durabilidade 86","nível 380, força 62, agilidade 20, energia 170","Eternal Wing Pants é um item da família armadura, catalogado em Calças. A configuração atual registra defesa 41, durabilidade 86. Requisitos: nível 380, força 62, agilidade 20, energia 170. Uso permitido: Summoner (segunda classe). Ocupa 2x2 espaço(s) no inventário e pode participar das tabelas de drop.","Somente cosmético ou progressão controlada","Recomendado","Equipamento deve circular prioritariamente entre jogadores; venda direta exige limites de nível e opções."
"4653","9-45","Titan  Pants","Calças","Armadura","Dark Knight (classe inicial)","116","defesa 74, durabilidade 86","nível 380, força 222, agilidade 32","Titan  Pants é um item da família armadura, catalogado em Calças. A configuração atual registra defesa 74, durabilidade 86. Requisitos: nível 380, força 222, agilidade 32. Uso permitido: Dark Knight (classe inicial). Ocupa 2x2 espaço(s) no inventário e pode participar das tabelas de drop.","Somente cosmético ou progressão controlada","Recomendado","Equipamento deve circular prioritariamente entre jogadores; venda direta exige limites de nível e opções."
"4654","9-46","Brave Pants","Calças","Armadura","Dark Knight (classe inicial)","112","defesa 58, durabilidade 86","nível 380, força 74, agilidade 162","Brave Pants é um item da família armadura, catalogado em Calças. A configuração atual registra defesa 58, durabilidade 86. Requisitos: nível 380, força 74, agilidade 162. Uso permitido: Dark Knight (classe inicial). Ocupa 2x2 espaço(s) no inventário e pode participar das tabelas de drop.","Somente cosmético ou progressão controlada","Recomendado","Equipamento deve circular prioritariamente entre jogadores; venda direta exige limites de nível e opções."
"4655","9-47","Phantom  Pants","Calças","Armadura","Magic Gladiator (classe inicial)","115","defesa 66, durabilidade 86","nível 380, força 212, agilidade 57","Phantom  Pants é um item da família armadura, catalogado em Calças. A configuração atual registra defesa 66, durabilidade 86. Requisitos: nível 380, força 212, agilidade 57. Uso permitido: Magic Gladiator (classe inicial). Ocupa 2x2 espaço(s) no inventário e pode participar das tabelas de drop.","Somente cosmético ou progressão controlada","Recomendado","Equipamento deve circular prioritariamente entre jogadores; venda direta exige limites de nível e opções."
"4656","9-48","Destroy Pants","Calças","Armadura","Magic Gladiator (classe inicial)","113","defesa 51, durabilidade 86","nível 380, força 62, agilidade 19, energia 165","Destroy Pants é um item da família armadura, catalogado em Calças. A configuração atual registra defesa 51, durabilidade 86. Requisitos: nível 380, força 62, agilidade 19, energia 165. Uso permitido: Magic Gladiator (classe inicial). Ocupa 2x2 espaço(s) no inventário e pode participar das tabelas de drop.","Somente cosmético ou progressão controlada","Recomendado","Equipamento deve circular prioritariamente entre jogadores; venda direta exige limites de nível e opções."
"4657","9-49","Seraphim Pants","Calças","Armadura","Fairy Elf (classe inicial)","116","defesa 53, durabilidade 86","nível 380, força 55, agilidade 197","Seraphim Pants é um item da família armadura, catalogado em Calças. A configuração atual registra defesa 53, durabilidade 86. Requisitos: nível 380, força 55, agilidade 197. Uso permitido: Fairy Elf (classe inicial). Ocupa 2x2 espaço(s) no inventário e pode participar das tabelas de drop.","Somente cosmético ou progressão controlada","Recomendado","Equipamento deve circular prioritariamente entre jogadores; venda direta exige limites de nível e opções."
"4658","9-50","Divine Pants","Calças","Armadura","Fairy Elf (classe inicial)","109","defesa 46, durabilidade 86","nível 380, força 32, agilidade 29, energia 138","Divine Pants é um item da família armadura, catalogado em Calças. A configuração atual registra defesa 46, durabilidade 86. Requisitos: nível 380, força 32, agilidade 29, energia 138. Uso permitido: Fairy Elf (classe inicial). Ocupa 2x2 espaço(s) no inventário e pode participar das tabelas de drop.","Somente cosmético ou progressão controlada","Recomendado","Equipamento deve circular prioritariamente entre jogadores; venda direta exige limites de nível e opções."
"4659","9-51","Royal Pants","Calças","Armadura","Dark Lord (classe inicial)","116","defesa 46, durabilidade 86","nível 380, força 105, agilidade 38","Royal Pants é um item da família armadura, catalogado em Calças. A configuração atual registra defesa 46, durabilidade 86. Requisitos: nível 380, força 105, agilidade 38. Uso permitido: Dark Lord (classe inicial). Ocupa 2x2 espaço(s) no inventário e pode participar das tabelas de drop.","Somente cosmético ou progressão controlada","Recomendado","Equipamento deve circular prioritariamente entre jogadores; venda direta exige limites de nível e opções."
"4660","9-52","Hades Pants","Calças","Armadura","Dark Wizard (classe inicial)","114","defesa 44, durabilidade 86","nível 380, força 60, agilidade 15, energia 181","Hades Pants é um item da família armadura, catalogado em Calças. A configuração atual registra defesa 44, durabilidade 86. Requisitos: nível 380, força 60, agilidade 15, energia 181. Uso permitido: Dark Wizard (classe inicial). Ocupa 2x2 espaço(s) no inventário e pode participar das tabelas de drop.","Somente cosmético ou progressão controlada","Recomendado","Equipamento deve circular prioritariamente entre jogadores; venda direta exige limites de nível e opções."
"4661","9-53","Merlin Pants","Calças","Armadura","Summoner (classe inicial)","143","defesa 130, durabilidade 86","nível 380, força 60, agilidade 15","Merlin Pants é um item da família armadura, catalogado em Calças. A configuração atual registra defesa 130, durabilidade 86. Requisitos: nível 380, força 60, agilidade 15. Uso permitido: Summoner (classe inicial). Ocupa 2x2 espaço(s) no inventário e pode participar das tabelas de drop.","Somente cosmético ou progressão controlada","Recomendado","Equipamento deve circular prioritariamente entre jogadores; venda direta exige limites de nível e opções."
"4667","9-59","Sacred Fire Pants","Calças","Armadura","Rage Fighter (classe inicial)","62","defesa 33, durabilidade 52","força 85, vitalidade 75","Sacred Fire Pants é um item da família armadura, catalogado em Calças. A configuração atual registra defesa 33, durabilidade 52. Requisitos: força 85, vitalidade 75. Uso permitido: Rage Fighter (classe inicial). Ocupa 2x2 espaço(s) no inventário e pode participar das tabelas de drop.","Somente cosmético ou progressão controlada","Recomendado","Equipamento deve circular prioritariamente entre jogadores; venda direta exige limites de nível e opções."
"4668","9-60","Storm Jahad Pants","Calças","Armadura","Rage Fighter (classe inicial)","78","defesa 41, durabilidade 68","força 100, vitalidade 90","Storm Jahad Pants é um item da família armadura, catalogado em Calças. A configuração atual registra defesa 41, durabilidade 68. Requisitos: força 100, vitalidade 90. Uso permitido: Rage Fighter (classe inicial). Ocupa 2x2 espaço(s) no inventário e pode participar das tabelas de drop.","Somente cosmético ou progressão controlada","Recomendado","Equipamento deve circular prioritariamente entre jogadores; venda direta exige limites de nível e opções."
"4669","9-61","Piercing Groove Pants","Calças","Armadura","Rage Fighter (classe inicial)","95","defesa 49, durabilidade 82","força 115, vitalidade 100","Piercing Groove Pants é um item da família armadura, catalogado em Calças. A configuração atual registra defesa 49, durabilidade 82. Requisitos: força 115, vitalidade 100. Uso permitido: Rage Fighter (classe inicial). Ocupa 2x2 espaço(s) no inventário e pode participar das tabelas de drop.","Somente cosmético ou progressão controlada","Recomendado","Equipamento deve circular prioritariamente entre jogadores; venda direta exige limites de nível e opções."
"4670","9-62","Scale Pants","Calças","Armadura","Dark Knight (classe inicial); Magic Gladiator (classe inicial); Dark Lord (classe inicial); Rage Fighter (classe inicial)","25","defesa 18, durabilidade 255","nível 1","Scale Pants é um item da família armadura, catalogado em Calças. A configuração atual registra defesa 18, durabilidade 255. Requisitos: nível 1. Uso permitido: Dark Knight (classe inicial), Magic Gladiator (classe inicial), Dark Lord (classe inicial), Rage Fighter (classe inicial). Ocupa 2x2 espaço(s) no inventário e pode participar das tabelas de drop.","Somente cosmético ou progressão controlada","Recomendado","Equipamento deve circular prioritariamente entre jogadores; venda direta exige limites de nível e opções."
"4671","9-63","Silk Pants","Calças","Armadura","Fairy Elf (classe inicial)","18","defesa 13, durabilidade 255","nível 1","Silk Pants é um item da família armadura, catalogado em Calças. A configuração atual registra defesa 13, durabilidade 255. Requisitos: nível 1. Uso permitido: Fairy Elf (classe inicial). Ocupa 2x2 espaço(s) no inventário e pode participar das tabelas de drop.","Somente cosmético ou progressão controlada","Recomendado","Equipamento deve circular prioritariamente entre jogadores; venda direta exige limites de nível e opções."
"4672","9-64","Sphinx Pants","Calças","Armadura","Dark Wizard (classe inicial); Magic Gladiator (classe inicial)","34","defesa 19, durabilidade 255","nível 1","Sphinx Pants é um item da família armadura, catalogado em Calças. A configuração atual registra defesa 19, durabilidade 255. Requisitos: nível 1. Uso permitido: Dark Wizard (classe inicial), Magic Gladiator (classe inicial). Ocupa 2x2 espaço(s) no inventário e pode participar das tabelas de drop.","Somente cosmético ou progressão controlada","Recomendado","Equipamento deve circular prioritariamente entre jogadores; venda direta exige limites de nível e opções."
"4673","9-65","Violent Wind Pants","Calças","Armadura","Summoner (classe inicial)","30","defesa 20, durabilidade 255","nível 1","Violent Wind Pants é um item da família armadura, catalogado em Calças. A configuração atual registra defesa 20, durabilidade 255. Requisitos: nível 1. Uso permitido: Summoner (classe inicial). Ocupa 2x2 espaço(s) no inventário e pode participar das tabelas de drop.","Somente cosmético ou progressão controlada","Recomendado","Equipamento deve circular prioritariamente entre jogadores; venda direta exige limites de nível e opções."
"4674","9-66","Dark Soul Pants","Calças","Armadura","Dark Lord (classe inicial)","70","defesa 31, durabilidade 255","nível 150","Dark Soul Pants é um item da família armadura, catalogado em Calças. A configuração atual registra defesa 31, durabilidade 255. Requisitos: nível 150. Uso permitido: Dark Lord (classe inicial). Ocupa 2x2 espaço(s) no inventário e pode participar das tabelas de drop.","Somente cosmético ou progressão controlada","Recomendado","Equipamento deve circular prioritariamente entre jogadores; venda direta exige limites de nível e opções."
"4675","9-67","Dragon Pants","Calças","Armadura","Dark Knight (classe inicial); Magic Gladiator (classe inicial)","55","defesa 28, durabilidade 255","nível 150","Dragon Pants é um item da família armadura, catalogado em Calças. A configuração atual registra defesa 28, durabilidade 255. Requisitos: nível 150. Uso permitido: Dark Knight (classe inicial), Magic Gladiator (classe inicial). Ocupa 2x2 espaço(s) no inventário e pode participar das tabelas de drop.","Somente cosmético ou progressão controlada","Recomendado","Equipamento deve circular prioritariamente entre jogadores; venda direta exige limites de nível e opções."
"4676","9-68","Guardian Pants","Calças","Armadura","Fairy Elf (classe inicial)","54","defesa 30, durabilidade 255","nível 150","Guardian Pants é um item da família armadura, catalogado em Calças. A configuração atual registra defesa 30, durabilidade 255. Requisitos: nível 150. Uso permitido: Fairy Elf (classe inicial). Ocupa 2x2 espaço(s) no inventário e pode participar das tabelas de drop.","Somente cosmético ou progressão controlada","Recomendado","Equipamento deve circular prioritariamente entre jogadores; venda direta exige limites de nível e opções."
"4677","9-69","Legendary Pants","Calças","Armadura","Dark Wizard (classe inicial); Magic Gladiator (classe inicial)","53","defesa 25, durabilidade 255","nível 150","Legendary Pants é um item da família armadura, catalogado em Calças. A configuração atual registra defesa 25, durabilidade 255. Requisitos: nível 150. Uso permitido: Dark Wizard (classe inicial), Magic Gladiator (classe inicial). Ocupa 2x2 espaço(s) no inventário e pode participar das tabelas de drop.","Somente cosmético ou progressão controlada","Recomendado","Equipamento deve circular prioritariamente entre jogadores; venda direta exige limites de nível e opções."
"4678","9-70","Red Wing Pants","Calças","Armadura","Summoner (classe inicial)","53","defesa 26, durabilidade 255","nível 150","Red Wing Pants é um item da família armadura, catalogado em Calças. A configuração atual registra defesa 26, durabilidade 255. Requisitos: nível 150. Uso permitido: Summoner (classe inicial). Ocupa 2x2 espaço(s) no inventário e pode participar das tabelas de drop.","Somente cosmético ou progressão controlada","Recomendado","Equipamento deve circular prioritariamente entre jogadores; venda direta exige limites de nível e opções."
"4679","9-71","Atlans Pants","Calças","Armadura","Magic Gladiator (classe inicial)","74","defesa 39, durabilidade 255","nível 150","Atlans Pants é um item da família armadura, catalogado em Calças. A configuração atual registra defesa 39, durabilidade 255. Requisitos: nível 150. Uso permitido: Magic Gladiator (classe inicial). Ocupa 2x2 espaço(s) no inventário e pode participar das tabelas de drop.","Somente cosmético ou progressão controlada","Recomendado","Equipamento deve circular prioritariamente entre jogadores; venda direta exige limites de nível e opções."
"4680","9-72","Storm Jahad Pants","Calças","Armadura","Rage Fighter (classe inicial)","78","defesa 33, durabilidade 255","nível 150","Storm Jahad Pants é um item da família armadura, catalogado em Calças. A configuração atual registra defesa 33, durabilidade 255. Requisitos: nível 150. Uso permitido: Rage Fighter (classe inicial). Ocupa 2x2 espaço(s) no inventário e pode participar das tabelas de drop.","Somente cosmético ou progressão controlada","Recomendado","Equipamento deve circular prioritariamente entre jogadores; venda direta exige limites de nível e opções."
"4681","9-73","Phoenix Soul Pants","Calças","Armadura","Rage Fighter (classe inicial)","134","defesa 68, durabilidade 88","nível 380, força 97, vitalidade 85","Phoenix Soul Pants é um item da família armadura, catalogado em Calças. A configuração atual registra defesa 68, durabilidade 88. Requisitos: nível 380, força 97, vitalidade 85. Uso permitido: Rage Fighter (classe inicial). Ocupa 2x2 espaço(s) no inventário e pode participar das tabelas de drop.","Somente cosmético ou progressão controlada","Recomendado","Equipamento deve circular prioritariamente entre jogadores; venda direta exige limites de nível e opções."
"4808","9-200","BloodMoon Pants","Calças","Armadura","Rage Fighter (classe inicial)","134","defesa 68, durabilidade 88","nível 380, força 97, vitalidade 85","BloodMoon Pants é um item da família armadura, catalogado em Calças. A configuração atual registra defesa 68, durabilidade 88. Requisitos: nível 380, força 97, vitalidade 85. Uso permitido: Rage Fighter (classe inicial). Ocupa 2x2 espaço(s) no inventário e pode participar das tabelas de drop.","Somente cosmético ou progressão controlada","Recomendado","Equipamento deve circular prioritariamente entre jogadores; venda direta exige limites de nível e opções."
"4809","9-201","BloodMoon F Pants","Calças","Armadura","Rage Fighter (classe inicial)","134","defesa 68, durabilidade 88","nível 380, força 97, vitalidade 85","BloodMoon F Pants é um item da família armadura, catalogado em Calças. A configuração atual registra defesa 68, durabilidade 88. Requisitos: nível 380, força 97, vitalidade 85. Uso permitido: Rage Fighter (classe inicial). Ocupa 2x2 espaço(s) no inventário e pode participar das tabelas de drop.","Somente cosmético ou progressão controlada","Recomendado","Equipamento deve circular prioritariamente entre jogadores; venda direta exige limites de nível e opções."
"5120","10-0","Bronze Gloves","Luvas","Armadura","Dark Knight (classe inicial); Magic Gladiator (classe inicial); Dark Lord (classe inicial)","13","velocidade de ataque 4, defesa 4, durabilidade 34","força 80, agilidade 20","Bronze Gloves é um item da família armadura, catalogado em Luvas. A configuração atual registra velocidade de ataque 4, defesa 4, durabilidade 34. Requisitos: força 80, agilidade 20. Uso permitido: Dark Knight (classe inicial), Magic Gladiator (classe inicial), Dark Lord (classe inicial). Ocupa 2x2 espaço(s) no inventário e pode participar das tabelas de drop.","Somente cosmético ou progressão controlada","Recomendado","Equipamento deve circular prioritariamente entre jogadores; venda direta exige limites de nível e opções."
"5121","10-1","Dragon Gloves","Luvas","Armadura","Dark Knight (classe inicial); Magic Gladiator (classe inicial)","52","velocidade de ataque 6, defesa 14, durabilidade 68","força 120, agilidade 30","Dragon Gloves é um item da família armadura, catalogado em Luvas. A configuração atual registra velocidade de ataque 6, defesa 14, durabilidade 68. Requisitos: força 120, agilidade 30. Uso permitido: Dark Knight (classe inicial), Magic Gladiator (classe inicial). Ocupa 2x2 espaço(s) no inventário e pode participar das tabelas de drop.","Somente cosmético ou progressão controlada","Recomendado","Equipamento deve circular prioritariamente entre jogadores; venda direta exige limites de nível e opções."
"5122","10-2","Pad Gloves","Luvas","Armadura","Dark Wizard (classe inicial); Magic Gladiator (classe inicial)","3","defesa 2, durabilidade 28","força 20","Pad Gloves é um item da família armadura, catalogado em Luvas. A configuração atual registra defesa 2, durabilidade 28. Requisitos: força 20. Uso permitido: Dark Wizard (classe inicial), Magic Gladiator (classe inicial). Ocupa 2x2 espaço(s) no inventário e pode participar das tabelas de drop.","Somente cosmético ou progressão controlada","Recomendado","Equipamento deve circular prioritariamente entre jogadores; venda direta exige limites de nível e opções."
"5123","10-3","Legendary Gloves","Luvas","Armadura","Dark Wizard (classe inicial); Magic Gladiator (classe inicial)","44","defesa 11, durabilidade 42","força 20","Legendary Gloves é um item da família armadura, catalogado em Luvas. A configuração atual registra defesa 11, durabilidade 42. Requisitos: força 20. Uso permitido: Dark Wizard (classe inicial), Magic Gladiator (classe inicial). Ocupa 2x2 espaço(s) no inventário e pode participar das tabelas de drop.","Somente cosmético ou progressão controlada","Recomendado","Equipamento deve circular prioritariamente entre jogadores; venda direta exige limites de nível e opções."
"5124","10-4","Bone Gloves","Luvas","Armadura","Dark Wizard (classe inicial); Magic Gladiator (classe inicial)","14","defesa 5, durabilidade 30","força 20","Bone Gloves é um item da família armadura, catalogado em Luvas. A configuração atual registra defesa 5, durabilidade 30. Requisitos: força 20. Uso permitido: Dark Wizard (classe inicial), Magic Gladiator (classe inicial). Ocupa 2x2 espaço(s) no inventário e pode participar das tabelas de drop.","Somente cosmético ou progressão controlada","Recomendado","Equipamento deve circular prioritariamente entre jogadores; venda direta exige limites de nível e opções."
"5125","10-5","Leather Gloves","Luvas","Armadura","Dark Knight (classe inicial); Magic Gladiator (classe inicial); Dark Lord (classe inicial)","4","velocidade de ataque 8, defesa 2, durabilidade 30","força 80","Leather Gloves é um item da família armadura, catalogado em Luvas. A configuração atual registra velocidade de ataque 8, defesa 2, durabilidade 30. Requisitos: força 80. Uso permitido: Dark Knight (classe inicial), Magic Gladiator (classe inicial), Dark Lord (classe inicial). Ocupa 2x2 espaço(s) no inventário e pode participar das tabelas de drop.","Somente cosmético ou progressão controlada","Recomendado","Equipamento deve circular prioritariamente entre jogadores; venda direta exige limites de nível e opções."
"5126","10-6","Scale Gloves","Luvas","Armadura","Dark Knight (classe inicial); Magic Gladiator (classe inicial); Dark Lord (classe inicial)","22","velocidade de ataque 10, defesa 7, durabilidade 40","força 110","Scale Gloves é um item da família armadura, catalogado em Luvas. A configuração atual registra velocidade de ataque 10, defesa 7, durabilidade 40. Requisitos: força 110. Uso permitido: Dark Knight (classe inicial), Magic Gladiator (classe inicial), Dark Lord (classe inicial). Ocupa 2x2 espaço(s) no inventário e pode participar das tabelas de drop.","Somente cosmético ou progressão controlada","Recomendado","Equipamento deve circular prioritariamente entre jogadores; venda direta exige limites de nível e opções."
"5127","10-7","Sphinx Gloves","Luvas","Armadura","Dark Wizard (classe inicial); Magic Gladiator (classe inicial)","28","defesa 8, durabilidade 36","força 20","Sphinx Gloves é um item da família armadura, catalogado em Luvas. A configuração atual registra defesa 8, durabilidade 36. Requisitos: força 20. Uso permitido: Dark Wizard (classe inicial), Magic Gladiator (classe inicial). Ocupa 2x2 espaço(s) no inventário e pode participar das tabelas de drop.","Somente cosmético ou progressão controlada","Recomendado","Equipamento deve circular prioritariamente entre jogadores; venda direta exige limites de nível e opções."
"5128","10-8","Brass Gloves","Luvas","Armadura","Dark Knight (classe inicial); Magic Gladiator (classe inicial)","32","velocidade de ataque 8, defesa 9, durabilidade 44","força 100, agilidade 30","Brass Gloves é um item da família armadura, catalogado em Luvas. A configuração atual registra velocidade de ataque 8, defesa 9, durabilidade 44. Requisitos: força 100, agilidade 30. Uso permitido: Dark Knight (classe inicial), Magic Gladiator (classe inicial). Ocupa 2x2 espaço(s) no inventário e pode participar das tabelas de drop.","Somente cosmético ou progressão controlada","Recomendado","Equipamento deve circular prioritariamente entre jogadores; venda direta exige limites de nível e opções."
"5129","10-9","Plate Gloves","Luvas","Armadura","Dark Knight (classe inicial); Magic Gladiator (classe inicial)","42","velocidade de ataque 4, defesa 12, durabilidade 50","força 130","Plate Gloves é um item da família armadura, catalogado em Luvas. A configuração atual registra velocidade de ataque 4, defesa 12, durabilidade 50. Requisitos: força 130. Uso permitido: Dark Knight (classe inicial), Magic Gladiator (classe inicial). Ocupa 2x2 espaço(s) no inventário e pode participar das tabelas de drop.","Somente cosmético ou progressão controlada","Recomendado","Equipamento deve circular prioritariamente entre jogadores; venda direta exige limites de nível e opções."
"5130","10-10","Vine Gloves","Luvas","Armadura","Fairy Elf (classe inicial)","4","velocidade de ataque 4, defesa 2, durabilidade 22","força 30, agilidade 60","Vine Gloves é um item da família armadura, catalogado em Luvas. A configuração atual registra velocidade de ataque 4, defesa 2, durabilidade 22. Requisitos: força 30, agilidade 60. Uso permitido: Fairy Elf (classe inicial). Ocupa 2x2 espaço(s) no inventário e pode participar das tabelas de drop.","Somente cosmético ou progressão controlada","Recomendado","Equipamento deve circular prioritariamente entre jogadores; venda direta exige limites de nível e opções."
"5131","10-11","Silk Gloves","Luvas","Armadura","Fairy Elf (classe inicial)","14","velocidade de ataque 8, defesa 4, durabilidade 26","força 30, agilidade 70","Silk Gloves é um item da família armadura, catalogado em Luvas. A configuração atual registra velocidade de ataque 8, defesa 4, durabilidade 26. Requisitos: força 30, agilidade 70. Uso permitido: Fairy Elf (classe inicial). Ocupa 2x2 espaço(s) no inventário e pode participar das tabelas de drop.","Somente cosmético ou progressão controlada","Recomendado","Equipamento deve circular prioritariamente entre jogadores; venda direta exige limites de nível e opções."
"5132","10-12","Wind Gloves","Luvas","Armadura","Fairy Elf (classe inicial)","26","velocidade de ataque 10, defesa 6, durabilidade 32","força 30, agilidade 80","Wind Gloves é um item da família armadura, catalogado em Luvas. A configuração atual registra velocidade de ataque 10, defesa 6, durabilidade 32. Requisitos: força 30, agilidade 80. Uso permitido: Fairy Elf (classe inicial). Ocupa 2x2 espaço(s) no inventário e pode participar das tabelas de drop.","Somente cosmético ou progressão controlada","Recomendado","Equipamento deve circular prioritariamente entre jogadores; venda direta exige limites de nível e opções."
"5133","10-13","Spirit Gloves","Luvas","Armadura","Fairy Elf (classe inicial)","38","velocidade de ataque 4, defesa 9, durabilidade 38","força 40, agilidade 80","Spirit Gloves é um item da família armadura, catalogado em Luvas. A configuração atual registra velocidade de ataque 4, defesa 9, durabilidade 38. Requisitos: força 40, agilidade 80. Uso permitido: Fairy Elf (classe inicial). Ocupa 2x2 espaço(s) no inventário e pode participar das tabelas de drop.","Somente cosmético ou progressão controlada","Recomendado","Equipamento deve circular prioritariamente entre jogadores; venda direta exige limites de nível e opções."
"5134","10-14","Guardian Gloves","Luvas","Armadura","Fairy Elf (classe inicial)","50","velocidade de ataque 6, defesa 15, durabilidade 45","força 40, agilidade 80","Guardian Gloves é um item da família armadura, catalogado em Luvas. A configuração atual registra velocidade de ataque 6, defesa 15, durabilidade 45. Requisitos: força 40, agilidade 80. Uso permitido: Fairy Elf (classe inicial). Ocupa 2x2 espaço(s) no inventário e pode participar das tabelas de drop.","Somente cosmético ou progressão controlada","Recomendado","Equipamento deve circular prioritariamente entre jogadores; venda direta exige limites de nível e opções."
"5135","10-15","Storm Crow Gloves","Luvas","Armadura","Magic Gladiator (classe inicial)","70","velocidade de ataque 6, defesa 20, durabilidade 80","força 150, agilidade 70","Storm Crow Gloves é um item da família armadura, catalogado em Luvas. A configuração atual registra velocidade de ataque 6, defesa 20, durabilidade 80. Requisitos: força 150, agilidade 70. Uso permitido: Magic Gladiator (classe inicial). Ocupa 2x2 espaço(s) no inventário e pode participar das tabelas de drop.","Somente cosmético ou progressão controlada","Recomendado","Equipamento deve circular prioritariamente entre jogadores; venda direta exige limites de nível e opções."
"5136","10-16","Black Dragon Gloves","Luvas","Armadura","Dark Knight (classe inicial)","76","velocidade de ataque 6, defesa 22, durabilidade 74","força 170, agilidade 60","Black Dragon Gloves é um item da família armadura, catalogado em Luvas. A configuração atual registra velocidade de ataque 6, defesa 22, durabilidade 74. Requisitos: força 170, agilidade 60. Uso permitido: Dark Knight (classe inicial). Ocupa 2x2 espaço(s) no inventário e pode participar das tabelas de drop.","Somente cosmético ou progressão controlada","Recomendado","Equipamento deve circular prioritariamente entre jogadores; venda direta exige limites de nível e opções."
"5137","10-17","Dark Phoenix Gloves","Luvas","Armadura","Dark Knight (segunda classe)","86","velocidade de ataque 6, defesa 37, durabilidade 80","força 205, agilidade 63","Dark Phoenix Gloves é um item da família armadura, catalogado em Luvas. A configuração atual registra velocidade de ataque 6, defesa 37, durabilidade 80. Requisitos: força 205, agilidade 63. Uso permitido: Dark Knight (segunda classe). Ocupa 2x2 espaço(s) no inventário e pode participar das tabelas de drop.","Somente cosmético ou progressão controlada","Recomendado","Equipamento deve circular prioritariamente entre jogadores; venda direta exige limites de nível e opções."
"5138","10-18","Grand Soul Gloves","Luvas","Armadura","Dark Wizard (segunda classe)","70","velocidade de ataque 5, defesa 20, durabilidade 67","força 49, agilidade 10","Grand Soul Gloves é um item da família armadura, catalogado em Luvas. A configuração atual registra velocidade de ataque 5, defesa 20, durabilidade 67. Requisitos: força 49, agilidade 10. Uso permitido: Dark Wizard (segunda classe). Ocupa 2x2 espaço(s) no inventário e pode participar das tabelas de drop.","Somente cosmético ou progressão controlada","Recomendado","Equipamento deve circular prioritariamente entre jogadores; venda direta exige limites de nível e opções."
"5139","10-19","Divine Gloves","Luvas","Armadura","Fairy Elf (segunda classe)","72","velocidade de ataque 6, defesa 29, durabilidade 74","força 50, agilidade 110","Divine Gloves é um item da família armadura, catalogado em Luvas. A configuração atual registra velocidade de ataque 6, defesa 29, durabilidade 74. Requisitos: força 50, agilidade 110. Uso permitido: Fairy Elf (segunda classe). Ocupa 2x2 espaço(s) no inventário e pode participar das tabelas de drop.","Somente cosmético ou progressão controlada","Recomendado","Equipamento deve circular prioritariamente entre jogadores; venda direta exige limites de nível e opções."
"5140","10-20","Thunder Hawk Gloves","Luvas","Armadura","Magic Gladiator (classe inicial)","88","velocidade de ataque 7, defesa 34, durabilidade 82","força 150, agilidade 70","Thunder Hawk Gloves é um item da família armadura, catalogado em Luvas. A configuração atual registra velocidade de ataque 7, defesa 34, durabilidade 82. Requisitos: força 150, agilidade 70. Uso permitido: Magic Gladiator (classe inicial). Ocupa 2x2 espaço(s) no inventário e pode participar das tabelas de drop.","Somente cosmético ou progressão controlada","Recomendado","Equipamento deve circular prioritariamente entre jogadores; venda direta exige limites de nível e opções."
"5141","10-21","Great Dragon Gloves","Luvas","Armadura","Dark Knight (segunda classe)","94","velocidade de ataque 6, defesa 48, durabilidade 86","força 200, agilidade 58","Great Dragon Gloves é um item da família armadura, catalogado em Luvas. A configuração atual registra velocidade de ataque 6, defesa 48, durabilidade 86. Requisitos: força 200, agilidade 58. Uso permitido: Dark Knight (segunda classe). Ocupa 2x2 espaço(s) no inventário e pode participar das tabelas de drop.","Somente cosmético ou progressão controlada","Recomendado","Equipamento deve circular prioritariamente entre jogadores; venda direta exige limites de nível e opções."
"5142","10-22","Dark Soul Gloves","Luvas","Armadura","Dark Wizard (segunda classe)","87","velocidade de ataque 6, defesa 30, durabilidade 75","força 55, agilidade 18","Dark Soul Gloves é um item da família armadura, catalogado em Luvas. A configuração atual registra velocidade de ataque 6, defesa 30, durabilidade 75. Requisitos: força 55, agilidade 18. Uso permitido: Dark Wizard (segunda classe). Ocupa 2x2 espaço(s) no inventário e pode participar das tabelas de drop.","Somente cosmético ou progressão controlada","Recomendado","Equipamento deve circular prioritariamente entre jogadores; venda direta exige limites de nível e opções."
"5143","10-23","Hurricane Gloves","Luvas","Armadura","Magic Gladiator (classe inicial)","102","velocidade de ataque 7, defesa 45, durabilidade 90","força 162, agilidade 66","Hurricane Gloves é um item da família armadura, catalogado em Luvas. A configuração atual registra velocidade de ataque 7, defesa 45, durabilidade 90. Requisitos: força 162, agilidade 66. Uso permitido: Magic Gladiator (classe inicial). Ocupa 2x2 espaço(s) no inventário e pode participar das tabelas de drop.","Somente cosmético ou progressão controlada","Recomendado","Equipamento deve circular prioritariamente entre jogadores; venda direta exige limites de nível e opções."
"5144","10-24","Red Spirit Gloves","Luvas","Armadura","Fairy Elf (segunda classe)","84","velocidade de ataque 6, defesa 38, durabilidade 80","força 52, agilidade 115","Red Spirit Gloves é um item da família armadura, catalogado em Luvas. A configuração atual registra velocidade de ataque 6, defesa 38, durabilidade 80. Requisitos: força 52, agilidade 115. Uso permitido: Fairy Elf (segunda classe). Ocupa 2x2 espaço(s) no inventário e pode participar das tabelas de drop.","Somente cosmético ou progressão controlada","Recomendado","Equipamento deve circular prioritariamente entre jogadores; venda direta exige limites de nível e opções."
"5145","10-25","Light Plate Gloves","Luvas","Armadura","Dark Lord (classe inicial)","42","velocidade de ataque 7, defesa 12, durabilidade 42","força 70, agilidade 20","Light Plate Gloves é um item da família armadura, catalogado em Luvas. A configuração atual registra velocidade de ataque 7, defesa 12, durabilidade 42. Requisitos: força 70, agilidade 20. Uso permitido: Dark Lord (classe inicial). Ocupa 2x2 espaço(s) no inventário e pode participar das tabelas de drop.","Somente cosmético ou progressão controlada","Recomendado","Equipamento deve circular prioritariamente entre jogadores; venda direta exige limites de nível e opções."
"5146","10-26","Adamantine Gloves","Luvas","Armadura","Dark Lord (classe inicial)","57","velocidade de ataque 6, defesa 18, durabilidade 56","força 77, agilidade 21","Adamantine Gloves é um item da família armadura, catalogado em Luvas. A configuração atual registra velocidade de ataque 6, defesa 18, durabilidade 56. Requisitos: força 77, agilidade 21. Uso permitido: Dark Lord (classe inicial). Ocupa 2x2 espaço(s) no inventário e pode participar das tabelas de drop.","Somente cosmético ou progressão controlada","Recomendado","Equipamento deve circular prioritariamente entre jogadores; venda direta exige limites de nível e opções."
"5147","10-27","Dark Steel Gloves","Luvas","Armadura","Dark Lord (classe inicial)","75","velocidade de ataque 5, defesa 21, durabilidade 70","força 84, agilidade 22","Dark Steel Gloves é um item da família armadura, catalogado em Luvas. A configuração atual registra velocidade de ataque 5, defesa 21, durabilidade 70. Requisitos: força 84, agilidade 22. Uso permitido: Dark Lord (classe inicial). Ocupa 2x2 espaço(s) no inventário e pode participar das tabelas de drop.","Somente cosmético ou progressão controlada","Recomendado","Equipamento deve circular prioritariamente entre jogadores; venda direta exige limites de nível e opções."
"5148","10-28","Dark Master Gloves","Luvas","Armadura","Dark Lord (classe inicial)","89","velocidade de ataque 4, defesa 29, durabilidade 78","força 80, agilidade 21","Dark Master Gloves é um item da família armadura, catalogado em Luvas. A configuração atual registra velocidade de ataque 4, defesa 29, durabilidade 78. Requisitos: força 80, agilidade 21. Uso permitido: Dark Lord (classe inicial). Ocupa 2x2 espaço(s) no inventário e pode participar das tabelas de drop.","Somente cosmético ou progressão controlada","Recomendado","Equipamento deve circular prioritariamente entre jogadores; venda direta exige limites de nível e opções."
"5149","10-29","Dragon Knight Gloves","Luvas","Armadura","Dark Knight (segunda classe)","114","velocidade de ataque 7, defesa 60, durabilidade 90","nível 380, força 170, agilidade 60","Dragon Knight Gloves é um item da família armadura, catalogado em Luvas. A configuração atual registra velocidade de ataque 7, defesa 60, durabilidade 90. Requisitos: nível 380, força 170, agilidade 60. Uso permitido: Dark Knight (segunda classe). Ocupa 2x2 espaço(s) no inventário e pode participar das tabelas de drop.","Somente cosmético ou progressão controlada","Recomendado","Equipamento deve circular prioritariamente entre jogadores; venda direta exige limites de nível e opções."
"5150","10-30","Venom Mist Gloves","Luvas","Armadura","Dark Wizard (segunda classe)","111","velocidade de ataque 7, defesa 44, durabilidade 86","nível 380, força 44, agilidade 15","Venom Mist Gloves é um item da família armadura, catalogado em Luvas. A configuração atual registra velocidade de ataque 7, defesa 44, durabilidade 86. Requisitos: nível 380, força 44, agilidade 15. Uso permitido: Dark Wizard (segunda classe). Ocupa 2x2 espaço(s) no inventário e pode participar das tabelas de drop.","Somente cosmético ou progressão controlada","Recomendado","Equipamento deve circular prioritariamente entre jogadores; venda direta exige limites de nível e opções."
"5151","10-31","Sylphid Ray Gloves","Luvas","Armadura","Fairy Elf (segunda classe)","111","velocidade de ataque 7, defesa 50, durabilidade 86","nível 380, força 38, agilidade 80","Sylphid Ray Gloves é um item da família armadura, catalogado em Luvas. A configuração atual registra velocidade de ataque 7, defesa 50, durabilidade 86. Requisitos: nível 380, força 38, agilidade 80. Uso permitido: Fairy Elf (segunda classe). Ocupa 2x2 espaço(s) no inventário e pode participar das tabelas de drop.","Somente cosmético ou progressão controlada","Recomendado","Equipamento deve circular prioritariamente entre jogadores; venda direta exige limites de nível e opções."
"5152","10-32","Volcano Gloves","Luvas","Armadura","Magic Gladiator (classe inicial)","127","velocidade de ataque 7, defesa 55, durabilidade 95","nível 380, força 145, agilidade 60","Volcano Gloves é um item da família armadura, catalogado em Luvas. A configuração atual registra velocidade de ataque 7, defesa 55, durabilidade 95. Requisitos: nível 380, força 145, agilidade 60. Uso permitido: Magic Gladiator (classe inicial). Ocupa 2x2 espaço(s) no inventário e pode participar das tabelas de drop.","Somente cosmético ou progressão controlada","Recomendado","Equipamento deve circular prioritariamente entre jogadores; venda direta exige limites de nível e opções."
"5153","10-33","Sunlight Gloves","Luvas","Armadura","Dark Lord (classe inicial)","110","velocidade de ataque 5, defesa 40, durabilidade 82","nível 380, força 62, agilidade 16","Sunlight Gloves é um item da família armadura, catalogado em Luvas. A configuração atual registra velocidade de ataque 5, defesa 40, durabilidade 82. Requisitos: nível 380, força 62, agilidade 16. Uso permitido: Dark Lord (classe inicial). Ocupa 2x2 espaço(s) no inventário e pode participar das tabelas de drop.","Somente cosmético ou progressão controlada","Recomendado","Equipamento deve circular prioritariamente entre jogadores; venda direta exige limites de nível e opções."
"5154","10-34","Ashcrow Gloves","Luvas","Armadura","Dark Knight (classe inicial)","61","velocidade de ataque 6, defesa 18, durabilidade 72","força 160, agilidade 50","Ashcrow Gloves é um item da família armadura, catalogado em Luvas. A configuração atual registra velocidade de ataque 6, defesa 18, durabilidade 72. Requisitos: força 160, agilidade 50. Uso permitido: Dark Knight (classe inicial). Ocupa 2x2 espaço(s) no inventário e pode participar das tabelas de drop.","Somente cosmético ou progressão controlada","Recomendado","Equipamento deve circular prioritariamente entre jogadores; venda direta exige limites de nível e opções."
"5155","10-35","Eclipse Gloves","Luvas","Armadura","Dark Wizard (classe inicial)","61","velocidade de ataque 6, defesa 15, durabilidade 54","força 53, agilidade 12","Eclipse Gloves é um item da família armadura, catalogado em Luvas. A configuração atual registra velocidade de ataque 6, defesa 15, durabilidade 54. Requisitos: força 53, agilidade 12. Uso permitido: Dark Wizard (classe inicial). Ocupa 2x2 espaço(s) no inventário e pode participar das tabelas de drop.","Somente cosmético ou progressão controlada","Recomendado","Equipamento deve circular prioritariamente entre jogadores; venda direta exige limites de nível e opções."
"5156","10-36","Iris Gloves","Luvas","Armadura","Fairy Elf (classe inicial)","61","velocidade de ataque 6, defesa 22, durabilidade 59","força 50, agilidade 70","Iris Gloves é um item da família armadura, catalogado em Luvas. A configuração atual registra velocidade de ataque 6, defesa 22, durabilidade 59. Requisitos: força 50, agilidade 70. Uso permitido: Fairy Elf (classe inicial). Ocupa 2x2 espaço(s) no inventário e pode participar das tabelas de drop.","Somente cosmético ou progressão controlada","Recomendado","Equipamento deve circular prioritariamente entre jogadores; venda direta exige limites de nível e opções."
"5157","10-37","Valiant Gloves","Luvas","Armadura","Magic Gladiator (classe inicial)","91","velocidade de ataque 7, defesa 27, durabilidade 81","força 155, agilidade 50","Valiant Gloves é um item da família armadura, catalogado em Luvas. A configuração atual registra velocidade de ataque 7, defesa 27, durabilidade 81. Requisitos: força 155, agilidade 50. Uso permitido: Magic Gladiator (classe inicial). Ocupa 2x2 espaço(s) no inventário e pode participar das tabelas de drop.","Somente cosmético ou progressão controlada","Recomendado","Equipamento deve circular prioritariamente entre jogadores; venda direta exige limites de nível e opções."
"5158","10-38","Glorious Gloves","Luvas","Armadura","Dark Lord (classe inicial)","91","velocidade de ataque 5, defesa 25, durabilidade 74","força 80, agilidade 21","Glorious Gloves é um item da família armadura, catalogado em Luvas. A configuração atual registra velocidade de ataque 5, defesa 25, durabilidade 74. Requisitos: força 80, agilidade 21. Uso permitido: Dark Lord (classe inicial). Ocupa 2x2 espaço(s) no inventário e pode participar das tabelas de drop.","Somente cosmético ou progressão controlada","Recomendado","Equipamento deve circular prioritariamente entre jogadores; venda direta exige limites de nível e opções."
"5159","10-39","Violent Wind Gloves","Luvas","Armadura","Summoner (classe inicial)","24","velocidade de ataque 6, defesa 9, durabilidade 36","força 22","Violent Wind Gloves é um item da família armadura, catalogado em Luvas. A configuração atual registra velocidade de ataque 6, defesa 9, durabilidade 36. Requisitos: força 22. Uso permitido: Summoner (classe inicial). Ocupa 2x2 espaço(s) no inventário e pode participar das tabelas de drop.","Somente cosmético ou progressão controlada","Recomendado","Equipamento deve circular prioritariamente entre jogadores; venda direta exige limites de nível e opções."
"5160","10-40","Red Wing Gloves","Luvas","Armadura","Summoner (classe inicial)","44","velocidade de ataque 8, defesa 13, durabilidade 42","força 18, agilidade 4","Red Wing Gloves é um item da família armadura, catalogado em Luvas. A configuração atual registra velocidade de ataque 8, defesa 13, durabilidade 42. Requisitos: força 18, agilidade 4. Uso permitido: Summoner (classe inicial). Ocupa 2x2 espaço(s) no inventário e pode participar das tabelas de drop.","Somente cosmético ou progressão controlada","Recomendado","Equipamento deve circular prioritariamente entre jogadores; venda direta exige limites de nível e opções."
"5161","10-41","Ancient Gloves","Luvas","Armadura","Summoner (classe inicial)","61","velocidade de ataque 7, defesa 19, durabilidade 54","força 52, agilidade 16","Ancient Gloves é um item da família armadura, catalogado em Luvas. A configuração atual registra velocidade de ataque 7, defesa 19, durabilidade 54. Requisitos: força 52, agilidade 16. Uso permitido: Summoner (classe inicial). Ocupa 2x2 espaço(s) no inventário e pode participar das tabelas de drop.","Somente cosmético ou progressão controlada","Recomendado","Equipamento deve circular prioritariamente entre jogadores; venda direta exige limites de nível e opções."
"5162","10-42","Demonic Gloves","Luvas","Armadura","Summoner (segunda classe)","70","velocidade de ataque 6, defesa 26, durabilidade 67","força 50, agilidade 10","Demonic Gloves é um item da família armadura, catalogado em Luvas. A configuração atual registra velocidade de ataque 6, defesa 26, durabilidade 67. Requisitos: força 50, agilidade 10. Uso permitido: Summoner (segunda classe). Ocupa 2x2 espaço(s) no inventário e pode participar das tabelas de drop.","Somente cosmético ou progressão controlada","Recomendado","Equipamento deve circular prioritariamente entre jogadores; venda direta exige limites de nível e opções."
"5163","10-43","Storm Blitz Gloves","Luvas","Armadura","Summoner (segunda classe)","87","velocidade de ataque 6, defesa 34, durabilidade 75","nível 380, força 56, agilidade 20","Storm Blitz Gloves é um item da família armadura, catalogado em Luvas. A configuração atual registra velocidade de ataque 6, defesa 34, durabilidade 75. Requisitos: nível 380, força 56, agilidade 20. Uso permitido: Summoner (segunda classe). Ocupa 2x2 espaço(s) no inventário e pode participar das tabelas de drop.","Somente cosmético ou progressão controlada","Recomendado","Equipamento deve circular prioritariamente entre jogadores; venda direta exige limites de nível e opções."
"5164","10-44","Eternal Wing Gloves","Luvas","Armadura","Summoner (segunda classe)","102","defesa 29, durabilidade 86","nível 380, força 62, agilidade 20, energia 170","Eternal Wing Gloves é um item da família armadura, catalogado em Luvas. A configuração atual registra defesa 29, durabilidade 86. Requisitos: nível 380, força 62, agilidade 20, energia 170. Uso permitido: Summoner (segunda classe). Ocupa 2x2 espaço(s) no inventário e pode participar das tabelas de drop.","Somente cosmético ou progressão controlada","Recomendado","Equipamento deve circular prioritariamente entre jogadores; venda direta exige limites de nível e opções."
"5165","10-45","Titan  Gloves","Luvas","Armadura","Dark Knight (classe inicial)","100","velocidade de ataque 7, defesa 56, durabilidade 86","nível 380, força 222, agilidade 32","Titan  Gloves é um item da família armadura, catalogado em Luvas. A configuração atual registra velocidade de ataque 7, defesa 56, durabilidade 86. Requisitos: nível 380, força 222, agilidade 32. Uso permitido: Dark Knight (classe inicial). Ocupa 2x2 espaço(s) no inventário e pode participar das tabelas de drop.","Somente cosmético ou progressão controlada","Recomendado","Equipamento deve circular prioritariamente entre jogadores; venda direta exige limites de nível e opções."
"5166","10-46","Brave Gloves","Luvas","Armadura","Dark Knight (classe inicial)","97","velocidade de ataque 7, defesa 42, durabilidade 86","nível 380, força 74, agilidade 162","Brave Gloves é um item da família armadura, catalogado em Luvas. A configuração atual registra velocidade de ataque 7, defesa 42, durabilidade 86. Requisitos: nível 380, força 74, agilidade 162. Uso permitido: Dark Knight (classe inicial). Ocupa 2x2 espaço(s) no inventário e pode participar das tabelas de drop.","Somente cosmético ou progressão controlada","Recomendado","Equipamento deve circular prioritariamente entre jogadores; venda direta exige limites de nível e opções."
"5167","10-47","Phantom  Gloves","Luvas","Armadura","Magic Gladiator (classe inicial)","101","velocidade de ataque 7, defesa 49, durabilidade 86","nível 380, força 212, agilidade 57","Phantom  Gloves é um item da família armadura, catalogado em Luvas. A configuração atual registra velocidade de ataque 7, defesa 49, durabilidade 86. Requisitos: nível 380, força 212, agilidade 57. Uso permitido: Magic Gladiator (classe inicial). Ocupa 2x2 espaço(s) no inventário e pode participar das tabelas de drop.","Somente cosmético ou progressão controlada","Recomendado","Equipamento deve circular prioritariamente entre jogadores; venda direta exige limites de nível e opções."
"5168","10-48","Destroy Gloves","Luvas","Armadura","Magic Gladiator (classe inicial)","99","velocidade de ataque 7, defesa 40, durabilidade 86","nível 380, força 62, agilidade 19, energia 165","Destroy Gloves é um item da família armadura, catalogado em Luvas. A configuração atual registra velocidade de ataque 7, defesa 40, durabilidade 86. Requisitos: nível 380, força 62, agilidade 19, energia 165. Uso permitido: Magic Gladiator (classe inicial). Ocupa 2x2 espaço(s) no inventário e pode participar das tabelas de drop.","Somente cosmético ou progressão controlada","Recomendado","Equipamento deve circular prioritariamente entre jogadores; venda direta exige limites de nível e opções."
"5169","10-49","Seraphim Gloves","Luvas","Armadura","Fairy Elf (classe inicial)","100","velocidade de ataque 7, defesa 43, durabilidade 86","nível 380, força 55, agilidade 197","Seraphim Gloves é um item da família armadura, catalogado em Luvas. A configuração atual registra velocidade de ataque 7, defesa 43, durabilidade 86. Requisitos: nível 380, força 55, agilidade 197. Uso permitido: Fairy Elf (classe inicial). Ocupa 2x2 espaço(s) no inventário e pode participar das tabelas de drop.","Somente cosmético ou progressão controlada","Recomendado","Equipamento deve circular prioritariamente entre jogadores; venda direta exige limites de nível e opções."
"5170","10-50","Divine Gloves","Luvas","Armadura","Fairy Elf (classe inicial)","95","velocidade de ataque 7, defesa 36, durabilidade 86","nível 380, força 32, agilidade 29, energia 138","Divine Gloves é um item da família armadura, catalogado em Luvas. A configuração atual registra velocidade de ataque 7, defesa 36, durabilidade 86. Requisitos: nível 380, força 32, agilidade 29, energia 138. Uso permitido: Fairy Elf (classe inicial). Ocupa 2x2 espaço(s) no inventário e pode participar das tabelas de drop.","Somente cosmético ou progressão controlada","Recomendado","Equipamento deve circular prioritariamente entre jogadores; venda direta exige limites de nível e opções."
"5171","10-51","Royal Gloves","Luvas","Armadura","Dark Lord (classe inicial)","101","velocidade de ataque 7, defesa 34, durabilidade 86","nível 380, força 105, agilidade 38","Royal Gloves é um item da família armadura, catalogado em Luvas. A configuração atual registra velocidade de ataque 7, defesa 34, durabilidade 86. Requisitos: nível 380, força 105, agilidade 38. Uso permitido: Dark Lord (classe inicial). Ocupa 2x2 espaço(s) no inventário e pode participar das tabelas de drop.","Somente cosmético ou progressão controlada","Recomendado","Equipamento deve circular prioritariamente entre jogadores; venda direta exige limites de nível e opções."
"5172","10-52","Hades Gloves","Luvas","Armadura","Dark Wizard (classe inicial)","100","velocidade de ataque 7, defesa 31, durabilidade 86","nível 380, força 60, agilidade 15, energia 181","Hades Gloves é um item da família armadura, catalogado em Luvas. A configuração atual registra velocidade de ataque 7, defesa 31, durabilidade 86. Requisitos: nível 380, força 60, agilidade 15, energia 181. Uso permitido: Dark Wizard (classe inicial). Ocupa 2x2 espaço(s) no inventário e pode participar das tabelas de drop.","Somente cosmético ou progressão controlada","Recomendado","Equipamento deve circular prioritariamente entre jogadores; venda direta exige limites de nível e opções."
"5173","10-53","Merlin Gloves","Luvas","Armadura","Summoner (classe inicial)","90","velocidade de ataque 7, defesa 120, durabilidade 86","nível 380, força 60, agilidade 15, energia 180","Merlin Gloves é um item da família armadura, catalogado em Luvas. A configuração atual registra velocidade de ataque 7, defesa 120, durabilidade 86. Requisitos: nível 380, força 60, agilidade 15, energia 180. Uso permitido: Summoner (classe inicial). Ocupa 2x2 espaço(s) no inventário e pode participar das tabelas de drop.","Somente cosmético ou progressão controlada","Recomendado","Equipamento deve circular prioritariamente entre jogadores; venda direta exige limites de nível e opções."
"5182","10-62","Scale Gloves","Luvas","Armadura","Dark Knight (classe inicial); Magic Gladiator (classe inicial); Dark Lord (classe inicial); Rage Fighter (classe inicial)","22","velocidade de ataque 10, defesa 10, durabilidade 255","nível 1","Scale Gloves é um item da família armadura, catalogado em Luvas. A configuração atual registra velocidade de ataque 10, defesa 10, durabilidade 255. Requisitos: nível 1. Uso permitido: Dark Knight (classe inicial), Magic Gladiator (classe inicial), Dark Lord (classe inicial), Rage Fighter (classe inicial). Ocupa 2x2 espaço(s) no inventário e pode participar das tabelas de drop.","Somente cosmético ou progressão controlada","Recomendado","Equipamento deve circular prioritariamente entre jogadores; venda direta exige limites de nível e opções."
"5183","10-63","Silk Gloves","Luvas","Armadura","Fairy Elf (classe inicial)","14","velocidade de ataque 8, defesa 6, durabilidade 255","nível 1","Silk Gloves é um item da família armadura, catalogado em Luvas. A configuração atual registra velocidade de ataque 8, defesa 6, durabilidade 255. Requisitos: nível 1. Uso permitido: Fairy Elf (classe inicial). Ocupa 2x2 espaço(s) no inventário e pode participar das tabelas de drop.","Somente cosmético ou progressão controlada","Recomendado","Equipamento deve circular prioritariamente entre jogadores; venda direta exige limites de nível e opções."
"5184","10-64","Sphinx Gloves","Luvas","Armadura","Dark Wizard (classe inicial); Magic Gladiator (classe inicial)","28","defesa 12, durabilidade 255","nível 1","Sphinx Gloves é um item da família armadura, catalogado em Luvas. A configuração atual registra defesa 12, durabilidade 255. Requisitos: nível 1. Uso permitido: Dark Wizard (classe inicial), Magic Gladiator (classe inicial). Ocupa 2x2 espaço(s) no inventário e pode participar das tabelas de drop.","Somente cosmético ou progressão controlada","Recomendado","Equipamento deve circular prioritariamente entre jogadores; venda direta exige limites de nível e opções."
"5185","10-65","Violent Wind Gloves","Luvas","Armadura","Summoner (classe inicial)","24","velocidade de ataque 6, defesa 13, durabilidade 255","nível 1","Violent Wind Gloves é um item da família armadura, catalogado em Luvas. A configuração atual registra velocidade de ataque 6, defesa 13, durabilidade 255. Requisitos: nível 1. Uso permitido: Summoner (classe inicial). Ocupa 2x2 espaço(s) no inventário e pode participar das tabelas de drop.","Somente cosmético ou progressão controlada","Recomendado","Equipamento deve circular prioritariamente entre jogadores; venda direta exige limites de nível e opções."
"5186","10-66","Dark Soul Gloves","Luvas","Armadura","Dark Lord (classe inicial)","57","velocidade de ataque 6, defesa 20, durabilidade 255","nível 150","Dark Soul Gloves é um item da família armadura, catalogado em Luvas. A configuração atual registra velocidade de ataque 6, defesa 20, durabilidade 255. Requisitos: nível 150. Uso permitido: Dark Lord (classe inicial). Ocupa 2x2 espaço(s) no inventário e pode participar das tabelas de drop.","Somente cosmético ou progressão controlada","Recomendado","Equipamento deve circular prioritariamente entre jogadores; venda direta exige limites de nível e opções."
"5187","10-67","Dragon Gloves","Luvas","Armadura","Dark Knight (classe inicial); Magic Gladiator (classe inicial)","52","velocidade de ataque 6, defesa 19, durabilidade 255","nível 150","Dragon Gloves é um item da família armadura, catalogado em Luvas. A configuração atual registra velocidade de ataque 6, defesa 19, durabilidade 255. Requisitos: nível 150. Uso permitido: Dark Knight (classe inicial), Magic Gladiator (classe inicial). Ocupa 2x2 espaço(s) no inventário e pode participar das tabelas de drop.","Somente cosmético ou progressão controlada","Recomendado","Equipamento deve circular prioritariamente entre jogadores; venda direta exige limites de nível e opções."
"5188","10-68","Guardian Gloves","Luvas","Armadura","Fairy Elf (classe inicial)","50","velocidade de ataque 6, defesa 20, durabilidade 255","nível 150","Guardian Gloves é um item da família armadura, catalogado em Luvas. A configuração atual registra velocidade de ataque 6, defesa 20, durabilidade 255. Requisitos: nível 150. Uso permitido: Fairy Elf (classe inicial). Ocupa 2x2 espaço(s) no inventário e pode participar das tabelas de drop.","Somente cosmético ou progressão controlada","Recomendado","Equipamento deve circular prioritariamente entre jogadores; venda direta exige limites de nível e opções."
"5189","10-69","Legendary Gloves","Luvas","Armadura","Dark Wizard (classe inicial); Magic Gladiator (classe inicial)","44","defesa 16, durabilidade 255","nível 150","Legendary Gloves é um item da família armadura, catalogado em Luvas. A configuração atual registra defesa 16, durabilidade 255. Requisitos: nível 150. Uso permitido: Dark Wizard (classe inicial), Magic Gladiator (classe inicial). Ocupa 2x2 espaço(s) no inventário e pode participar das tabelas de drop.","Somente cosmético ou progressão controlada","Recomendado","Equipamento deve circular prioritariamente entre jogadores; venda direta exige limites de nível e opções."
"5190","10-70","Red Wing Gloves","Luvas","Armadura","Summoner (classe inicial)","44","velocidade de ataque 8, defesa 18, durabilidade 255","nível 150","Red Wing Gloves é um item da família armadura, catalogado em Luvas. A configuração atual registra velocidade de ataque 8, defesa 18, durabilidade 255. Requisitos: nível 150. Uso permitido: Summoner (classe inicial). Ocupa 2x2 espaço(s) no inventário e pode participar das tabelas de drop.","Somente cosmético ou progressão controlada","Recomendado","Equipamento deve circular prioritariamente entre jogadores; venda direta exige limites de nível e opções."
"5191","10-71","Atlans Gloves","Luvas","Armadura","Magic Gladiator (classe inicial)","70","velocidade de ataque 6, defesa 25, durabilidade 255","nível 150","Atlans Gloves é um item da família armadura, catalogado em Luvas. A configuração atual registra velocidade de ataque 6, defesa 25, durabilidade 255. Requisitos: nível 150. Uso permitido: Magic Gladiator (classe inicial). Ocupa 2x2 espaço(s) no inventário e pode participar das tabelas de drop.","Somente cosmético ou progressão controlada","Recomendado","Equipamento deve circular prioritariamente entre jogadores; venda direta exige limites de nível e opções."
"5320","10-200","BloodMoon Gloves","Luvas","Armadura","Magic Gladiator (classe inicial)","70","velocidade de ataque 6, defesa 25, durabilidade 255","nível 150","BloodMoon Gloves é um item da família armadura, catalogado em Luvas. A configuração atual registra velocidade de ataque 6, defesa 25, durabilidade 255. Requisitos: nível 150. Uso permitido: Magic Gladiator (classe inicial). Ocupa 2x2 espaço(s) no inventário e pode participar das tabelas de drop.","Somente cosmético ou progressão controlada","Recomendado","Equipamento deve circular prioritariamente entre jogadores; venda direta exige limites de nível e opções."
"5321","10-201","BloodMoon F Gloves","Luvas","Armadura","Magic Gladiator (classe inicial)","70","velocidade de ataque 6, defesa 25, durabilidade 255","nível 150","BloodMoon F Gloves é um item da família armadura, catalogado em Luvas. A configuração atual registra velocidade de ataque 6, defesa 25, durabilidade 255. Requisitos: nível 150. Uso permitido: Magic Gladiator (classe inicial). Ocupa 2x2 espaço(s) no inventário e pode participar das tabelas de drop.","Somente cosmético ou progressão controlada","Recomendado","Equipamento deve circular prioritariamente entre jogadores; venda direta exige limites de nível e opções."
"5632","11-0","Bronze Boots","Botas","Armadura","Dark Knight (classe inicial); Magic Gladiator (classe inicial); Dark Lord (classe inicial)","12","defesa 4, velocidade de movimento 10, durabilidade 34","força 80, agilidade 20","Bronze Boots é um item da família armadura, catalogado em Botas. A configuração atual registra defesa 4, velocidade de movimento 10, durabilidade 34. Requisitos: força 80, agilidade 20. Uso permitido: Dark Knight (classe inicial), Magic Gladiator (classe inicial), Dark Lord (classe inicial). Ocupa 2x2 espaço(s) no inventário e pode participar das tabelas de drop.","Somente cosmético ou progressão controlada","Recomendado","Equipamento deve circular prioritariamente entre jogadores; venda direta exige limites de nível e opções."
"5633","11-1","Dragon Boots","Botas","Armadura","Dark Knight (classe inicial); Magic Gladiator (classe inicial)","54","defesa 15, velocidade de movimento 2, durabilidade 68","força 120, agilidade 30","Dragon Boots é um item da família armadura, catalogado em Botas. A configuração atual registra defesa 15, velocidade de movimento 2, durabilidade 68. Requisitos: força 120, agilidade 30. Uso permitido: Dark Knight (classe inicial), Magic Gladiator (classe inicial). Ocupa 2x2 espaço(s) no inventário e pode participar das tabelas de drop.","Somente cosmético ou progressão controlada","Recomendado","Equipamento deve circular prioritariamente entre jogadores; venda direta exige limites de nível e opções."
"5634","11-2","Pad Boots","Botas","Armadura","Dark Wizard (classe inicial); Magic Gladiator (classe inicial)","4","defesa 3, velocidade de movimento 10, durabilidade 28","força 20","Pad Boots é um item da família armadura, catalogado em Botas. A configuração atual registra defesa 3, velocidade de movimento 10, durabilidade 28. Requisitos: força 20. Uso permitido: Dark Wizard (classe inicial), Magic Gladiator (classe inicial). Ocupa 2x2 espaço(s) no inventário e pode participar das tabelas de drop.","Somente cosmético ou progressão controlada","Recomendado","Equipamento deve circular prioritariamente entre jogadores; venda direta exige limites de nível e opções."
"5635","11-3","Legendary Boots","Botas","Armadura","Dark Wizard (classe inicial); Magic Gladiator (classe inicial)","46","defesa 12, durabilidade 42","força 30","Legendary Boots é um item da família armadura, catalogado em Botas. A configuração atual registra defesa 12, durabilidade 42. Requisitos: força 30. Uso permitido: Dark Wizard (classe inicial), Magic Gladiator (classe inicial). Ocupa 2x2 espaço(s) no inventário e pode participar das tabelas de drop.","Somente cosmético ou progressão controlada","Recomendado","Equipamento deve circular prioritariamente entre jogadores; venda direta exige limites de nível e opções."
"5636","11-4","Bone Boots","Botas","Armadura","Dark Wizard (classe inicial); Magic Gladiator (classe inicial)","16","defesa 6, velocidade de movimento 6, durabilidade 30","força 30","Bone Boots é um item da família armadura, catalogado em Botas. A configuração atual registra defesa 6, velocidade de movimento 6, durabilidade 30. Requisitos: força 30. Uso permitido: Dark Wizard (classe inicial), Magic Gladiator (classe inicial). Ocupa 2x2 espaço(s) no inventário e pode participar das tabelas de drop.","Somente cosmético ou progressão controlada","Recomendado","Equipamento deve circular prioritariamente entre jogadores; venda direta exige limites de nível e opções."
"5637","11-5","Leather Boots","Botas","Armadura","Dark Knight (classe inicial); Magic Gladiator (classe inicial); Dark Lord (classe inicial); Rage Fighter (classe inicial)","5","defesa 2, velocidade de movimento 12, durabilidade 30","força 80","Leather Boots é um item da família armadura, catalogado em Botas. A configuração atual registra defesa 2, velocidade de movimento 12, durabilidade 30. Requisitos: força 80. Uso permitido: Dark Knight (classe inicial), Magic Gladiator (classe inicial), Dark Lord (classe inicial), Rage Fighter (classe inicial). Ocupa 2x2 espaço(s) no inventário e pode participar das tabelas de drop.","Somente cosmético ou progressão controlada","Recomendado","Equipamento deve circular prioritariamente entre jogadores; venda direta exige limites de nível e opções."
"5638","11-6","Scale Boots","Botas","Armadura","Dark Knight (classe inicial); Magic Gladiator (classe inicial); Dark Lord (classe inicial); Rage Fighter (classe inicial)","22","defesa 8, velocidade de movimento 8, durabilidade 40","força 110","Scale Boots é um item da família armadura, catalogado em Botas. A configuração atual registra defesa 8, velocidade de movimento 8, durabilidade 40. Requisitos: força 110. Uso permitido: Dark Knight (classe inicial), Magic Gladiator (classe inicial), Dark Lord (classe inicial), Rage Fighter (classe inicial). Ocupa 2x2 espaço(s) no inventário e pode participar das tabelas de drop.","Somente cosmético ou progressão controlada","Recomendado","Equipamento deve circular prioritariamente entre jogadores; venda direta exige limites de nível e opções."
"5639","11-7","Sphinx Boots","Botas","Armadura","Dark Wizard (classe inicial); Magic Gladiator (classe inicial)","30","defesa 9, velocidade de movimento 8, durabilidade 36","força 30","Sphinx Boots é um item da família armadura, catalogado em Botas. A configuração atual registra defesa 9, velocidade de movimento 8, durabilidade 36. Requisitos: força 30. Uso permitido: Dark Wizard (classe inicial), Magic Gladiator (classe inicial). Ocupa 2x2 espaço(s) no inventário e pode participar das tabelas de drop.","Somente cosmético ou progressão controlada","Recomendado","Equipamento deve circular prioritariamente entre jogadores; venda direta exige limites de nível e opções."
"5640","11-8","Brass Boots","Botas","Armadura","Dark Knight (classe inicial); Magic Gladiator (classe inicial); Rage Fighter (classe inicial)","32","defesa 10, velocidade de movimento 6, durabilidade 44","força 100, agilidade 30","Brass Boots é um item da família armadura, catalogado em Botas. A configuração atual registra defesa 10, velocidade de movimento 6, durabilidade 44. Requisitos: força 100, agilidade 30. Uso permitido: Dark Knight (classe inicial), Magic Gladiator (classe inicial), Rage Fighter (classe inicial). Ocupa 2x2 espaço(s) no inventário e pode participar das tabelas de drop.","Somente cosmético ou progressão controlada","Recomendado","Equipamento deve circular prioritariamente entre jogadores; venda direta exige limites de nível e opções."
"5641","11-9","Plate Boots","Botas","Armadura","Dark Knight (classe inicial); Magic Gladiator (classe inicial); Rage Fighter (classe inicial)","42","defesa 12, velocidade de movimento 4, durabilidade 50","força 130","Plate Boots é um item da família armadura, catalogado em Botas. A configuração atual registra defesa 12, velocidade de movimento 4, durabilidade 50. Requisitos: força 130. Uso permitido: Dark Knight (classe inicial), Magic Gladiator (classe inicial), Rage Fighter (classe inicial). Ocupa 2x2 espaço(s) no inventário e pode participar das tabelas de drop.","Somente cosmético ou progressão controlada","Recomendado","Equipamento deve circular prioritariamente entre jogadores; venda direta exige limites de nível e opções."
"5642","11-10","Vine Boots","Botas","Armadura","Fairy Elf (classe inicial)","5","defesa 2, durabilidade 22","força 30, agilidade 60","Vine Boots é um item da família armadura, catalogado em Botas. A configuração atual registra defesa 2, durabilidade 22. Requisitos: força 30, agilidade 60. Uso permitido: Fairy Elf (classe inicial). Ocupa 2x2 espaço(s) no inventário e pode participar das tabelas de drop.","Somente cosmético ou progressão controlada","Recomendado","Equipamento deve circular prioritariamente entre jogadores; venda direta exige limites de nível e opções."
"5643","11-11","Silk Boots","Botas","Armadura","Fairy Elf (classe inicial)","15","defesa 4, durabilidade 26","força 30, agilidade 70","Silk Boots é um item da família armadura, catalogado em Botas. A configuração atual registra defesa 4, durabilidade 26. Requisitos: força 30, agilidade 70. Uso permitido: Fairy Elf (classe inicial). Ocupa 2x2 espaço(s) no inventário e pode participar das tabelas de drop.","Somente cosmético ou progressão controlada","Recomendado","Equipamento deve circular prioritariamente entre jogadores; venda direta exige limites de nível e opções."
"5644","11-12","Wind Boots","Botas","Armadura","Fairy Elf (classe inicial)","27","defesa 7, durabilidade 32","força 30, agilidade 80","Wind Boots é um item da família armadura, catalogado em Botas. A configuração atual registra defesa 7, durabilidade 32. Requisitos: força 30, agilidade 80. Uso permitido: Fairy Elf (classe inicial). Ocupa 2x2 espaço(s) no inventário e pode participar das tabelas de drop.","Somente cosmético ou progressão controlada","Recomendado","Equipamento deve circular prioritariamente entre jogadores; venda direta exige limites de nível e opções."
"5645","11-13","Spirit Boots","Botas","Armadura","Fairy Elf (classe inicial)","40","defesa 10, durabilidade 38","força 40, agilidade 80","Spirit Boots é um item da família armadura, catalogado em Botas. A configuração atual registra defesa 10, durabilidade 38. Requisitos: força 40, agilidade 80. Uso permitido: Fairy Elf (classe inicial). Ocupa 2x2 espaço(s) no inventário e pode participar das tabelas de drop.","Somente cosmético ou progressão controlada","Recomendado","Equipamento deve circular prioritariamente entre jogadores; venda direta exige limites de nível e opções."
"5646","11-14","Guardian Boots","Botas","Armadura","Fairy Elf (classe inicial)","52","defesa 16, durabilidade 45","força 40, agilidade 80","Guardian Boots é um item da família armadura, catalogado em Botas. A configuração atual registra defesa 16, durabilidade 45. Requisitos: força 40, agilidade 80. Uso permitido: Fairy Elf (classe inicial). Ocupa 2x2 espaço(s) no inventário e pode participar das tabelas de drop.","Somente cosmético ou progressão controlada","Recomendado","Equipamento deve circular prioritariamente entre jogadores; venda direta exige limites de nível e opções."
"5647","11-15","Storm Crow Boots","Botas","Armadura","Magic Gladiator (classe inicial)","72","defesa 22, velocidade de movimento 2, durabilidade 80","força 150, agilidade 70","Storm Crow Boots é um item da família armadura, catalogado em Botas. A configuração atual registra defesa 22, velocidade de movimento 2, durabilidade 80. Requisitos: força 150, agilidade 70. Uso permitido: Magic Gladiator (classe inicial). Ocupa 2x2 espaço(s) no inventário e pode participar das tabelas de drop.","Somente cosmético ou progressão controlada","Recomendado","Equipamento deve circular prioritariamente entre jogadores; venda direta exige limites de nível e opções."
"5648","11-16","Black Dragon Boots","Botas","Armadura","Dark Knight (classe inicial)","78","defesa 24, velocidade de movimento 2, durabilidade 74","força 170, agilidade 60","Black Dragon Boots é um item da família armadura, catalogado em Botas. A configuração atual registra defesa 24, velocidade de movimento 2, durabilidade 74. Requisitos: força 170, agilidade 60. Uso permitido: Dark Knight (classe inicial). Ocupa 2x2 espaço(s) no inventário e pode participar das tabelas de drop.","Somente cosmético ou progressão controlada","Recomendado","Equipamento deve circular prioritariamente entre jogadores; venda direta exige limites de nível e opções."
"5649","11-17","Dark Phoenix Boots","Botas","Armadura","Dark Knight (segunda classe)","93","defesa 40, velocidade de movimento 2, durabilidade 80","força 198, agilidade 60","Dark Phoenix Boots é um item da família armadura, catalogado em Botas. A configuração atual registra defesa 40, velocidade de movimento 2, durabilidade 80. Requisitos: força 198, agilidade 60. Uso permitido: Dark Knight (segunda classe). Ocupa 2x2 espaço(s) no inventário e pode participar das tabelas de drop.","Somente cosmético ou progressão controlada","Recomendado","Equipamento deve circular prioritariamente entre jogadores; venda direta exige limites de nível e opções."
"5650","11-18","Grand Soul Boots","Botas","Armadura","Dark Wizard (segunda classe)","76","defesa 22, durabilidade 67","força 59, agilidade 10","Grand Soul Boots é um item da família armadura, catalogado em Botas. A configuração atual registra defesa 22, durabilidade 67. Requisitos: força 59, agilidade 10. Uso permitido: Dark Wizard (segunda classe). Ocupa 2x2 espaço(s) no inventário e pode participar das tabelas de drop.","Somente cosmético ou progressão controlada","Recomendado","Equipamento deve circular prioritariamente entre jogadores; venda direta exige limites de nível e opções."
"5651","11-19","Divine Boots","Botas","Armadura","Fairy Elf (segunda classe)","81","defesa 30, durabilidade 74","força 50, agilidade 110","Divine Boots é um item da família armadura, catalogado em Botas. A configuração atual registra defesa 30, durabilidade 74. Requisitos: força 50, agilidade 110. Uso permitido: Fairy Elf (segunda classe). Ocupa 2x2 espaço(s) no inventário e pode participar das tabelas de drop.","Somente cosmético ou progressão controlada","Recomendado","Equipamento deve circular prioritariamente entre jogadores; venda direta exige limites de nível e opções."
"5652","11-20","Thunder Hawk Boots","Botas","Armadura","Magic Gladiator (classe inicial)","92","defesa 37, velocidade de movimento 2, durabilidade 82","força 150, agilidade 70","Thunder Hawk Boots é um item da família armadura, catalogado em Botas. A configuração atual registra defesa 37, velocidade de movimento 2, durabilidade 82. Requisitos: força 150, agilidade 70. Uso permitido: Magic Gladiator (classe inicial). Ocupa 2x2 espaço(s) no inventário e pode participar das tabelas de drop.","Somente cosmético ou progressão controlada","Recomendado","Equipamento deve circular prioritariamente entre jogadores; venda direta exige limites de nível e opções."
"5653","11-21","Great Dragon Boots","Botas","Armadura","Dark Knight (segunda classe)","98","defesa 50, durabilidade 86","força 200, agilidade 58","Great Dragon Boots é um item da família armadura, catalogado em Botas. A configuração atual registra defesa 50, durabilidade 86. Requisitos: força 200, agilidade 58. Uso permitido: Dark Knight (segunda classe). Ocupa 2x2 espaço(s) no inventário e pode participar das tabelas de drop.","Somente cosmético ou progressão controlada","Recomendado","Equipamento deve circular prioritariamente entre jogadores; venda direta exige limites de nível e opções."
"5654","11-22","Dark Soul Boots","Botas","Armadura","Dark Wizard (segunda classe)","95","defesa 31, durabilidade 75","força 55, agilidade 18","Dark Soul Boots é um item da família armadura, catalogado em Botas. A configuração atual registra defesa 31, durabilidade 75. Requisitos: força 55, agilidade 18. Uso permitido: Dark Wizard (segunda classe). Ocupa 2x2 espaço(s) no inventário e pode participar das tabelas de drop.","Somente cosmético ou progressão controlada","Recomendado","Equipamento deve circular prioritariamente entre jogadores; venda direta exige limites de nível e opções."
"5655","11-23","Hurricane Boots","Botas","Armadura","Magic Gladiator (classe inicial)","110","defesa 50, durabilidade 90","força 162, agilidade 66","Hurricane Boots é um item da família armadura, catalogado em Botas. A configuração atual registra defesa 50, durabilidade 90. Requisitos: força 162, agilidade 66. Uso permitido: Magic Gladiator (classe inicial). Ocupa 2x2 espaço(s) no inventário e pode participar das tabelas de drop.","Somente cosmético ou progressão controlada","Recomendado","Equipamento deve circular prioritariamente entre jogadores; venda direta exige limites de nível e opções."
"5656","11-24","Red Spirit Boots","Botas","Armadura","Fairy Elf (segunda classe)","87","defesa 40, durabilidade 80","força 52, agilidade 115","Red Spirit Boots é um item da família armadura, catalogado em Botas. A configuração atual registra defesa 40, durabilidade 80. Requisitos: força 52, agilidade 115. Uso permitido: Fairy Elf (segunda classe). Ocupa 2x2 espaço(s) no inventário e pode participar das tabelas de drop.","Somente cosmético ou progressão controlada","Recomendado","Equipamento deve circular prioritariamente entre jogadores; venda direta exige limites de nível e opções."
"5657","11-25","Light Plate Boots","Botas","Armadura","Dark Lord (classe inicial)","45","defesa 13, durabilidade 42","força 70, agilidade 20","Light Plate Boots é um item da família armadura, catalogado em Botas. A configuração atual registra defesa 13, durabilidade 42. Requisitos: força 70, agilidade 20. Uso permitido: Dark Lord (classe inicial). Ocupa 2x2 espaço(s) no inventário e pode participar das tabelas de drop.","Somente cosmético ou progressão controlada","Recomendado","Equipamento deve circular prioritariamente entre jogadores; venda direta exige limites de nível e opções."
"5658","11-26","Adamantine Boots","Botas","Armadura","Dark Lord (classe inicial)","60","defesa 20, durabilidade 56","força 77, agilidade 21","Adamantine Boots é um item da família armadura, catalogado em Botas. A configuração atual registra defesa 20, durabilidade 56. Requisitos: força 77, agilidade 21. Uso permitido: Dark Lord (classe inicial). Ocupa 2x2 espaço(s) no inventário e pode participar das tabelas de drop.","Somente cosmético ou progressão controlada","Recomendado","Equipamento deve circular prioritariamente entre jogadores; venda direta exige limites de nível e opções."
"5659","11-27","Dark Steel Boots","Botas","Armadura","Dark Lord (classe inicial)","83","defesa 25, durabilidade 70","força 84, agilidade 22","Dark Steel Boots é um item da família armadura, catalogado em Botas. A configuração atual registra defesa 25, durabilidade 70. Requisitos: força 84, agilidade 22. Uso permitido: Dark Lord (classe inicial). Ocupa 2x2 espaço(s) no inventário e pode participar das tabelas de drop.","Somente cosmético ou progressão controlada","Recomendado","Equipamento deve circular prioritariamente entre jogadores; venda direta exige limites de nível e opções."
"5660","11-28","Dark Master Boots","Botas","Armadura","Dark Lord (classe inicial)","95","defesa 33, durabilidade 78","força 80, agilidade 21","Dark Master Boots é um item da família armadura, catalogado em Botas. A configuração atual registra defesa 33, durabilidade 78. Requisitos: força 80, agilidade 21. Uso permitido: Dark Lord (classe inicial). Ocupa 2x2 espaço(s) no inventário e pode participar das tabelas de drop.","Somente cosmético ou progressão controlada","Recomendado","Equipamento deve circular prioritariamente entre jogadores; venda direta exige limites de nível e opções."
"5661","11-29","Dragon Knight Boots","Botas","Armadura","Dark Knight (segunda classe)","119","defesa 63, durabilidade 90","nível 380, força 170, agilidade 60","Dragon Knight Boots é um item da família armadura, catalogado em Botas. A configuração atual registra defesa 63, durabilidade 90. Requisitos: nível 380, força 170, agilidade 60. Uso permitido: Dark Knight (segunda classe). Ocupa 2x2 espaço(s) no inventário e pode participar das tabelas de drop.","Somente cosmético ou progressão controlada","Recomendado","Equipamento deve circular prioritariamente entre jogadores; venda direta exige limites de nível e opções."
"5662","11-30","Venom Mist Boots","Botas","Armadura","Dark Wizard (segunda classe)","119","defesa 47, durabilidade 86","nível 380, força 44, agilidade 15","Venom Mist Boots é um item da família armadura, catalogado em Botas. A configuração atual registra defesa 47, durabilidade 86. Requisitos: nível 380, força 44, agilidade 15. Uso permitido: Dark Wizard (segunda classe). Ocupa 2x2 espaço(s) no inventário e pode participar das tabelas de drop.","Somente cosmético ou progressão controlada","Recomendado","Equipamento deve circular prioritariamente entre jogadores; venda direta exige limites de nível e opções."
"5663","11-31","Sylphid Ray Boots","Botas","Armadura","Fairy Elf (segunda classe)","119","defesa 53, durabilidade 86","nível 380, força 38, agilidade 80","Sylphid Ray Boots é um item da família armadura, catalogado em Botas. A configuração atual registra defesa 53, durabilidade 86. Requisitos: nível 380, força 38, agilidade 80. Uso permitido: Fairy Elf (segunda classe). Ocupa 2x2 espaço(s) no inventário e pode participar das tabelas de drop.","Somente cosmético ou progressão controlada","Recomendado","Equipamento deve circular prioritariamente entre jogadores; venda direta exige limites de nível e opções."
"5664","11-32","Volcano Boots","Botas","Armadura","Magic Gladiator (classe inicial)","131","defesa 61, durabilidade 95","nível 380, força 145, agilidade 60","Volcano Boots é um item da família armadura, catalogado em Botas. A configuração atual registra defesa 61, durabilidade 95. Requisitos: nível 380, força 145, agilidade 60. Uso permitido: Magic Gladiator (classe inicial). Ocupa 2x2 espaço(s) no inventário e pode participar das tabelas de drop.","Somente cosmético ou progressão controlada","Recomendado","Equipamento deve circular prioritariamente entre jogadores; venda direta exige limites de nível e opções."
"5665","11-33","Sunlight Boots","Botas","Armadura","Dark Lord (classe inicial)","121","defesa 44, durabilidade 82","nível 380, força 62, agilidade 16","Sunlight Boots é um item da família armadura, catalogado em Botas. A configuração atual registra defesa 44, durabilidade 82. Requisitos: nível 380, força 62, agilidade 16. Uso permitido: Dark Lord (classe inicial). Ocupa 2x2 espaço(s) no inventário e pode participar das tabelas de drop.","Somente cosmético ou progressão controlada","Recomendado","Equipamento deve circular prioritariamente entre jogadores; venda direta exige limites de nível e opções."
"5666","11-34","Ashcrow Boots","Botas","Armadura","Dark Knight (classe inicial)","68","defesa 19, durabilidade 72","força 160, agilidade 50","Ashcrow Boots é um item da família armadura, catalogado em Botas. A configuração atual registra defesa 19, durabilidade 72. Requisitos: força 160, agilidade 50. Uso permitido: Dark Knight (classe inicial). Ocupa 2x2 espaço(s) no inventário e pode participar das tabelas de drop.","Somente cosmético ou progressão controlada","Recomendado","Equipamento deve circular prioritariamente entre jogadores; venda direta exige limites de nível e opções."
"5667","11-35","Eclipse Boots","Botas","Armadura","Dark Wizard (classe inicial)","68","defesa 17, durabilidade 54","força 53, agilidade 12","Eclipse Boots é um item da família armadura, catalogado em Botas. A configuração atual registra defesa 17, durabilidade 54. Requisitos: força 53, agilidade 12. Uso permitido: Dark Wizard (classe inicial). Ocupa 2x2 espaço(s) no inventário e pode participar das tabelas de drop.","Somente cosmético ou progressão controlada","Recomendado","Equipamento deve circular prioritariamente entre jogadores; venda direta exige limites de nível e opções."
"5668","11-36","Iris Boots","Botas","Armadura","Fairy Elf (classe inicial)","68","defesa 23, durabilidade 59","força 50, agilidade 70","Iris Boots é um item da família armadura, catalogado em Botas. A configuração atual registra defesa 23, durabilidade 59. Requisitos: força 50, agilidade 70. Uso permitido: Fairy Elf (classe inicial). Ocupa 2x2 espaço(s) no inventário e pode participar das tabelas de drop.","Somente cosmético ou progressão controlada","Recomendado","Equipamento deve circular prioritariamente entre jogadores; venda direta exige limites de nível e opções."
"5669","11-37","Valiant Boots","Botas","Armadura","Magic Gladiator (classe inicial)","98","defesa 29, durabilidade 81","força 155, agilidade 50","Valiant Boots é um item da família armadura, catalogado em Botas. A configuração atual registra defesa 29, durabilidade 81. Requisitos: força 155, agilidade 50. Uso permitido: Magic Gladiator (classe inicial). Ocupa 2x2 espaço(s) no inventário e pode participar das tabelas de drop.","Somente cosmético ou progressão controlada","Recomendado","Equipamento deve circular prioritariamente entre jogadores; venda direta exige limites de nível e opções."
"5670","11-38","Glorious Boots","Botas","Armadura","Dark Lord (classe inicial)","98","defesa 29, durabilidade 74","força 80, agilidade 21","Glorious Boots é um item da família armadura, catalogado em Botas. A configuração atual registra defesa 29, durabilidade 74. Requisitos: força 80, agilidade 21. Uso permitido: Dark Lord (classe inicial). Ocupa 2x2 espaço(s) no inventário e pode participar das tabelas de drop.","Somente cosmético ou progressão controlada","Recomendado","Equipamento deve circular prioritariamente entre jogadores; venda direta exige limites de nível e opções."
"5671","11-39","Violent Wind Boots","Botas","Armadura","Summoner (classe inicial)","26","defesa 11, durabilidade 36","força 27","Violent Wind Boots é um item da família armadura, catalogado em Botas. A configuração atual registra defesa 11, durabilidade 36. Requisitos: força 27. Uso permitido: Summoner (classe inicial). Ocupa 2x2 espaço(s) no inventário e pode participar das tabelas de drop.","Somente cosmético ou progressão controlada","Recomendado","Equipamento deve circular prioritariamente entre jogadores; venda direta exige limites de nível e opções."
"5672","11-40","Red Wing Boots","Botas","Armadura","Summoner (classe inicial)","46","defesa 15, durabilidade 42","força 25, agilidade 4","Red Wing Boots é um item da família armadura, catalogado em Botas. A configuração atual registra defesa 15, durabilidade 42. Requisitos: força 25, agilidade 4. Uso permitido: Summoner (classe inicial). Ocupa 2x2 espaço(s) no inventário e pode participar das tabelas de drop.","Somente cosmético ou progressão controlada","Recomendado","Equipamento deve circular prioritariamente entre jogadores; venda direta exige limites de nível e opções."
"5673","11-41","Ancient Boots","Botas","Armadura","Summoner (classe inicial)","65","defesa 21, durabilidade 54","força 53, agilidade 16","Ancient Boots é um item da família armadura, catalogado em Botas. A configuração atual registra defesa 21, durabilidade 54. Requisitos: força 53, agilidade 16. Uso permitido: Summoner (classe inicial). Ocupa 2x2 espaço(s) no inventário e pode participar das tabelas de drop.","Somente cosmético ou progressão controlada","Recomendado","Equipamento deve circular prioritariamente entre jogadores; venda direta exige limites de nível e opções."
"5674","11-42","Demonic Boots","Botas","Armadura","Summoner (segunda classe)","76","defesa 28, durabilidade 67","força 60, agilidade 10","Demonic Boots é um item da família armadura, catalogado em Botas. A configuração atual registra defesa 28, durabilidade 67. Requisitos: força 60, agilidade 10. Uso permitido: Summoner (segunda classe). Ocupa 2x2 espaço(s) no inventário e pode participar das tabelas de drop.","Somente cosmético ou progressão controlada","Recomendado","Equipamento deve circular prioritariamente entre jogadores; venda direta exige limites de nível e opções."
"5675","11-43","Storm Blitz Boots","Botas","Armadura","Summoner (segunda classe)","95","defesa 38, durabilidade 75","nível 380, força 57, agilidade 20","Storm Blitz Boots é um item da família armadura, catalogado em Botas. A configuração atual registra defesa 38, durabilidade 75. Requisitos: nível 380, força 57, agilidade 20. Uso permitido: Summoner (segunda classe). Ocupa 2x2 espaço(s) no inventário e pode participar das tabelas de drop.","Somente cosmético ou progressão controlada","Recomendado","Equipamento deve circular prioritariamente entre jogadores; venda direta exige limites de nível e opções."
"5676","11-44","Eternal Wing Boots","Botas","Armadura","Summoner (segunda classe)","99","defesa 32, durabilidade 86","nível 380, força 62, agilidade 20, energia 170","Eternal Wing Boots é um item da família armadura, catalogado em Botas. A configuração atual registra defesa 32, durabilidade 86. Requisitos: nível 380, força 62, agilidade 20, energia 170. Uso permitido: Summoner (segunda classe). Ocupa 2x2 espaço(s) no inventário e pode participar das tabelas de drop.","Somente cosmético ou progressão controlada","Recomendado","Equipamento deve circular prioritariamente entre jogadores; venda direta exige limites de nível e opções."
"5677","11-45","Titan Boots","Botas","Armadura","Dark Knight (classe inicial)","96","defesa 57, durabilidade 86","nível 380, força 222, agilidade 32","Titan Boots é um item da família armadura, catalogado em Botas. A configuração atual registra defesa 57, durabilidade 86. Requisitos: nível 380, força 222, agilidade 32. Uso permitido: Dark Knight (classe inicial). Ocupa 2x2 espaço(s) no inventário e pode participar das tabelas de drop.","Somente cosmético ou progressão controlada","Recomendado","Equipamento deve circular prioritariamente entre jogadores; venda direta exige limites de nível e opções."
"5678","11-46","Brave Boots","Botas","Armadura","Dark Knight (classe inicial)","93","defesa 45, durabilidade 86","nível 380, força 74, agilidade 162","Brave Boots é um item da família armadura, catalogado em Botas. A configuração atual registra defesa 45, durabilidade 86. Requisitos: nível 380, força 74, agilidade 162. Uso permitido: Dark Knight (classe inicial). Ocupa 2x2 espaço(s) no inventário e pode participar das tabelas de drop.","Somente cosmético ou progressão controlada","Recomendado","Equipamento deve circular prioritariamente entre jogadores; venda direta exige limites de nível e opções."
"5679","11-47","Phantom Boots","Botas","Armadura","Magic Gladiator (classe inicial)","97","defesa 54, durabilidade 86","nível 380, força 212, agilidade 57","Phantom Boots é um item da família armadura, catalogado em Botas. A configuração atual registra defesa 54, durabilidade 86. Requisitos: nível 380, força 212, agilidade 57. Uso permitido: Magic Gladiator (classe inicial). Ocupa 2x2 espaço(s) no inventário e pode participar das tabelas de drop.","Somente cosmético ou progressão controlada","Recomendado","Equipamento deve circular prioritariamente entre jogadores; venda direta exige limites de nível e opções."
"5680","11-48","Destroy Boots","Botas","Armadura","Magic Gladiator (classe inicial)","94","defesa 44, durabilidade 86","nível 380, força 62, agilidade 19, energia 165","Destroy Boots é um item da família armadura, catalogado em Botas. A configuração atual registra defesa 44, durabilidade 86. Requisitos: nível 380, força 62, agilidade 19, energia 165. Uso permitido: Magic Gladiator (classe inicial). Ocupa 2x2 espaço(s) no inventário e pode participar das tabelas de drop.","Somente cosmético ou progressão controlada","Recomendado","Equipamento deve circular prioritariamente entre jogadores; venda direta exige limites de nível e opções."
"5681","11-49","Seraphim Boots","Botas","Armadura","Fairy Elf (classe inicial)","97","defesa 42, durabilidade 86","nível 380, força 55, agilidade 197","Seraphim Boots é um item da família armadura, catalogado em Botas. A configuração atual registra defesa 42, durabilidade 86. Requisitos: nível 380, força 55, agilidade 197. Uso permitido: Fairy Elf (classe inicial). Ocupa 2x2 espaço(s) no inventário e pode participar das tabelas de drop.","Somente cosmético ou progressão controlada","Recomendado","Equipamento deve circular prioritariamente entre jogadores; venda direta exige limites de nível e opções."
"5682","11-50","Divine Boots","Botas","Armadura","Fairy Elf (classe inicial)","92","defesa 35, durabilidade 86","nível 380, força 32, agilidade 29, energia 138","Divine Boots é um item da família armadura, catalogado em Botas. A configuração atual registra defesa 35, durabilidade 86. Requisitos: nível 380, força 32, agilidade 29, energia 138. Uso permitido: Fairy Elf (classe inicial). Ocupa 2x2 espaço(s) no inventário e pode participar das tabelas de drop.","Somente cosmético ou progressão controlada","Recomendado","Equipamento deve circular prioritariamente entre jogadores; venda direta exige limites de nível e opções."
"5683","11-51","Royal Boots","Botas","Armadura","Dark Lord (classe inicial)","98","defesa 38, durabilidade 86","nível 380, força 105, agilidade 38","Royal Boots é um item da família armadura, catalogado em Botas. A configuração atual registra defesa 38, durabilidade 86. Requisitos: nível 380, força 105, agilidade 38. Uso permitido: Dark Lord (classe inicial). Ocupa 2x2 espaço(s) no inventário e pode participar das tabelas de drop.","Somente cosmético ou progressão controlada","Recomendado","Equipamento deve circular prioritariamente entre jogadores; venda direta exige limites de nível e opções."
"5684","11-52","Hades Boots","Botas","Armadura","Dark Wizard (classe inicial)","94","defesa 34, durabilidade 86","nível 380, força 60, agilidade 15, energia 181","Hades Boots é um item da família armadura, catalogado em Botas. A configuração atual registra defesa 34, durabilidade 86. Requisitos: nível 380, força 60, agilidade 15, energia 181. Uso permitido: Dark Wizard (classe inicial). Ocupa 2x2 espaço(s) no inventário e pode participar das tabelas de drop.","Somente cosmético ou progressão controlada","Recomendado","Equipamento deve circular prioritariamente entre jogadores; venda direta exige limites de nível e opções."
"5685","11-53","Merlin Boots","Botas","Armadura","Summoner (classe inicial)","97","defesa 120, durabilidade 86","nível 380, força 60, agilidade 15, energia 180","Merlin Boots é um item da família armadura, catalogado em Botas. A configuração atual registra defesa 120, durabilidade 86. Requisitos: nível 380, força 60, agilidade 15, energia 180. Uso permitido: Summoner (classe inicial). Ocupa 2x2 espaço(s) no inventário e pode participar das tabelas de drop.","Somente cosmético ou progressão controlada","Recomendado","Equipamento deve circular prioritariamente entre jogadores; venda direta exige limites de nível e opções."
"5691","11-59","Sacred Fire Boots","Botas","Armadura","Rage Fighter (classe inicial)","50","defesa 20, durabilidade 52","força 85, vitalidade 75","Sacred Fire Boots é um item da família armadura, catalogado em Botas. A configuração atual registra defesa 20, durabilidade 52. Requisitos: força 85, vitalidade 75. Uso permitido: Rage Fighter (classe inicial). Ocupa 2x2 espaço(s) no inventário e pode participar das tabelas de drop.","Somente cosmético ou progressão controlada","Recomendado","Equipamento deve circular prioritariamente entre jogadores; venda direta exige limites de nível e opções."
"5692","11-60","Storm Jahad Boots","Botas","Armadura","Rage Fighter (classe inicial)","62","defesa 28, durabilidade 68","força 100, vitalidade 90","Storm Jahad Boots é um item da família armadura, catalogado em Botas. A configuração atual registra defesa 28, durabilidade 68. Requisitos: força 100, vitalidade 90. Uso permitido: Rage Fighter (classe inicial). Ocupa 2x2 espaço(s) no inventário e pode participar das tabelas de drop.","Somente cosmético ou progressão controlada","Recomendado","Equipamento deve circular prioritariamente entre jogadores; venda direta exige limites de nível e opções."
"5693","11-61","Piercing Groove Boots","Botas","Armadura","Rage Fighter (classe inicial)","82","defesa 36, durabilidade 82","força 115, vitalidade 100","Piercing Groove Boots é um item da família armadura, catalogado em Botas. A configuração atual registra defesa 36, durabilidade 82. Requisitos: força 115, vitalidade 100. Uso permitido: Rage Fighter (classe inicial). Ocupa 2x2 espaço(s) no inventário e pode participar das tabelas de drop.","Somente cosmético ou progressão controlada","Recomendado","Equipamento deve circular prioritariamente entre jogadores; venda direta exige limites de nível e opções."
"5694","11-62","Scale Boots","Botas","Armadura","Dark Knight (classe inicial); Magic Gladiator (classe inicial); Dark Lord (classe inicial); Rage Fighter (classe inicial)","22","defesa 12, velocidade de movimento 8, durabilidade 255","nível 1","Scale Boots é um item da família armadura, catalogado em Botas. A configuração atual registra defesa 12, velocidade de movimento 8, durabilidade 255. Requisitos: nível 1. Uso permitido: Dark Knight (classe inicial), Magic Gladiator (classe inicial), Dark Lord (classe inicial), Rage Fighter (classe inicial). Ocupa 2x2 espaço(s) no inventário e pode participar das tabelas de drop.","Somente cosmético ou progressão controlada","Recomendado","Equipamento deve circular prioritariamente entre jogadores; venda direta exige limites de nível e opções."
"5695","11-63","Silk Boots","Botas","Armadura","Fairy Elf (classe inicial)","15","defesa 7, durabilidade 255","nível 1","Silk Boots é um item da família armadura, catalogado em Botas. A configuração atual registra defesa 7, durabilidade 255. Requisitos: nível 1. Uso permitido: Fairy Elf (classe inicial). Ocupa 2x2 espaço(s) no inventário e pode participar das tabelas de drop.","Somente cosmético ou progressão controlada","Recomendado","Equipamento deve circular prioritariamente entre jogadores; venda direta exige limites de nível e opções."
"5696","11-64","Sphinx Boots","Botas","Armadura","Dark Wizard (classe inicial); Magic Gladiator (classe inicial)","30","defesa 13, velocidade de movimento 8, durabilidade 255","nível 1","Sphinx Boots é um item da família armadura, catalogado em Botas. A configuração atual registra defesa 13, velocidade de movimento 8, durabilidade 255. Requisitos: nível 1. Uso permitido: Dark Wizard (classe inicial), Magic Gladiator (classe inicial). Ocupa 2x2 espaço(s) no inventário e pode participar das tabelas de drop.","Somente cosmético ou progressão controlada","Recomendado","Equipamento deve circular prioritariamente entre jogadores; venda direta exige limites de nível e opções."
"5697","11-65","Violent Wind Boots","Botas","Armadura","Summoner (classe inicial)","26","defesa 15, durabilidade 255","nível 1","Violent Wind Boots é um item da família armadura, catalogado em Botas. A configuração atual registra defesa 15, durabilidade 255. Requisitos: nível 1. Uso permitido: Summoner (classe inicial). Ocupa 2x2 espaço(s) no inventário e pode participar das tabelas de drop.","Somente cosmético ou progressão controlada","Recomendado","Equipamento deve circular prioritariamente entre jogadores; venda direta exige limites de nível e opções."
"5698","11-66","Dark Soul Boots","Botas","Armadura","Dark Lord (classe inicial)","60","defesa 25, durabilidade 255","nível 150","Dark Soul Boots é um item da família armadura, catalogado em Botas. A configuração atual registra defesa 25, durabilidade 255. Requisitos: nível 150. Uso permitido: Dark Lord (classe inicial). Ocupa 2x2 espaço(s) no inventário e pode participar das tabelas de drop.","Somente cosmético ou progressão controlada","Recomendado","Equipamento deve circular prioritariamente entre jogadores; venda direta exige limites de nível e opções."
"5699","11-67","Dragon Boots","Botas","Armadura","Dark Knight (classe inicial); Magic Gladiator (classe inicial)","54","defesa 20, velocidade de movimento 2, durabilidade 255","nível 150","Dragon Boots é um item da família armadura, catalogado em Botas. A configuração atual registra defesa 20, velocidade de movimento 2, durabilidade 255. Requisitos: nível 150. Uso permitido: Dark Knight (classe inicial), Magic Gladiator (classe inicial). Ocupa 2x2 espaço(s) no inventário e pode participar das tabelas de drop.","Somente cosmético ou progressão controlada","Recomendado","Equipamento deve circular prioritariamente entre jogadores; venda direta exige limites de nível e opções."
"5700","11-68","Guardian Boots","Botas","Armadura","Fairy Elf (classe inicial)","52","defesa 23, durabilidade 255","nível 150","Guardian Boots é um item da família armadura, catalogado em Botas. A configuração atual registra defesa 23, durabilidade 255. Requisitos: nível 150. Uso permitido: Fairy Elf (classe inicial). Ocupa 2x2 espaço(s) no inventário e pode participar das tabelas de drop.","Somente cosmético ou progressão controlada","Recomendado","Equipamento deve circular prioritariamente entre jogadores; venda direta exige limites de nível e opções."
"5701","11-69","Legendary Boots","Botas","Armadura","Dark Wizard (classe inicial); Magic Gladiator (classe inicial)","46","defesa 17, durabilidade 255","nível 150","Legendary Boots é um item da família armadura, catalogado em Botas. A configuração atual registra defesa 17, durabilidade 255. Requisitos: nível 150. Uso permitido: Dark Wizard (classe inicial), Magic Gladiator (classe inicial). Ocupa 2x2 espaço(s) no inventário e pode participar das tabelas de drop.","Somente cosmético ou progressão controlada","Recomendado","Equipamento deve circular prioritariamente entre jogadores; venda direta exige limites de nível e opções."
"5702","11-70","Red Wing Boots","Botas","Armadura","Summoner (classe inicial)","46","defesa 17, durabilidade 255","nível 150","Red Wing Boots é um item da família armadura, catalogado em Botas. A configuração atual registra defesa 17, durabilidade 255. Requisitos: nível 150. Uso permitido: Summoner (classe inicial). Ocupa 2x2 espaço(s) no inventário e pode participar das tabelas de drop.","Somente cosmético ou progressão controlada","Recomendado","Equipamento deve circular prioritariamente entre jogadores; venda direta exige limites de nível e opções."
"5703","11-71","Atlans Boots","Botas","Armadura","Magic Gladiator (classe inicial)","72","defesa 27, velocidade de movimento 2, durabilidade 255","nível 150","Atlans Boots é um item da família armadura, catalogado em Botas. A configuração atual registra defesa 27, velocidade de movimento 2, durabilidade 255. Requisitos: nível 150. Uso permitido: Magic Gladiator (classe inicial). Ocupa 2x2 espaço(s) no inventário e pode participar das tabelas de drop.","Somente cosmético ou progressão controlada","Recomendado","Equipamento deve circular prioritariamente entre jogadores; venda direta exige limites de nível e opções."
"5704","11-72","Storm Jahad Boots","Botas","Armadura","Rage Fighter (classe inicial)","62","defesa 20, durabilidade 255","nível 150","Storm Jahad Boots é um item da família armadura, catalogado em Botas. A configuração atual registra defesa 20, durabilidade 255. Requisitos: nível 150. Uso permitido: Rage Fighter (classe inicial). Ocupa 2x2 espaço(s) no inventário e pode participar das tabelas de drop.","Somente cosmético ou progressão controlada","Recomendado","Equipamento deve circular prioritariamente entre jogadores; venda direta exige limites de nível e opções."
"5705","11-73","Phoenix Soul Boots","Botas","Armadura","Rage Fighter (classe inicial)","119","defesa 57, durabilidade 88","nível 380, força 97, vitalidade 85","Phoenix Soul Boots é um item da família armadura, catalogado em Botas. A configuração atual registra defesa 57, durabilidade 88. Requisitos: nível 380, força 97, vitalidade 85. Uso permitido: Rage Fighter (classe inicial). Ocupa 2x2 espaço(s) no inventário e pode participar das tabelas de drop.","Somente cosmético ou progressão controlada","Recomendado","Equipamento deve circular prioritariamente entre jogadores; venda direta exige limites de nível e opções."
"5832","11-200","BloodMoon Boots","Botas","Armadura","Rage Fighter (classe inicial)","119","defesa 57, durabilidade 88","nível 380, força 97, vitalidade 85","BloodMoon Boots é um item da família armadura, catalogado em Botas. A configuração atual registra defesa 57, durabilidade 88. Requisitos: nível 380, força 97, vitalidade 85. Uso permitido: Rage Fighter (classe inicial). Ocupa 2x2 espaço(s) no inventário e pode participar das tabelas de drop.","Somente cosmético ou progressão controlada","Recomendado","Equipamento deve circular prioritariamente entre jogadores; venda direta exige limites de nível e opções."
"5833","11-201","BloodMoon F Boots","Botas","Armadura","Rage Fighter (classe inicial)","119","defesa 57, durabilidade 88","nível 380, força 97, vitalidade 85","BloodMoon F Boots é um item da família armadura, catalogado em Botas. A configuração atual registra defesa 57, durabilidade 88. Requisitos: nível 380, força 97, vitalidade 85. Uso permitido: Rage Fighter (classe inicial). Ocupa 2x2 espaço(s) no inventário e pode participar das tabelas de drop.","Somente cosmético ou progressão controlada","Recomendado","Equipamento deve circular prioritariamente entre jogadores; venda direta exige limites de nível e opções."
"6144","12-0","Wings of Elf","Asas, orbes e pets","Asa ou capa","Fairy Elf (classe inicial)","100","defesa 10, durabilidade 200","nível 180","Wings of Elf é um item da família asa ou capa, catalogado em Asas, orbes e pets. A configuração atual registra defesa 10, durabilidade 200. Requisitos: nível 180. Uso permitido: Fairy Elf (classe inicial). Ocupa 3x2 espaço(s) no inventário e pode participar das tabelas de drop.","Somente cosmético ou progressão controlada","Recomendado","Equipamento deve circular prioritariamente entre jogadores; venda direta exige limites de nível e opções."
"6145","12-1","Wings of Heaven","Asas, orbes e pets","Asa ou capa","Dark Wizard (classe inicial); Magic Gladiator (classe inicial)","100","defesa 10, durabilidade 200","nível 180","Wings of Heaven é um item da família asa ou capa, catalogado em Asas, orbes e pets. A configuração atual registra defesa 10, durabilidade 200. Requisitos: nível 180. Uso permitido: Dark Wizard (classe inicial), Magic Gladiator (classe inicial). Ocupa 5x3 espaço(s) no inventário e pode participar das tabelas de drop.","Somente cosmético ou progressão controlada","Recomendado","Equipamento deve circular prioritariamente entre jogadores; venda direta exige limites de nível e opções."
"6146","12-2","Wings of Satan","Asas, orbes e pets","Asa ou capa","Dark Knight (classe inicial); Magic Gladiator (classe inicial)","100","defesa 20, durabilidade 200","nível 180","Wings of Satan é um item da família asa ou capa, catalogado em Asas, orbes e pets. A configuração atual registra defesa 20, durabilidade 200. Requisitos: nível 180. Uso permitido: Dark Knight (classe inicial), Magic Gladiator (classe inicial). Ocupa 5x2 espaço(s) no inventário e pode participar das tabelas de drop.","Somente cosmético ou progressão controlada","Recomendado","Equipamento deve circular prioritariamente entre jogadores; venda direta exige limites de nível e opções."
"6147","12-3","Wings of Spirits","Asas, orbes e pets","Asa ou capa","Fairy Elf (segunda classe)","150","defesa 30, durabilidade 200","nível 215","Wings of Spirits é um item da família asa ou capa, catalogado em Asas, orbes e pets. A configuração atual registra defesa 30, durabilidade 200. Requisitos: nível 215. Uso permitido: Fairy Elf (segunda classe). Ocupa 5x3 espaço(s) no inventário e pode participar das tabelas de drop.","Somente cosmético ou progressão controlada","Recomendado","Equipamento deve circular prioritariamente entre jogadores; venda direta exige limites de nível e opções."
"6148","12-4","Wings of Soul","Asas, orbes e pets","Asa ou capa","Dark Wizard (segunda classe)","150","defesa 30, durabilidade 200","nível 215","Wings of Soul é um item da família asa ou capa, catalogado em Asas, orbes e pets. A configuração atual registra defesa 30, durabilidade 200. Requisitos: nível 215. Uso permitido: Dark Wizard (segunda classe). Ocupa 5x3 espaço(s) no inventário e pode participar das tabelas de drop.","Somente cosmético ou progressão controlada","Recomendado","Equipamento deve circular prioritariamente entre jogadores; venda direta exige limites de nível e opções."
"6149","12-5","Wings of Dragon","Asas, orbes e pets","Asa ou capa","Dark Knight (segunda classe)","150","defesa 45, durabilidade 200","nível 215","Wings of Dragon é um item da família asa ou capa, catalogado em Asas, orbes e pets. A configuração atual registra defesa 45, durabilidade 200. Requisitos: nível 215. Uso permitido: Dark Knight (segunda classe). Ocupa 3x3 espaço(s) no inventário e pode participar das tabelas de drop.","Somente cosmético ou progressão controlada","Recomendado","Equipamento deve circular prioritariamente entre jogadores; venda direta exige limites de nível e opções."
"6150","12-6","Wings of Darkness","Asas, orbes e pets","Asa ou capa","Magic Gladiator (classe inicial)","150","defesa 40, durabilidade 200","nível 215","Wings of Darkness é um item da família asa ou capa, catalogado em Asas, orbes e pets. A configuração atual registra defesa 40, durabilidade 200. Requisitos: nível 215. Uso permitido: Magic Gladiator (classe inicial). Ocupa 4x2 espaço(s) no inventário e pode participar das tabelas de drop.","Somente cosmético ou progressão controlada","Recomendado","Equipamento deve circular prioritariamente entre jogadores; venda direta exige limites de nível e opções."
"6151","12-7","Orb of Twisting Slash","Asas, orbes e pets","Skill","Dark Knight (classe inicial); Magic Gladiator (classe inicial)","47","atributos específicos de skill não registrados na exportação","nível 80","Orb of Twisting Slash é um item da família skill, catalogado em Asas, orbes e pets. A configuração atual registra atributos específicos de skill não registrados na exportação. Requisitos: nível 80. Uso permitido: Dark Knight (classe inicial), Magic Gladiator (classe inicial). Ocupa 1x1 espaço(s) no inventário e pode participar das tabelas de drop.","Revisão manual","Conforme flag de trade do servidor","A função comercial não pode ser confirmada apenas pela tabela de itens."
"6152","12-8","Healing Orb","Asas, orbes e pets","Skill","Fairy Elf (classe inicial)","8","atributos específicos de skill não registrados na exportação","energia 100","Healing Orb é um item da família skill, catalogado em Asas, orbes e pets. A configuração atual registra atributos específicos de skill não registrados na exportação. Requisitos: energia 100. Uso permitido: Fairy Elf (classe inicial). Ocupa 1x1 espaço(s) no inventário e pode participar das tabelas de drop.","Revisão manual","Conforme flag de trade do servidor","A função comercial não pode ser confirmada apenas pela tabela de itens."
"6153","12-9","Orb of Greater Fortitude","Asas, orbes e pets","Skill","Fairy Elf (classe inicial)","13","atributos específicos de skill não registrados na exportação","energia 100","Orb of Greater Fortitude é um item da família skill, catalogado em Asas, orbes e pets. A configuração atual registra atributos específicos de skill não registrados na exportação. Requisitos: energia 100. Uso permitido: Fairy Elf (classe inicial). Ocupa 1x1 espaço(s) no inventário e pode participar das tabelas de drop.","Revisão manual","Conforme flag de trade do servidor","A função comercial não pode ser confirmada apenas pela tabela de itens."
"6154","12-10","Orb of Greater Damage","Asas, orbes e pets","Skill","Fairy Elf (classe inicial)","18","atributos específicos de skill não registrados na exportação","energia 100","Orb of Greater Damage é um item da família skill, catalogado em Asas, orbes e pets. A configuração atual registra atributos específicos de skill não registrados na exportação. Requisitos: energia 100. Uso permitido: Fairy Elf (classe inicial). Ocupa 1x1 espaço(s) no inventário e pode participar das tabelas de drop.","Revisão manual","Conforme flag de trade do servidor","A função comercial não pode ser confirmada apenas pela tabela de itens."
"6155","12-11","Orb of Summoning","Asas, orbes e pets","Skill","Fairy Elf (classe inicial)","3","atributos específicos de skill não registrados na exportação","sem requisito numérico registrado","Orb of Summoning é um item da família skill, catalogado em Asas, orbes e pets. A configuração atual registra atributos específicos de skill não registrados na exportação. Requisitos: sem requisito numérico registrado. Uso permitido: Fairy Elf (classe inicial). Ocupa 1x1 espaço(s) no inventário e pode participar das tabelas de drop.","Revisão manual","Conforme flag de trade do servidor","A função comercial não pode ser confirmada apenas pela tabela de itens."
"6156","12-12","Orb of Rageful Blow","Asas, orbes e pets","Skill","Dark Knight (segunda classe)","78","atributos específicos de skill não registrados na exportação","nível 170","Orb of Rageful Blow é um item da família skill, catalogado em Asas, orbes e pets. A configuração atual registra atributos específicos de skill não registrados na exportação. Requisitos: nível 170. Uso permitido: Dark Knight (segunda classe). Ocupa 1x1 espaço(s) no inventário e pode participar das tabelas de drop.","Revisão manual","Conforme flag de trade do servidor","A função comercial não pode ser confirmada apenas pela tabela de itens."
"6157","12-13","Orb of Impale","Asas, orbes e pets","Pet ou montaria","Dark Knight (classe inicial); Magic Gladiator (classe inicial)","20","atributos específicos de pet ou montaria não registrados na exportação","nível 28","Orb of Impale é um item da família pet ou montaria, catalogado em Asas, orbes e pets. A configuração atual registra atributos específicos de pet ou montaria não registrados na exportação. Requisitos: nível 28. Uso permitido: Dark Knight (classe inicial), Magic Gladiator (classe inicial). Ocupa 1x1 espaço(s) no inventário e pode participar das tabelas de drop.","Venda controlada","Permitido se negociável no servidor","Pet ou montaria pode ser cosmético ou conceder bônus; duração, atributos e limite por conta precisam ser explícitos."
"6158","12-14","Orb of Greater Fortitude","Asas, orbes e pets","Skill","Dark Knight (classe inicial)","60","atributos específicos de skill não registrados na exportação","nível 120","Orb of Greater Fortitude é um item da família skill, catalogado em Asas, orbes e pets. A configuração atual registra atributos específicos de skill não registrados na exportação. Requisitos: nível 120. Uso permitido: Dark Knight (classe inicial). Ocupa 1x1 espaço(s) no inventário e pode participar das tabelas de drop.","Revisão manual","Conforme flag de trade do servidor","A função comercial não pode ser confirmada apenas pela tabela de itens."
"6159","12-15","Jewel of Chaos","Asas, orbes e pets","Joia ou material","Dark Wizard (classe inicial); Dark Knight (classe inicial); Fairy Elf (classe inicial); Magic Gladiator (classe inicial); Dark Lord (classe inicial)","12","atributos específicos de joia ou material não registrados na exportação","sem requisito numérico registrado","Jewel of Chaos é um item da família joia ou material, catalogado em Asas, orbes e pets. A configuração atual registra atributos específicos de joia ou material não registrados na exportação. Requisitos: sem requisito numérico registrado. Uso permitido: Dark Wizard (classe inicial), Dark Knight (classe inicial), Fairy Elf (classe inicial), Magic Gladiator (classe inicial), Dark Lord (classe inicial). Ocupa 1x1 espaço(s) no inventário e pode participar das tabelas de drop.","Pacotes limitados","Recomendado","Material econômico de alta liquidez; precisa de limite, preço dinâmico e proteção contra inflação."
"6160","12-16","Orb of Fire Slash","Asas, orbes e pets","Skill","Magic Gladiator (classe inicial)","60","atributos específicos de skill não registrados na exportação","força 320","Orb of Fire Slash é um item da família skill, catalogado em Asas, orbes e pets. A configuração atual registra atributos específicos de skill não registrados na exportação. Requisitos: força 320. Uso permitido: Magic Gladiator (classe inicial). Ocupa 1x1 espaço(s) no inventário e pode participar das tabelas de drop.","Revisão manual","Conforme flag de trade do servidor","A função comercial não pode ser confirmada apenas pela tabela de itens."
"6161","12-17","Orb of Penetration","Asas, orbes e pets","Skill","Fairy Elf (classe inicial)","64","atributos específicos de skill não registrados na exportação","nível 130","Orb of Penetration é um item da família skill, catalogado em Asas, orbes e pets. A configuração atual registra atributos específicos de skill não registrados na exportação. Requisitos: nível 130. Uso permitido: Fairy Elf (classe inicial). Ocupa 1x1 espaço(s) no inventário e pode participar das tabelas de drop.","Revisão manual","Conforme flag de trade do servidor","A função comercial não pode ser confirmada apenas pela tabela de itens."
"6162","12-18","Orb of Ice Arrow","Asas, orbes e pets","Skill","Fairy Elf (segunda classe)","81","atributos específicos de skill não registrados na exportação","agilidade 258","Orb of Ice Arrow é um item da família skill, catalogado em Asas, orbes e pets. A configuração atual registra atributos específicos de skill não registrados na exportação. Requisitos: agilidade 258. Uso permitido: Fairy Elf (segunda classe). Ocupa 1x1 espaço(s) no inventário e pode participar das tabelas de drop.","Revisão manual","Conforme flag de trade do servidor","A função comercial não pode ser confirmada apenas pela tabela de itens."
"6163","12-19","Orb of Death Stab","Asas, orbes e pets","Skill","Dark Knight (segunda classe)","72","atributos específicos de skill não registrados na exportação","nível 160","Orb of Death Stab é um item da família skill, catalogado em Asas, orbes e pets. A configuração atual registra atributos específicos de skill não registrados na exportação. Requisitos: nível 160. Uso permitido: Dark Knight (segunda classe). Ocupa 1x1 espaço(s) no inventário e pode participar das tabelas de drop.","Revisão manual","Conforme flag de trade do servidor","A função comercial não pode ser confirmada apenas pela tabela de itens."
"6165","12-21","Scroll of FireBurst","Asas, orbes e pets","Skill","Dark Lord (classe inicial)","74","atributos específicos de skill não registrados na exportação","energia 20","Scroll of FireBurst é um item da família skill, catalogado em Asas, orbes e pets. A configuração atual registra atributos específicos de skill não registrados na exportação. Requisitos: energia 20. Uso permitido: Dark Lord (classe inicial). Ocupa 1x2 espaço(s) no inventário e pode participar das tabelas de drop.","Revisão manual","Conforme flag de trade do servidor","A função comercial não pode ser confirmada apenas pela tabela de itens."
"6166","12-22","Scroll of Summon","Asas, orbes e pets","Skill","Dark Lord (classe inicial)","98","atributos específicos de skill não registrados na exportação","energia 34, comando 400","Scroll of Summon é um item da família skill, catalogado em Asas, orbes e pets. A configuração atual registra atributos específicos de skill não registrados na exportação. Requisitos: energia 34, comando 400. Uso permitido: Dark Lord (classe inicial). Ocupa 1x2 espaço(s) no inventário e pode participar das tabelas de drop.","Revisão manual","Conforme flag de trade do servidor","A função comercial não pode ser confirmada apenas pela tabela de itens."
"6167","12-23","Scroll of Critical Damage","Asas, orbes e pets","Skill","Dark Lord (classe inicial)","82","atributos específicos de skill não registrados na exportação","energia 25, comando 300","Scroll of Critical Damage é um item da família skill, catalogado em Asas, orbes e pets. A configuração atual registra atributos específicos de skill não registrados na exportação. Requisitos: energia 25, comando 300. Uso permitido: Dark Lord (classe inicial). Ocupa 1x2 espaço(s) no inventário e pode participar das tabelas de drop.","Revisão manual","Conforme flag de trade do servidor","A função comercial não pode ser confirmada apenas pela tabela de itens."
"6168","12-24","Scroll of Electric Spark","Asas, orbes e pets","Skill","Dark Lord (classe inicial)","92","atributos específicos de skill não registrados na exportação","energia 29, comando 340","Scroll of Electric Spark é um item da família skill, catalogado em Asas, orbes e pets. A configuração atual registra atributos específicos de skill não registrados na exportação. Requisitos: energia 29, comando 340. Uso permitido: Dark Lord (classe inicial). Ocupa 1x2 espaço(s) no inventário e pode participar das tabelas de drop.","Revisão manual","Conforme flag de trade do servidor","A função comercial não pode ser confirmada apenas pela tabela de itens."
"6170","12-26","Gem of Secret","Asas, orbes e pets","Item especial","Dark Wizard (classe inicial); Dark Knight (classe inicial); Fairy Elf (classe inicial); Magic Gladiator (classe inicial); Dark Lord (classe inicial); Summoner (classe inicial)","0","atributos específicos de item especial não registrados na exportação","sem requisito numérico registrado","Gem of Secret é um item da família item especial, catalogado em Asas, orbes e pets. A configuração atual registra atributos específicos de item especial não registrados na exportação. Requisitos: sem requisito numérico registrado. Uso permitido: Dark Wizard (classe inicial), Dark Knight (classe inicial), Fairy Elf (classe inicial), Magic Gladiator (classe inicial), Dark Lord (classe inicial), Summoner (classe inicial). Ocupa 1x1 espaço(s) no inventário e pode participar das tabelas de drop.","Revisão manual","Conforme flag de trade do servidor","A função comercial não pode ser confirmada apenas pela tabela de itens."
"6174","12-30","Bundled Jewel of Bless","Asas, orbes e pets","Joia ou material","Dark Wizard (classe inicial); Dark Knight (classe inicial); Fairy Elf (classe inicial); Magic Gladiator (classe inicial); Dark Lord (classe inicial); Summoner (classe inicial)","25","atributos específicos de joia ou material não registrados na exportação","sem requisito numérico registrado","Bundled Jewel of Bless é um item da família joia ou material, catalogado em Asas, orbes e pets. A configuração atual registra atributos específicos de joia ou material não registrados na exportação. Requisitos: sem requisito numérico registrado. Uso permitido: Dark Wizard (classe inicial), Dark Knight (classe inicial), Fairy Elf (classe inicial), Magic Gladiator (classe inicial), Dark Lord (classe inicial), Summoner (classe inicial). Ocupa 1x1 espaço(s) no inventário e pode participar das tabelas de drop.","Pacotes limitados","Recomendado","Material econômico de alta liquidez; precisa de limite, preço dinâmico e proteção contra inflação."
"6175","12-31","Bundled Jewel of Soul","Asas, orbes e pets","Joia ou material","Dark Wizard (classe inicial); Dark Knight (classe inicial); Fairy Elf (classe inicial); Magic Gladiator (classe inicial); Dark Lord (classe inicial); Summoner (classe inicial)","30","atributos específicos de joia ou material não registrados na exportação","sem requisito numérico registrado","Bundled Jewel of Soul é um item da família joia ou material, catalogado em Asas, orbes e pets. A configuração atual registra atributos específicos de joia ou material não registrados na exportação. Requisitos: sem requisito numérico registrado. Uso permitido: Dark Wizard (classe inicial), Dark Knight (classe inicial), Fairy Elf (classe inicial), Magic Gladiator (classe inicial), Dark Lord (classe inicial), Summoner (classe inicial). Ocupa 1x1 espaço(s) no inventário e pode participar das tabelas de drop.","Pacotes limitados","Recomendado","Material econômico de alta liquidez; precisa de limite, preço dinâmico e proteção contra inflação."
"6176","12-32","Box of Red Ribbon","Asas, orbes e pets","Caixa ou pacote","Dark Wizard (classe inicial); Dark Knight (classe inicial); Fairy Elf (classe inicial); Magic Gladiator (classe inicial); Dark Lord (classe inicial); Summoner (classe inicial)","0","atributos específicos de caixa ou pacote não registrados na exportação","sem requisito numérico registrado","Box of Red Ribbon é um item da família caixa ou pacote, catalogado em Asas, orbes e pets. A configuração atual registra atributos específicos de caixa ou pacote não registrados na exportação. Requisitos: sem requisito numérico registrado. Uso permitido: Dark Wizard (classe inicial), Dark Knight (classe inicial), Fairy Elf (classe inicial), Magic Gladiator (classe inicial), Dark Lord (classe inicial), Summoner (classe inicial). Ocupa 1x1 espaço(s) no inventário e pode participar das tabelas de drop.","Revisão manual","Conforme flag de trade do servidor","A função comercial não pode ser confirmada apenas pela tabela de itens."
"6177","12-33","Box of Green Ribbon","Asas, orbes e pets","Caixa ou pacote","Dark Wizard (classe inicial); Dark Knight (classe inicial); Fairy Elf (classe inicial); Magic Gladiator (classe inicial); Dark Lord (classe inicial); Summoner (classe inicial)","0","atributos específicos de caixa ou pacote não registrados na exportação","sem requisito numérico registrado","Box of Green Ribbon é um item da família caixa ou pacote, catalogado em Asas, orbes e pets. A configuração atual registra atributos específicos de caixa ou pacote não registrados na exportação. Requisitos: sem requisito numérico registrado. Uso permitido: Dark Wizard (classe inicial), Dark Knight (classe inicial), Fairy Elf (classe inicial), Magic Gladiator (classe inicial), Dark Lord (classe inicial), Summoner (classe inicial). Ocupa 1x1 espaço(s) no inventário e pode participar das tabelas de drop.","Revisão manual","Conforme flag de trade do servidor","A função comercial não pode ser confirmada apenas pela tabela de itens."
"6178","12-34","Box of Blue Ribbon","Asas, orbes e pets","Caixa ou pacote","Dark Wizard (classe inicial); Dark Knight (classe inicial); Fairy Elf (classe inicial); Magic Gladiator (classe inicial); Dark Lord (classe inicial); Summoner (classe inicial)","0","atributos específicos de caixa ou pacote não registrados na exportação","sem requisito numérico registrado","Box of Blue Ribbon é um item da família caixa ou pacote, catalogado em Asas, orbes e pets. A configuração atual registra atributos específicos de caixa ou pacote não registrados na exportação. Requisitos: sem requisito numérico registrado. Uso permitido: Dark Wizard (classe inicial), Dark Knight (classe inicial), Fairy Elf (classe inicial), Magic Gladiator (classe inicial), Dark Lord (classe inicial), Summoner (classe inicial). Ocupa 1x1 espaço(s) no inventário e pode participar das tabelas de drop.","Revisão manual","Conforme flag de trade do servidor","A função comercial não pode ser confirmada apenas pela tabela de itens."
"6179","12-35","Scroll of Fire Scream","Asas, orbes e pets","Skill","Dark Lord (classe inicial)","102","atributos específicos de skill não registrados na exportação","energia 32, comando 70","Scroll of Fire Scream é um item da família skill, catalogado em Asas, orbes e pets. A configuração atual registra atributos específicos de skill não registrados na exportação. Requisitos: energia 32, comando 70. Uso permitido: Dark Lord (classe inicial). Ocupa 1x2 espaço(s) no inventário e pode participar das tabelas de drop.","Revisão manual","Conforme flag de trade do servidor","A função comercial não pode ser confirmada apenas pela tabela de itens."
"6180","12-36","Wing of Storm","Asas, orbes e pets","Asa ou capa","Dark Knight (terceira classe ou superior)","150","defesa 60, durabilidade 220","nível 400","Wing of Storm é um item da família asa ou capa, catalogado em Asas, orbes e pets. A configuração atual registra defesa 60, durabilidade 220. Requisitos: nível 400. Uso permitido: Dark Knight (terceira classe ou superior). Ocupa 4x3 espaço(s) no inventário e pode participar das tabelas de drop.","Somente cosmético ou progressão controlada","Recomendado","Equipamento deve circular prioritariamente entre jogadores; venda direta exige limites de nível e opções."
"6181","12-37","Wing of Eternal","Asas, orbes e pets","Asa ou capa","Dark Wizard (terceira classe ou superior)","150","defesa 45, durabilidade 220","nível 400","Wing of Eternal é um item da família asa ou capa, catalogado em Asas, orbes e pets. A configuração atual registra defesa 45, durabilidade 220. Requisitos: nível 400. Uso permitido: Dark Wizard (terceira classe ou superior). Ocupa 4x3 espaço(s) no inventário e pode participar das tabelas de drop.","Somente cosmético ou progressão controlada","Recomendado","Equipamento deve circular prioritariamente entre jogadores; venda direta exige limites de nível e opções."
"6182","12-38","Wing of Illusion","Asas, orbes e pets","Asa ou capa","Fairy Elf (terceira classe ou superior)","150","defesa 45, durabilidade 220","nível 400","Wing of Illusion é um item da família asa ou capa, catalogado em Asas, orbes e pets. A configuração atual registra defesa 45, durabilidade 220. Requisitos: nível 400. Uso permitido: Fairy Elf (terceira classe ou superior). Ocupa 4x3 espaço(s) no inventário e pode participar das tabelas de drop.","Somente cosmético ou progressão controlada","Recomendado","Equipamento deve circular prioritariamente entre jogadores; venda direta exige limites de nível e opções."
"6183","12-39","Wing of Ruin","Asas, orbes e pets","Asa ou capa","Magic Gladiator (terceira classe ou superior)","150","defesa 55, durabilidade 220","nível 400","Wing of Ruin é um item da família asa ou capa, catalogado em Asas, orbes e pets. A configuração atual registra defesa 55, durabilidade 220. Requisitos: nível 400. Uso permitido: Magic Gladiator (terceira classe ou superior). Ocupa 4x3 espaço(s) no inventário e pode participar das tabelas de drop.","Somente cosmético ou progressão controlada","Recomendado","Equipamento deve circular prioritariamente entre jogadores; venda direta exige limites de nível e opções."
"6184","12-40","Cape of Emperor","Asas, orbes e pets","Asa ou capa","Dark Lord (terceira classe ou superior)","150","defesa 45, durabilidade 220","nível 400","Cape of Emperor é um item da família asa ou capa, catalogado em Asas, orbes e pets. A configuração atual registra defesa 45, durabilidade 220. Requisitos: nível 400. Uso permitido: Dark Lord (terceira classe ou superior). Ocupa 2x3 espaço(s) no inventário e pode participar das tabelas de drop.","Somente cosmético ou progressão controlada","Recomendado","Equipamento deve circular prioritariamente entre jogadores; venda direta exige limites de nível e opções."
"6185","12-41","Wing of Curse","Asas, orbes e pets","Asa ou capa","Summoner (classe inicial)","100","defesa 10, durabilidade 200","nível 180","Wing of Curse é um item da família asa ou capa, catalogado em Asas, orbes e pets. A configuração atual registra defesa 10, durabilidade 200. Requisitos: nível 180. Uso permitido: Summoner (classe inicial). Ocupa 4x2 espaço(s) no inventário e pode participar das tabelas de drop.","Somente cosmético ou progressão controlada","Recomendado","Equipamento deve circular prioritariamente entre jogadores; venda direta exige limites de nível e opções."
"6186","12-42","Wind of Despair","Asas, orbes e pets","Item especial","Summoner (segunda classe)","150","defesa 30, durabilidade 200","nível 215","Wind of Despair é um item da família item especial, catalogado em Asas, orbes e pets. A configuração atual registra defesa 30, durabilidade 200. Requisitos: nível 215. Uso permitido: Summoner (segunda classe). Ocupa 4x3 espaço(s) no inventário e pode participar das tabelas de drop.","Revisão manual","Conforme flag de trade do servidor","A função comercial não pode ser confirmada apenas pela tabela de itens."
"6187","12-43","Wing of Dimension","Asas, orbes e pets","Asa ou capa","Summoner (terceira classe ou superior)","150","defesa 45, durabilidade 220","nível 400","Wing of Dimension é um item da família asa ou capa, catalogado em Asas, orbes e pets. A configuração atual registra defesa 45, durabilidade 220. Requisitos: nível 400. Uso permitido: Summoner (terceira classe ou superior). Ocupa 4x3 espaço(s) no inventário e pode participar das tabelas de drop.","Somente cosmético ou progressão controlada","Recomendado","Equipamento deve circular prioritariamente entre jogadores; venda direta exige limites de nível e opções."
"6188","12-44","Crystal of Destruction","Asas, orbes e pets","Item especial","Dark Knight (segunda classe)","100","atributos específicos de item especial não registrados na exportação","nível 220","Crystal of Destruction é um item da família item especial, catalogado em Asas, orbes e pets. A configuração atual registra atributos específicos de item especial não registrados na exportação. Requisitos: nível 220. Uso permitido: Dark Knight (segunda classe). Ocupa 1x1 espaço(s) no inventário e pode participar das tabelas de drop.","Revisão manual","Conforme flag de trade do servidor","A função comercial não pode ser confirmada apenas pela tabela de itens."
"6189","12-45","Crystal of Multi-Shot","Asas, orbes e pets","Item especial","Fairy Elf (segunda classe)","100","atributos específicos de item especial não registrados na exportação","nível 220","Crystal of Multi-Shot é um item da família item especial, catalogado em Asas, orbes e pets. A configuração atual registra atributos específicos de item especial não registrados na exportação. Requisitos: nível 220. Uso permitido: Fairy Elf (segunda classe). Ocupa 1x1 espaço(s) no inventário e pode participar das tabelas de drop.","Revisão manual","Conforme flag de trade do servidor","A função comercial não pode ser confirmada apenas pela tabela de itens."
"6190","12-46","Crystal of Recovery","Asas, orbes e pets","Item especial","Fairy Elf (segunda classe)","100","atributos específicos de item especial não registrados na exportação","nível 220, energia 37","Crystal of Recovery é um item da família item especial, catalogado em Asas, orbes e pets. A configuração atual registra atributos específicos de item especial não registrados na exportação. Requisitos: nível 220, energia 37. Uso permitido: Fairy Elf (segunda classe). Ocupa 1x1 espaço(s) no inventário e pode participar das tabelas de drop.","Revisão manual","Conforme flag de trade do servidor","A função comercial não pode ser confirmada apenas pela tabela de itens."
"6191","12-47","Crystal of Flame Strike","Asas, orbes e pets","Item especial","Magic Gladiator (classe inicial)","100","atributos específicos de item especial não registrados na exportação","nível 220","Crystal of Flame Strike é um item da família item especial, catalogado em Asas, orbes e pets. A configuração atual registra atributos específicos de item especial não registrados na exportação. Requisitos: nível 220. Uso permitido: Magic Gladiator (classe inicial). Ocupa 1x1 espaço(s) no inventário e pode participar das tabelas de drop.","Revisão manual","Conforme flag de trade do servidor","A função comercial não pode ser confirmada apenas pela tabela de itens."
"6192","12-48","Scroll of Chaotic Diseier","Asas, orbes e pets","Skill","Dark Lord (classe inicial)","100","atributos específicos de skill não registrados na exportação","nível 220, energia 16","Scroll of Chaotic Diseier é um item da família skill, catalogado em Asas, orbes e pets. A configuração atual registra atributos específicos de skill não registrados na exportação. Requisitos: nível 220, energia 16. Uso permitido: Dark Lord (classe inicial). Ocupa 1x2 espaço(s) no inventário e pode participar das tabelas de drop.","Revisão manual","Conforme flag de trade do servidor","A função comercial não pode ser confirmada apenas pela tabela de itens."
"6193","12-49","Cape of Fighter","Asas, orbes e pets","Asa ou capa","Rage Fighter (classe inicial)","180","defesa 15, durabilidade 200","nível 180","Cape of Fighter é um item da família asa ou capa, catalogado em Asas, orbes e pets. A configuração atual registra defesa 15, durabilidade 200. Requisitos: nível 180. Uso permitido: Rage Fighter (classe inicial). Ocupa 2x3 espaço(s) no inventário e pode participar das tabelas de drop.","Somente cosmético ou progressão controlada","Recomendado","Equipamento deve circular prioritariamente entre jogadores; venda direta exige limites de nível e opções."
"6194","12-50","Cape of Overrule","Asas, orbes e pets","Asa ou capa","Rage Fighter (terceira classe ou superior)","150","defesa 45, durabilidade 220","nível 400","Cape of Overrule é um item da família asa ou capa, catalogado em Asas, orbes e pets. A configuração atual registra defesa 45, durabilidade 220. Requisitos: nível 400. Uso permitido: Rage Fighter (terceira classe ou superior). Ocupa 2x3 espaço(s) no inventário e pode participar das tabelas de drop.","Somente cosmético ou progressão controlada","Recomendado","Equipamento deve circular prioritariamente entre jogadores; venda direta exige limites de nível e opções."
"6204","12-60","Seed (Fire)","Asas, orbes e pets","Item especial","Dark Wizard (classe inicial); Dark Knight (classe inicial); Fairy Elf (classe inicial); Magic Gladiator (classe inicial); Dark Lord (classe inicial); Summoner (classe inicial); Rage Fighter (classe inicial)","150","atributos específicos de item especial não registrados na exportação","sem requisito numérico registrado","Seed (Fire) é um item da família item especial, catalogado em Asas, orbes e pets. A configuração atual registra atributos específicos de item especial não registrados na exportação. Requisitos: sem requisito numérico registrado. Uso permitido: Dark Wizard (classe inicial), Dark Knight (classe inicial), Fairy Elf (classe inicial), Magic Gladiator (classe inicial), Dark Lord (classe inicial), Summoner (classe inicial), Rage Fighter (classe inicial). Ocupa 1x1 espaço(s) no inventário e pode participar das tabelas de drop.","Revisão manual","Conforme flag de trade do servidor","A função comercial não pode ser confirmada apenas pela tabela de itens."
"6205","12-61","Seed (Water)","Asas, orbes e pets","Item especial","Dark Wizard (classe inicial); Dark Knight (classe inicial); Fairy Elf (classe inicial); Magic Gladiator (classe inicial); Dark Lord (classe inicial); Summoner (classe inicial); Rage Fighter (classe inicial)","150","atributos específicos de item especial não registrados na exportação","sem requisito numérico registrado","Seed (Water) é um item da família item especial, catalogado em Asas, orbes e pets. A configuração atual registra atributos específicos de item especial não registrados na exportação. Requisitos: sem requisito numérico registrado. Uso permitido: Dark Wizard (classe inicial), Dark Knight (classe inicial), Fairy Elf (classe inicial), Magic Gladiator (classe inicial), Dark Lord (classe inicial), Summoner (classe inicial), Rage Fighter (classe inicial). Ocupa 1x1 espaço(s) no inventário e pode participar das tabelas de drop.","Revisão manual","Conforme flag de trade do servidor","A função comercial não pode ser confirmada apenas pela tabela de itens."
"6206","12-62","Seed (Ice)","Asas, orbes e pets","Item especial","Dark Wizard (classe inicial); Dark Knight (classe inicial); Fairy Elf (classe inicial); Magic Gladiator (classe inicial); Dark Lord (classe inicial); Summoner (classe inicial); Rage Fighter (classe inicial)","150","atributos específicos de item especial não registrados na exportação","sem requisito numérico registrado","Seed (Ice) é um item da família item especial, catalogado em Asas, orbes e pets. A configuração atual registra atributos específicos de item especial não registrados na exportação. Requisitos: sem requisito numérico registrado. Uso permitido: Dark Wizard (classe inicial), Dark Knight (classe inicial), Fairy Elf (classe inicial), Magic Gladiator (classe inicial), Dark Lord (classe inicial), Summoner (classe inicial), Rage Fighter (classe inicial). Ocupa 1x1 espaço(s) no inventário e pode participar das tabelas de drop.","Revisão manual","Conforme flag de trade do servidor","A função comercial não pode ser confirmada apenas pela tabela de itens."
"6207","12-63","Seed (Wind)","Asas, orbes e pets","Item especial","Dark Wizard (classe inicial); Dark Knight (classe inicial); Fairy Elf (classe inicial); Magic Gladiator (classe inicial); Dark Lord (classe inicial); Summoner (classe inicial); Rage Fighter (classe inicial)","150","atributos específicos de item especial não registrados na exportação","sem requisito numérico registrado","Seed (Wind) é um item da família item especial, catalogado em Asas, orbes e pets. A configuração atual registra atributos específicos de item especial não registrados na exportação. Requisitos: sem requisito numérico registrado. Uso permitido: Dark Wizard (classe inicial), Dark Knight (classe inicial), Fairy Elf (classe inicial), Magic Gladiator (classe inicial), Dark Lord (classe inicial), Summoner (classe inicial), Rage Fighter (classe inicial). Ocupa 1x1 espaço(s) no inventário e pode participar das tabelas de drop.","Revisão manual","Conforme flag de trade do servidor","A função comercial não pode ser confirmada apenas pela tabela de itens."
"6208","12-64","Seed (Lightning)","Asas, orbes e pets","Item especial","Dark Wizard (classe inicial); Dark Knight (classe inicial); Fairy Elf (classe inicial); Magic Gladiator (classe inicial); Dark Lord (classe inicial); Summoner (classe inicial); Rage Fighter (classe inicial)","150","atributos específicos de item especial não registrados na exportação","sem requisito numérico registrado","Seed (Lightning) é um item da família item especial, catalogado em Asas, orbes e pets. A configuração atual registra atributos específicos de item especial não registrados na exportação. Requisitos: sem requisito numérico registrado. Uso permitido: Dark Wizard (classe inicial), Dark Knight (classe inicial), Fairy Elf (classe inicial), Magic Gladiator (classe inicial), Dark Lord (classe inicial), Summoner (classe inicial), Rage Fighter (classe inicial). Ocupa 1x1 espaço(s) no inventário e pode participar das tabelas de drop.","Revisão manual","Conforme flag de trade do servidor","A função comercial não pode ser confirmada apenas pela tabela de itens."
"6209","12-65","Seed (Earth)","Asas, orbes e pets","Item especial","Dark Wizard (classe inicial); Dark Knight (classe inicial); Fairy Elf (classe inicial); Magic Gladiator (classe inicial); Dark Lord (classe inicial); Summoner (classe inicial); Rage Fighter (classe inicial)","150","atributos específicos de item especial não registrados na exportação","sem requisito numérico registrado","Seed (Earth) é um item da família item especial, catalogado em Asas, orbes e pets. A configuração atual registra atributos específicos de item especial não registrados na exportação. Requisitos: sem requisito numérico registrado. Uso permitido: Dark Wizard (classe inicial), Dark Knight (classe inicial), Fairy Elf (classe inicial), Magic Gladiator (classe inicial), Dark Lord (classe inicial), Summoner (classe inicial), Rage Fighter (classe inicial). Ocupa 1x1 espaço(s) no inventário e pode participar das tabelas de drop.","Revisão manual","Conforme flag de trade do servidor","A função comercial não pode ser confirmada apenas pela tabela de itens."
"6214","12-70","Sphere (Mono)","Asas, orbes e pets","Joia ou material","Dark Wizard (classe inicial); Dark Knight (classe inicial); Fairy Elf (classe inicial); Magic Gladiator (classe inicial); Dark Lord (classe inicial); Summoner (classe inicial); Rage Fighter (classe inicial)","102","atributos específicos de joia ou material não registrados na exportação","sem requisito numérico registrado","Sphere (Mono) é um item da família joia ou material, catalogado em Asas, orbes e pets. A configuração atual registra atributos específicos de joia ou material não registrados na exportação. Requisitos: sem requisito numérico registrado. Uso permitido: Dark Wizard (classe inicial), Dark Knight (classe inicial), Fairy Elf (classe inicial), Magic Gladiator (classe inicial), Dark Lord (classe inicial), Summoner (classe inicial), Rage Fighter (classe inicial). Ocupa 1x1 espaço(s) no inventário e pode participar das tabelas de drop.","Pacotes limitados","Recomendado","Material econômico de alta liquidez; precisa de limite, preço dinâmico e proteção contra inflação."
"6215","12-71","Sphere (Di)","Asas, orbes e pets","Joia ou material","Dark Wizard (classe inicial); Dark Knight (classe inicial); Fairy Elf (classe inicial); Magic Gladiator (classe inicial); Dark Lord (classe inicial); Summoner (classe inicial); Rage Fighter (classe inicial)","122","atributos específicos de joia ou material não registrados na exportação","sem requisito numérico registrado","Sphere (Di) é um item da família joia ou material, catalogado em Asas, orbes e pets. A configuração atual registra atributos específicos de joia ou material não registrados na exportação. Requisitos: sem requisito numérico registrado. Uso permitido: Dark Wizard (classe inicial), Dark Knight (classe inicial), Fairy Elf (classe inicial), Magic Gladiator (classe inicial), Dark Lord (classe inicial), Summoner (classe inicial), Rage Fighter (classe inicial). Ocupa 1x1 espaço(s) no inventário e pode participar das tabelas de drop.","Pacotes limitados","Recomendado","Material econômico de alta liquidez; precisa de limite, preço dinâmico e proteção contra inflação."
"6216","12-72","Sphere (Tri)","Asas, orbes e pets","Joia ou material","Dark Wizard (classe inicial); Dark Knight (classe inicial); Fairy Elf (classe inicial); Magic Gladiator (classe inicial); Dark Lord (classe inicial); Summoner (classe inicial); Rage Fighter (classe inicial)","132","atributos específicos de joia ou material não registrados na exportação","sem requisito numérico registrado","Sphere (Tri) é um item da família joia ou material, catalogado em Asas, orbes e pets. A configuração atual registra atributos específicos de joia ou material não registrados na exportação. Requisitos: sem requisito numérico registrado. Uso permitido: Dark Wizard (classe inicial), Dark Knight (classe inicial), Fairy Elf (classe inicial), Magic Gladiator (classe inicial), Dark Lord (classe inicial), Summoner (classe inicial), Rage Fighter (classe inicial). Ocupa 1x1 espaço(s) no inventário e pode participar das tabelas de drop.","Pacotes limitados","Recomendado","Material econômico de alta liquidez; precisa de limite, preço dinâmico e proteção contra inflação."
"6217","12-73","Sphere (4)","Asas, orbes e pets","Joia ou material","Dark Wizard (classe inicial); Dark Knight (classe inicial); Fairy Elf (classe inicial); Magic Gladiator (classe inicial); Dark Lord (classe inicial); Summoner (classe inicial); Rage Fighter (classe inicial)","142","atributos específicos de joia ou material não registrados na exportação","sem requisito numérico registrado","Sphere (4) é um item da família joia ou material, catalogado em Asas, orbes e pets. A configuração atual registra atributos específicos de joia ou material não registrados na exportação. Requisitos: sem requisito numérico registrado. Uso permitido: Dark Wizard (classe inicial), Dark Knight (classe inicial), Fairy Elf (classe inicial), Magic Gladiator (classe inicial), Dark Lord (classe inicial), Summoner (classe inicial), Rage Fighter (classe inicial). Ocupa 1x1 espaço(s) no inventário e pode participar das tabelas de drop.","Pacotes limitados","Recomendado","Material econômico de alta liquidez; precisa de limite, preço dinâmico e proteção contra inflação."
"6218","12-74","Sphere (Penta)","Asas, orbes e pets","Joia ou material","Dark Wizard (classe inicial); Dark Knight (classe inicial); Fairy Elf (classe inicial); Magic Gladiator (classe inicial); Dark Lord (classe inicial); Summoner (classe inicial); Rage Fighter (classe inicial)","152","atributos específicos de joia ou material não registrados na exportação","sem requisito numérico registrado","Sphere (Penta) é um item da família joia ou material, catalogado em Asas, orbes e pets. A configuração atual registra atributos específicos de joia ou material não registrados na exportação. Requisitos: sem requisito numérico registrado. Uso permitido: Dark Wizard (classe inicial), Dark Knight (classe inicial), Fairy Elf (classe inicial), Magic Gladiator (classe inicial), Dark Lord (classe inicial), Summoner (classe inicial), Rage Fighter (classe inicial). Ocupa 1x1 espaço(s) no inventário e pode participar das tabelas de drop.","Pacotes limitados","Recomendado","Material econômico de alta liquidez; precisa de limite, preço dinâmico e proteção contra inflação."
"6244","12-100","Seed Sphere (Fire)","Asas, orbes e pets","Joia ou material","Dark Wizard (classe inicial); Dark Knight (classe inicial); Fairy Elf (classe inicial); Magic Gladiator (classe inicial); Dark Lord (classe inicial); Summoner (classe inicial); Rage Fighter (classe inicial)","1","atributos específicos de joia ou material não registrados na exportação","sem requisito numérico registrado","Seed Sphere (Fire) é um item da família joia ou material, catalogado em Asas, orbes e pets. A configuração atual registra atributos específicos de joia ou material não registrados na exportação. Requisitos: sem requisito numérico registrado. Uso permitido: Dark Wizard (classe inicial), Dark Knight (classe inicial), Fairy Elf (classe inicial), Magic Gladiator (classe inicial), Dark Lord (classe inicial), Summoner (classe inicial), Rage Fighter (classe inicial). Ocupa 1x1 espaço(s) no inventário e pode participar das tabelas de drop.","Pacotes limitados","Recomendado","Material econômico de alta liquidez; precisa de limite, preço dinâmico e proteção contra inflação."
"6245","12-101","Seed Sphere (Water)","Asas, orbes e pets","Joia ou material","Dark Wizard (classe inicial); Dark Knight (classe inicial); Fairy Elf (classe inicial); Magic Gladiator (classe inicial); Dark Lord (classe inicial); Summoner (classe inicial); Rage Fighter (classe inicial)","1","atributos específicos de joia ou material não registrados na exportação","sem requisito numérico registrado","Seed Sphere (Water) é um item da família joia ou material, catalogado em Asas, orbes e pets. A configuração atual registra atributos específicos de joia ou material não registrados na exportação. Requisitos: sem requisito numérico registrado. Uso permitido: Dark Wizard (classe inicial), Dark Knight (classe inicial), Fairy Elf (classe inicial), Magic Gladiator (classe inicial), Dark Lord (classe inicial), Summoner (classe inicial), Rage Fighter (classe inicial). Ocupa 1x1 espaço(s) no inventário e pode participar das tabelas de drop.","Pacotes limitados","Recomendado","Material econômico de alta liquidez; precisa de limite, preço dinâmico e proteção contra inflação."
"6246","12-102","Seed Sphere (Ice)","Asas, orbes e pets","Joia ou material","Dark Wizard (classe inicial); Dark Knight (classe inicial); Fairy Elf (classe inicial); Magic Gladiator (classe inicial); Dark Lord (classe inicial); Summoner (classe inicial); Rage Fighter (classe inicial)","1","atributos específicos de joia ou material não registrados na exportação","sem requisito numérico registrado","Seed Sphere (Ice) é um item da família joia ou material, catalogado em Asas, orbes e pets. A configuração atual registra atributos específicos de joia ou material não registrados na exportação. Requisitos: sem requisito numérico registrado. Uso permitido: Dark Wizard (classe inicial), Dark Knight (classe inicial), Fairy Elf (classe inicial), Magic Gladiator (classe inicial), Dark Lord (classe inicial), Summoner (classe inicial), Rage Fighter (classe inicial). Ocupa 1x1 espaço(s) no inventário e pode participar das tabelas de drop.","Pacotes limitados","Recomendado","Material econômico de alta liquidez; precisa de limite, preço dinâmico e proteção contra inflação."
"6247","12-103","Seed Sphere (Wind)","Asas, orbes e pets","Joia ou material","Dark Wizard (classe inicial); Dark Knight (classe inicial); Fairy Elf (classe inicial); Magic Gladiator (classe inicial); Dark Lord (classe inicial); Summoner (classe inicial); Rage Fighter (classe inicial)","1","atributos específicos de joia ou material não registrados na exportação","sem requisito numérico registrado","Seed Sphere (Wind) é um item da família joia ou material, catalogado em Asas, orbes e pets. A configuração atual registra atributos específicos de joia ou material não registrados na exportação. Requisitos: sem requisito numérico registrado. Uso permitido: Dark Wizard (classe inicial), Dark Knight (classe inicial), Fairy Elf (classe inicial), Magic Gladiator (classe inicial), Dark Lord (classe inicial), Summoner (classe inicial), Rage Fighter (classe inicial). Ocupa 1x1 espaço(s) no inventário e pode participar das tabelas de drop.","Pacotes limitados","Recomendado","Material econômico de alta liquidez; precisa de limite, preço dinâmico e proteção contra inflação."
"6248","12-104","Seed Sphere (Lightning)","Asas, orbes e pets","Joia ou material","Dark Wizard (classe inicial); Dark Knight (classe inicial); Fairy Elf (classe inicial); Magic Gladiator (classe inicial); Dark Lord (classe inicial); Summoner (classe inicial); Rage Fighter (classe inicial)","1","atributos específicos de joia ou material não registrados na exportação","sem requisito numérico registrado","Seed Sphere (Lightning) é um item da família joia ou material, catalogado em Asas, orbes e pets. A configuração atual registra atributos específicos de joia ou material não registrados na exportação. Requisitos: sem requisito numérico registrado. Uso permitido: Dark Wizard (classe inicial), Dark Knight (classe inicial), Fairy Elf (classe inicial), Magic Gladiator (classe inicial), Dark Lord (classe inicial), Summoner (classe inicial), Rage Fighter (classe inicial). Ocupa 1x1 espaço(s) no inventário e pode participar das tabelas de drop.","Pacotes limitados","Recomendado","Material econômico de alta liquidez; precisa de limite, preço dinâmico e proteção contra inflação."
"6249","12-105","Seed Sphere (Earth)","Asas, orbes e pets","Joia ou material","Dark Wizard (classe inicial); Dark Knight (classe inicial); Fairy Elf (classe inicial); Magic Gladiator (classe inicial); Dark Lord (classe inicial); Summoner (classe inicial); Rage Fighter (classe inicial)","1","atributos específicos de joia ou material não registrados na exportação","sem requisito numérico registrado","Seed Sphere (Earth) é um item da família joia ou material, catalogado em Asas, orbes e pets. A configuração atual registra atributos específicos de joia ou material não registrados na exportação. Requisitos: sem requisito numérico registrado. Uso permitido: Dark Wizard (classe inicial), Dark Knight (classe inicial), Fairy Elf (classe inicial), Magic Gladiator (classe inicial), Dark Lord (classe inicial), Summoner (classe inicial), Rage Fighter (classe inicial). Ocupa 1x1 espaço(s) no inventário e pode participar das tabelas de drop.","Pacotes limitados","Recomendado","Material econômico de alta liquidez; precisa de limite, preço dinâmico e proteção contra inflação."
"6250","12-106","Seed Sphere (Fire)","Asas, orbes e pets","Joia ou material","Dark Wizard (classe inicial); Dark Knight (classe inicial); Fairy Elf (classe inicial); Magic Gladiator (classe inicial); Dark Lord (classe inicial); Summoner (classe inicial); Rage Fighter (classe inicial)","2","atributos específicos de joia ou material não registrados na exportação","sem requisito numérico registrado","Seed Sphere (Fire) é um item da família joia ou material, catalogado em Asas, orbes e pets. A configuração atual registra atributos específicos de joia ou material não registrados na exportação. Requisitos: sem requisito numérico registrado. Uso permitido: Dark Wizard (classe inicial), Dark Knight (classe inicial), Fairy Elf (classe inicial), Magic Gladiator (classe inicial), Dark Lord (classe inicial), Summoner (classe inicial), Rage Fighter (classe inicial). Ocupa 1x1 espaço(s) no inventário e pode participar das tabelas de drop.","Pacotes limitados","Recomendado","Material econômico de alta liquidez; precisa de limite, preço dinâmico e proteção contra inflação."
"6251","12-107","Seed Sphere (Water)","Asas, orbes e pets","Joia ou material","Dark Wizard (classe inicial); Dark Knight (classe inicial); Fairy Elf (classe inicial); Magic Gladiator (classe inicial); Dark Lord (classe inicial); Summoner (classe inicial); Rage Fighter (classe inicial)","2","atributos específicos de joia ou material não registrados na exportação","sem requisito numérico registrado","Seed Sphere (Water) é um item da família joia ou material, catalogado em Asas, orbes e pets. A configuração atual registra atributos específicos de joia ou material não registrados na exportação. Requisitos: sem requisito numérico registrado. Uso permitido: Dark Wizard (classe inicial), Dark Knight (classe inicial), Fairy Elf (classe inicial), Magic Gladiator (classe inicial), Dark Lord (classe inicial), Summoner (classe inicial), Rage Fighter (classe inicial). Ocupa 1x1 espaço(s) no inventário e pode participar das tabelas de drop.","Pacotes limitados","Recomendado","Material econômico de alta liquidez; precisa de limite, preço dinâmico e proteção contra inflação."
"6252","12-108","Seed Sphere (Ice)","Asas, orbes e pets","Joia ou material","Dark Wizard (classe inicial); Dark Knight (classe inicial); Fairy Elf (classe inicial); Magic Gladiator (classe inicial); Dark Lord (classe inicial); Summoner (classe inicial); Rage Fighter (classe inicial)","2","atributos específicos de joia ou material não registrados na exportação","sem requisito numérico registrado","Seed Sphere (Ice) é um item da família joia ou material, catalogado em Asas, orbes e pets. A configuração atual registra atributos específicos de joia ou material não registrados na exportação. Requisitos: sem requisito numérico registrado. Uso permitido: Dark Wizard (classe inicial), Dark Knight (classe inicial), Fairy Elf (classe inicial), Magic Gladiator (classe inicial), Dark Lord (classe inicial), Summoner (classe inicial), Rage Fighter (classe inicial). Ocupa 1x1 espaço(s) no inventário e pode participar das tabelas de drop.","Pacotes limitados","Recomendado","Material econômico de alta liquidez; precisa de limite, preço dinâmico e proteção contra inflação."
"6253","12-109","Seed Sphere (Wind)","Asas, orbes e pets","Joia ou material","Dark Wizard (classe inicial); Dark Knight (classe inicial); Fairy Elf (classe inicial); Magic Gladiator (classe inicial); Dark Lord (classe inicial); Summoner (classe inicial); Rage Fighter (classe inicial)","2","atributos específicos de joia ou material não registrados na exportação","sem requisito numérico registrado","Seed Sphere (Wind) é um item da família joia ou material, catalogado em Asas, orbes e pets. A configuração atual registra atributos específicos de joia ou material não registrados na exportação. Requisitos: sem requisito numérico registrado. Uso permitido: Dark Wizard (classe inicial), Dark Knight (classe inicial), Fairy Elf (classe inicial), Magic Gladiator (classe inicial), Dark Lord (classe inicial), Summoner (classe inicial), Rage Fighter (classe inicial). Ocupa 1x1 espaço(s) no inventário e pode participar das tabelas de drop.","Pacotes limitados","Recomendado","Material econômico de alta liquidez; precisa de limite, preço dinâmico e proteção contra inflação."
"6254","12-110","Seed Sphere (Lightning)","Asas, orbes e pets","Joia ou material","Dark Wizard (classe inicial); Dark Knight (classe inicial); Fairy Elf (classe inicial); Magic Gladiator (classe inicial); Dark Lord (classe inicial); Summoner (classe inicial); Rage Fighter (classe inicial)","2","atributos específicos de joia ou material não registrados na exportação","sem requisito numérico registrado","Seed Sphere (Lightning) é um item da família joia ou material, catalogado em Asas, orbes e pets. A configuração atual registra atributos específicos de joia ou material não registrados na exportação. Requisitos: sem requisito numérico registrado. Uso permitido: Dark Wizard (classe inicial), Dark Knight (classe inicial), Fairy Elf (classe inicial), Magic Gladiator (classe inicial), Dark Lord (classe inicial), Summoner (classe inicial), Rage Fighter (classe inicial). Ocupa 1x1 espaço(s) no inventário e pode participar das tabelas de drop.","Pacotes limitados","Recomendado","Material econômico de alta liquidez; precisa de limite, preço dinâmico e proteção contra inflação."
"6255","12-111","Seed Sphere (Earth)","Asas, orbes e pets","Joia ou material","Dark Wizard (classe inicial); Dark Knight (classe inicial); Fairy Elf (classe inicial); Magic Gladiator (classe inicial); Dark Lord (classe inicial); Summoner (classe inicial); Rage Fighter (classe inicial)","2","atributos específicos de joia ou material não registrados na exportação","sem requisito numérico registrado","Seed Sphere (Earth) é um item da família joia ou material, catalogado em Asas, orbes e pets. A configuração atual registra atributos específicos de joia ou material não registrados na exportação. Requisitos: sem requisito numérico registrado. Uso permitido: Dark Wizard (classe inicial), Dark Knight (classe inicial), Fairy Elf (classe inicial), Magic Gladiator (classe inicial), Dark Lord (classe inicial), Summoner (classe inicial), Rage Fighter (classe inicial). Ocupa 1x1 espaço(s) no inventário e pode participar das tabelas de drop.","Pacotes limitados","Recomendado","Material econômico de alta liquidez; precisa de limite, preço dinâmico e proteção contra inflação."
"6256","12-112","Seed Sphere (Fire)","Asas, orbes e pets","Joia ou material","Dark Wizard (classe inicial); Dark Knight (classe inicial); Fairy Elf (classe inicial); Magic Gladiator (classe inicial); Dark Lord (classe inicial); Summoner (classe inicial); Rage Fighter (classe inicial)","3","atributos específicos de joia ou material não registrados na exportação","sem requisito numérico registrado","Seed Sphere (Fire) é um item da família joia ou material, catalogado em Asas, orbes e pets. A configuração atual registra atributos específicos de joia ou material não registrados na exportação. Requisitos: sem requisito numérico registrado. Uso permitido: Dark Wizard (classe inicial), Dark Knight (classe inicial), Fairy Elf (classe inicial), Magic Gladiator (classe inicial), Dark Lord (classe inicial), Summoner (classe inicial), Rage Fighter (classe inicial). Ocupa 1x1 espaço(s) no inventário e pode participar das tabelas de drop.","Pacotes limitados","Recomendado","Material econômico de alta liquidez; precisa de limite, preço dinâmico e proteção contra inflação."
"6257","12-113","Seed Sphere (Water)","Asas, orbes e pets","Joia ou material","Dark Wizard (classe inicial); Dark Knight (classe inicial); Fairy Elf (classe inicial); Magic Gladiator (classe inicial); Dark Lord (classe inicial); Summoner (classe inicial); Rage Fighter (classe inicial)","3","atributos específicos de joia ou material não registrados na exportação","sem requisito numérico registrado","Seed Sphere (Water) é um item da família joia ou material, catalogado em Asas, orbes e pets. A configuração atual registra atributos específicos de joia ou material não registrados na exportação. Requisitos: sem requisito numérico registrado. Uso permitido: Dark Wizard (classe inicial), Dark Knight (classe inicial), Fairy Elf (classe inicial), Magic Gladiator (classe inicial), Dark Lord (classe inicial), Summoner (classe inicial), Rage Fighter (classe inicial). Ocupa 1x1 espaço(s) no inventário e pode participar das tabelas de drop.","Pacotes limitados","Recomendado","Material econômico de alta liquidez; precisa de limite, preço dinâmico e proteção contra inflação."
"6258","12-114","Seed Sphere (Ice)","Asas, orbes e pets","Joia ou material","Dark Wizard (classe inicial); Dark Knight (classe inicial); Fairy Elf (classe inicial); Magic Gladiator (classe inicial); Dark Lord (classe inicial); Summoner (classe inicial); Rage Fighter (classe inicial)","3","atributos específicos de joia ou material não registrados na exportação","sem requisito numérico registrado","Seed Sphere (Ice) é um item da família joia ou material, catalogado em Asas, orbes e pets. A configuração atual registra atributos específicos de joia ou material não registrados na exportação. Requisitos: sem requisito numérico registrado. Uso permitido: Dark Wizard (classe inicial), Dark Knight (classe inicial), Fairy Elf (classe inicial), Magic Gladiator (classe inicial), Dark Lord (classe inicial), Summoner (classe inicial), Rage Fighter (classe inicial). Ocupa 1x1 espaço(s) no inventário e pode participar das tabelas de drop.","Pacotes limitados","Recomendado","Material econômico de alta liquidez; precisa de limite, preço dinâmico e proteção contra inflação."
"6259","12-115","Seed Sphere (Wind)","Asas, orbes e pets","Joia ou material","Dark Wizard (classe inicial); Dark Knight (classe inicial); Fairy Elf (classe inicial); Magic Gladiator (classe inicial); Dark Lord (classe inicial); Summoner (classe inicial); Rage Fighter (classe inicial)","3","atributos específicos de joia ou material não registrados na exportação","sem requisito numérico registrado","Seed Sphere (Wind) é um item da família joia ou material, catalogado em Asas, orbes e pets. A configuração atual registra atributos específicos de joia ou material não registrados na exportação. Requisitos: sem requisito numérico registrado. Uso permitido: Dark Wizard (classe inicial), Dark Knight (classe inicial), Fairy Elf (classe inicial), Magic Gladiator (classe inicial), Dark Lord (classe inicial), Summoner (classe inicial), Rage Fighter (classe inicial). Ocupa 1x1 espaço(s) no inventário e pode participar das tabelas de drop.","Pacotes limitados","Recomendado","Material econômico de alta liquidez; precisa de limite, preço dinâmico e proteção contra inflação."
"6260","12-116","Seed Sphere (Lightning)","Asas, orbes e pets","Joia ou material","Dark Wizard (classe inicial); Dark Knight (classe inicial); Fairy Elf (classe inicial); Magic Gladiator (classe inicial); Dark Lord (classe inicial); Summoner (classe inicial); Rage Fighter (classe inicial)","3","atributos específicos de joia ou material não registrados na exportação","sem requisito numérico registrado","Seed Sphere (Lightning) é um item da família joia ou material, catalogado em Asas, orbes e pets. A configuração atual registra atributos específicos de joia ou material não registrados na exportação. Requisitos: sem requisito numérico registrado. Uso permitido: Dark Wizard (classe inicial), Dark Knight (classe inicial), Fairy Elf (classe inicial), Magic Gladiator (classe inicial), Dark Lord (classe inicial), Summoner (classe inicial), Rage Fighter (classe inicial). Ocupa 1x1 espaço(s) no inventário e pode participar das tabelas de drop.","Pacotes limitados","Recomendado","Material econômico de alta liquidez; precisa de limite, preço dinâmico e proteção contra inflação."
"6261","12-117","Seed Sphere (Earth)","Asas, orbes e pets","Joia ou material","Dark Wizard (classe inicial); Dark Knight (classe inicial); Fairy Elf (classe inicial); Magic Gladiator (classe inicial); Dark Lord (classe inicial); Summoner (classe inicial); Rage Fighter (classe inicial)","3","atributos específicos de joia ou material não registrados na exportação","sem requisito numérico registrado","Seed Sphere (Earth) é um item da família joia ou material, catalogado em Asas, orbes e pets. A configuração atual registra atributos específicos de joia ou material não registrados na exportação. Requisitos: sem requisito numérico registrado. Uso permitido: Dark Wizard (classe inicial), Dark Knight (classe inicial), Fairy Elf (classe inicial), Magic Gladiator (classe inicial), Dark Lord (classe inicial), Summoner (classe inicial), Rage Fighter (classe inicial). Ocupa 1x1 espaço(s) no inventário e pode participar das tabelas de drop.","Pacotes limitados","Recomendado","Material econômico de alta liquidez; precisa de limite, preço dinâmico e proteção contra inflação."
"6262","12-118","Seed Sphere (Fire)","Asas, orbes e pets","Joia ou material","","0","atributos específicos de joia ou material não registrados na exportação","sem requisito numérico registrado","Seed Sphere (Fire) é um item da família joia ou material, catalogado em Asas, orbes e pets. A configuração atual registra atributos específicos de joia ou material não registrados na exportação. Requisitos: sem requisito numérico registrado. Uso permitido: uso não associado a uma classe específica. Ocupa 1x1 espaço(s) no inventário e pode participar das tabelas de drop.","Pacotes limitados","Recomendado","Material econômico de alta liquidez; precisa de limite, preço dinâmico e proteção contra inflação."
"6263","12-119","Seed Sphere (Water)","Asas, orbes e pets","Joia ou material","","0","atributos específicos de joia ou material não registrados na exportação","sem requisito numérico registrado","Seed Sphere (Water) é um item da família joia ou material, catalogado em Asas, orbes e pets. A configuração atual registra atributos específicos de joia ou material não registrados na exportação. Requisitos: sem requisito numérico registrado. Uso permitido: uso não associado a uma classe específica. Ocupa 1x1 espaço(s) no inventário e pode participar das tabelas de drop.","Pacotes limitados","Recomendado","Material econômico de alta liquidez; precisa de limite, preço dinâmico e proteção contra inflação."
"6264","12-120","Seed Sphere (Ice)","Asas, orbes e pets","Joia ou material","","0","atributos específicos de joia ou material não registrados na exportação","sem requisito numérico registrado","Seed Sphere (Ice) é um item da família joia ou material, catalogado em Asas, orbes e pets. A configuração atual registra atributos específicos de joia ou material não registrados na exportação. Requisitos: sem requisito numérico registrado. Uso permitido: uso não associado a uma classe específica. Ocupa 1x1 espaço(s) no inventário e pode participar das tabelas de drop.","Pacotes limitados","Recomendado","Material econômico de alta liquidez; precisa de limite, preço dinâmico e proteção contra inflação."
"6265","12-121","Seed Sphere (Wind)","Asas, orbes e pets","Joia ou material","","0","atributos específicos de joia ou material não registrados na exportação","sem requisito numérico registrado","Seed Sphere (Wind) é um item da família joia ou material, catalogado em Asas, orbes e pets. A configuração atual registra atributos específicos de joia ou material não registrados na exportação. Requisitos: sem requisito numérico registrado. Uso permitido: uso não associado a uma classe específica. Ocupa 1x1 espaço(s) no inventário e pode participar das tabelas de drop.","Pacotes limitados","Recomendado","Material econômico de alta liquidez; precisa de limite, preço dinâmico e proteção contra inflação."
"6266","12-122","Seed Sphere (Lightning)","Asas, orbes e pets","Joia ou material","","0","atributos específicos de joia ou material não registrados na exportação","sem requisito numérico registrado","Seed Sphere (Lightning) é um item da família joia ou material, catalogado em Asas, orbes e pets. A configuração atual registra atributos específicos de joia ou material não registrados na exportação. Requisitos: sem requisito numérico registrado. Uso permitido: uso não associado a uma classe específica. Ocupa 1x1 espaço(s) no inventário e pode participar das tabelas de drop.","Pacotes limitados","Recomendado","Material econômico de alta liquidez; precisa de limite, preço dinâmico e proteção contra inflação."
"6267","12-123","Seed Sphere (Earth)","Asas, orbes e pets","Joia ou material","","0","atributos específicos de joia ou material não registrados na exportação","sem requisito numérico registrado","Seed Sphere (Earth) é um item da família joia ou material, catalogado em Asas, orbes e pets. A configuração atual registra atributos específicos de joia ou material não registrados na exportação. Requisitos: sem requisito numérico registrado. Uso permitido: uso não associado a uma classe específica. Ocupa 1x1 espaço(s) no inventário e pode participar das tabelas de drop.","Pacotes limitados","Recomendado","Material econômico de alta liquidez; precisa de limite, preço dinâmico e proteção contra inflação."
"6268","12-124","Seed Sphere (Fire)","Asas, orbes e pets","Joia ou material","","0","atributos específicos de joia ou material não registrados na exportação","sem requisito numérico registrado","Seed Sphere (Fire) é um item da família joia ou material, catalogado em Asas, orbes e pets. A configuração atual registra atributos específicos de joia ou material não registrados na exportação. Requisitos: sem requisito numérico registrado. Uso permitido: uso não associado a uma classe específica. Ocupa 1x1 espaço(s) no inventário e pode participar das tabelas de drop.","Pacotes limitados","Recomendado","Material econômico de alta liquidez; precisa de limite, preço dinâmico e proteção contra inflação."
"6269","12-125","Seed Sphere (Water)","Asas, orbes e pets","Joia ou material","","0","atributos específicos de joia ou material não registrados na exportação","sem requisito numérico registrado","Seed Sphere (Water) é um item da família joia ou material, catalogado em Asas, orbes e pets. A configuração atual registra atributos específicos de joia ou material não registrados na exportação. Requisitos: sem requisito numérico registrado. Uso permitido: uso não associado a uma classe específica. Ocupa 1x1 espaço(s) no inventário e pode participar das tabelas de drop.","Pacotes limitados","Recomendado","Material econômico de alta liquidez; precisa de limite, preço dinâmico e proteção contra inflação."
"6270","12-126","Seed Sphere (Ice)","Asas, orbes e pets","Joia ou material","","0","atributos específicos de joia ou material não registrados na exportação","sem requisito numérico registrado","Seed Sphere (Ice) é um item da família joia ou material, catalogado em Asas, orbes e pets. A configuração atual registra atributos específicos de joia ou material não registrados na exportação. Requisitos: sem requisito numérico registrado. Uso permitido: uso não associado a uma classe específica. Ocupa 1x1 espaço(s) no inventário e pode participar das tabelas de drop.","Pacotes limitados","Recomendado","Material econômico de alta liquidez; precisa de limite, preço dinâmico e proteção contra inflação."
"6271","12-127","Seed Sphere (Wind)","Asas, orbes e pets","Joia ou material","","0","atributos específicos de joia ou material não registrados na exportação","sem requisito numérico registrado","Seed Sphere (Wind) é um item da família joia ou material, catalogado em Asas, orbes e pets. A configuração atual registra atributos específicos de joia ou material não registrados na exportação. Requisitos: sem requisito numérico registrado. Uso permitido: uso não associado a uma classe específica. Ocupa 1x1 espaço(s) no inventário e pode participar das tabelas de drop.","Pacotes limitados","Recomendado","Material econômico de alta liquidez; precisa de limite, preço dinâmico e proteção contra inflação."
"6272","12-128","Seed Sphere (Lightning)","Asas, orbes e pets","Joia ou material","","0","atributos específicos de joia ou material não registrados na exportação","sem requisito numérico registrado","Seed Sphere (Lightning) é um item da família joia ou material, catalogado em Asas, orbes e pets. A configuração atual registra atributos específicos de joia ou material não registrados na exportação. Requisitos: sem requisito numérico registrado. Uso permitido: uso não associado a uma classe específica. Ocupa 1x1 espaço(s) no inventário e pode participar das tabelas de drop.","Pacotes limitados","Recomendado","Material econômico de alta liquidez; precisa de limite, preço dinâmico e proteção contra inflação."
"6273","12-129","Seed Sphere (Earth)","Asas, orbes e pets","Joia ou material","","0","atributos específicos de joia ou material não registrados na exportação","sem requisito numérico registrado","Seed Sphere (Earth) é um item da família joia ou material, catalogado em Asas, orbes e pets. A configuração atual registra atributos específicos de joia ou material não registrados na exportação. Requisitos: sem requisito numérico registrado. Uso permitido: uso não associado a uma classe específica. Ocupa 1x1 espaço(s) no inventário e pode participar das tabelas de drop.","Pacotes limitados","Recomendado","Material econômico de alta liquidez; precisa de limite, preço dinâmico e proteção contra inflação."
"6274","12-130","Small Cape of Lord","Asas, orbes e pets","Asa ou capa","Dark Lord (classe inicial)","1","defesa 15, durabilidade 200","nível 1","Small Cape of Lord é um item da família asa ou capa, catalogado em Asas, orbes e pets. A configuração atual registra defesa 15, durabilidade 200. Requisitos: nível 1. Uso permitido: Dark Lord (classe inicial). Ocupa 2x2 espaço(s) no inventário e pode participar das tabelas de drop.","Somente cosmético ou progressão controlada","Recomendado","Equipamento deve circular prioritariamente entre jogadores; venda direta exige limites de nível e opções."
"6275","12-131","Small Wing of Curse","Asas, orbes e pets","Asa ou capa","Summoner (classe inicial)","1","defesa 10, durabilidade 200","nível 1","Small Wing of Curse é um item da família asa ou capa, catalogado em Asas, orbes e pets. A configuração atual registra defesa 10, durabilidade 200. Requisitos: nível 1. Uso permitido: Summoner (classe inicial). Ocupa 3x2 espaço(s) no inventário e pode participar das tabelas de drop.","Somente cosmético ou progressão controlada","Recomendado","Equipamento deve circular prioritariamente entre jogadores; venda direta exige limites de nível e opções."
"6276","12-132","Small Wings of Elf","Asas, orbes e pets","Asa ou capa","Fairy Elf (classe inicial)","1","defesa 10, durabilidade 200","nível 1","Small Wings of Elf é um item da família asa ou capa, catalogado em Asas, orbes e pets. A configuração atual registra defesa 10, durabilidade 200. Requisitos: nível 1. Uso permitido: Fairy Elf (classe inicial). Ocupa 3x2 espaço(s) no inventário e pode participar das tabelas de drop.","Somente cosmético ou progressão controlada","Recomendado","Equipamento deve circular prioritariamente entre jogadores; venda direta exige limites de nível e opções."
"6277","12-133","Small Wings of Heaven","Asas, orbes e pets","Asa ou capa","Dark Wizard (classe inicial); Magic Gladiator (classe inicial)","1","defesa 10, durabilidade 200","nível 1","Small Wings of Heaven é um item da família asa ou capa, catalogado em Asas, orbes e pets. A configuração atual registra defesa 10, durabilidade 200. Requisitos: nível 1. Uso permitido: Dark Wizard (classe inicial), Magic Gladiator (classe inicial). Ocupa 3x2 espaço(s) no inventário e pode participar das tabelas de drop.","Somente cosmético ou progressão controlada","Recomendado","Equipamento deve circular prioritariamente entre jogadores; venda direta exige limites de nível e opções."
"6278","12-134","Small Wings of Satan","Asas, orbes e pets","Asa ou capa","Dark Knight (classe inicial); Magic Gladiator (classe inicial)","1","defesa 20, durabilidade 200","nível 1","Small Wings of Satan é um item da família asa ou capa, catalogado em Asas, orbes e pets. A configuração atual registra defesa 20, durabilidade 200. Requisitos: nível 1. Uso permitido: Dark Knight (classe inicial), Magic Gladiator (classe inicial). Ocupa 3x2 espaço(s) no inventário e pode participar das tabelas de drop.","Somente cosmético ou progressão controlada","Recomendado","Equipamento deve circular prioritariamente entre jogadores; venda direta exige limites de nível e opções."
"6279","12-135","Little Warrior s Cloak","Asas, orbes e pets","Asa ou capa","Rage Fighter (classe inicial)","1","defesa 15, durabilidade 200","nível 1","Little Warrior s Cloak é um item da família asa ou capa, catalogado em Asas, orbes e pets. A configuração atual registra defesa 15, durabilidade 200. Requisitos: nível 1. Uso permitido: Rage Fighter (classe inicial). Ocupa 2x2 espaço(s) no inventário e pode participar das tabelas de drop.","Somente cosmético ou progressão controlada","Recomendado","Equipamento deve circular prioritariamente entre jogadores; venda direta exige limites de nível e opções."
"6280","12-136","Jewel of Life Bundle","Asas, orbes e pets","Joia ou material","Dark Wizard (classe inicial); Dark Knight (classe inicial); Fairy Elf (classe inicial); Magic Gladiator (classe inicial); Dark Lord (classe inicial); Summoner (classe inicial); Rage Fighter (classe inicial)","72","atributos específicos de joia ou material não registrados na exportação","sem requisito numérico registrado","Jewel of Life Bundle é um item da família joia ou material, catalogado em Asas, orbes e pets. A configuração atual registra atributos específicos de joia ou material não registrados na exportação. Requisitos: sem requisito numérico registrado. Uso permitido: Dark Wizard (classe inicial), Dark Knight (classe inicial), Fairy Elf (classe inicial), Magic Gladiator (classe inicial), Dark Lord (classe inicial), Summoner (classe inicial), Rage Fighter (classe inicial). Ocupa 1x1 espaço(s) no inventário e pode participar das tabelas de drop.","Pacotes limitados","Recomendado","Material econômico de alta liquidez; precisa de limite, preço dinâmico e proteção contra inflação."
"6281","12-137","Jewel of Creation Bundle","Asas, orbes e pets","Joia ou material","Dark Wizard (classe inicial); Dark Knight (classe inicial); Fairy Elf (classe inicial); Magic Gladiator (classe inicial); Dark Lord (classe inicial); Summoner (classe inicial); Rage Fighter (classe inicial)","78","atributos específicos de joia ou material não registrados na exportação","sem requisito numérico registrado","Jewel of Creation Bundle é um item da família joia ou material, catalogado em Asas, orbes e pets. A configuração atual registra atributos específicos de joia ou material não registrados na exportação. Requisitos: sem requisito numérico registrado. Uso permitido: Dark Wizard (classe inicial), Dark Knight (classe inicial), Fairy Elf (classe inicial), Magic Gladiator (classe inicial), Dark Lord (classe inicial), Summoner (classe inicial), Rage Fighter (classe inicial). Ocupa 1x1 espaço(s) no inventário e pode participar das tabelas de drop.","Pacotes limitados","Recomendado","Material econômico de alta liquidez; precisa de limite, preço dinâmico e proteção contra inflação."
"6282","12-138","Jewel of Guardian Bundle","Asas, orbes e pets","Joia ou material","Dark Wizard (classe inicial); Dark Knight (classe inicial); Fairy Elf (classe inicial); Magic Gladiator (classe inicial); Dark Lord (classe inicial); Summoner (classe inicial); Rage Fighter (classe inicial)","75","atributos específicos de joia ou material não registrados na exportação","sem requisito numérico registrado","Jewel of Guardian Bundle é um item da família joia ou material, catalogado em Asas, orbes e pets. A configuração atual registra atributos específicos de joia ou material não registrados na exportação. Requisitos: sem requisito numérico registrado. Uso permitido: Dark Wizard (classe inicial), Dark Knight (classe inicial), Fairy Elf (classe inicial), Magic Gladiator (classe inicial), Dark Lord (classe inicial), Summoner (classe inicial), Rage Fighter (classe inicial). Ocupa 1x1 espaço(s) no inventário e pode participar das tabelas de drop.","Pacotes limitados","Recomendado","Material econômico de alta liquidez; precisa de limite, preço dinâmico e proteção contra inflação."
"6283","12-139","Gemstone Bundle","Asas, orbes e pets","Joia ou material","Dark Wizard (classe inicial); Dark Knight (classe inicial); Fairy Elf (classe inicial); Magic Gladiator (classe inicial); Dark Lord (classe inicial); Summoner (classe inicial); Rage Fighter (classe inicial)","25","atributos específicos de joia ou material não registrados na exportação","sem requisito numérico registrado","Gemstone Bundle é um item da família joia ou material, catalogado em Asas, orbes e pets. A configuração atual registra atributos específicos de joia ou material não registrados na exportação. Requisitos: sem requisito numérico registrado. Uso permitido: Dark Wizard (classe inicial), Dark Knight (classe inicial), Fairy Elf (classe inicial), Magic Gladiator (classe inicial), Dark Lord (classe inicial), Summoner (classe inicial), Rage Fighter (classe inicial). Ocupa 1x1 espaço(s) no inventário e pode participar das tabelas de drop.","Pacotes limitados","Recomendado","Material econômico de alta liquidez; precisa de limite, preço dinâmico e proteção contra inflação."
"6284","12-140","Jewel of Harmony Bundle","Asas, orbes e pets","Joia ou material","Dark Wizard (classe inicial); Dark Knight (classe inicial); Fairy Elf (classe inicial); Magic Gladiator (classe inicial); Dark Lord (classe inicial); Summoner (classe inicial); Rage Fighter (classe inicial)","25","atributos específicos de joia ou material não registrados na exportação","sem requisito numérico registrado","Jewel of Harmony Bundle é um item da família joia ou material, catalogado em Asas, orbes e pets. A configuração atual registra atributos específicos de joia ou material não registrados na exportação. Requisitos: sem requisito numérico registrado. Uso permitido: Dark Wizard (classe inicial), Dark Knight (classe inicial), Fairy Elf (classe inicial), Magic Gladiator (classe inicial), Dark Lord (classe inicial), Summoner (classe inicial), Rage Fighter (classe inicial). Ocupa 1x1 espaço(s) no inventário e pode participar das tabelas de drop.","Pacotes limitados","Recomendado","Material econômico de alta liquidez; precisa de limite, preço dinâmico e proteção contra inflação."
"6285","12-141","Jewel of Chaos Bundle","Asas, orbes e pets","Joia ou material","Dark Wizard (classe inicial); Dark Knight (classe inicial); Fairy Elf (classe inicial); Magic Gladiator (classe inicial); Dark Lord (classe inicial); Summoner (classe inicial); Rage Fighter (classe inicial)","12","atributos específicos de joia ou material não registrados na exportação","sem requisito numérico registrado","Jewel of Chaos Bundle é um item da família joia ou material, catalogado em Asas, orbes e pets. A configuração atual registra atributos específicos de joia ou material não registrados na exportação. Requisitos: sem requisito numérico registrado. Uso permitido: Dark Wizard (classe inicial), Dark Knight (classe inicial), Fairy Elf (classe inicial), Magic Gladiator (classe inicial), Dark Lord (classe inicial), Summoner (classe inicial), Rage Fighter (classe inicial). Ocupa 1x1 espaço(s) no inventário e pode participar das tabelas de drop.","Pacotes limitados","Recomendado","Material econômico de alta liquidez; precisa de limite, preço dinâmico e proteção contra inflação."
"6286","12-142","Lower Refining Stone Bundle","Asas, orbes e pets","Caixa ou pacote","Dark Wizard (classe inicial); Dark Knight (classe inicial); Fairy Elf (classe inicial); Magic Gladiator (classe inicial); Dark Lord (classe inicial); Summoner (classe inicial); Rage Fighter (classe inicial)","25","atributos específicos de caixa ou pacote não registrados na exportação","sem requisito numérico registrado","Lower Refining Stone Bundle é um item da família caixa ou pacote, catalogado em Asas, orbes e pets. A configuração atual registra atributos específicos de caixa ou pacote não registrados na exportação. Requisitos: sem requisito numérico registrado. Uso permitido: Dark Wizard (classe inicial), Dark Knight (classe inicial), Fairy Elf (classe inicial), Magic Gladiator (classe inicial), Dark Lord (classe inicial), Summoner (classe inicial), Rage Fighter (classe inicial). Ocupa 1x1 espaço(s) no inventário e pode participar das tabelas de drop.","Revisão manual","Conforme flag de trade do servidor","A função comercial não pode ser confirmada apenas pela tabela de itens."
"6287","12-143","Higher Refining Stone Bundle","Asas, orbes e pets","Caixa ou pacote","Dark Wizard (classe inicial); Dark Knight (classe inicial); Fairy Elf (classe inicial); Magic Gladiator (classe inicial); Dark Lord (classe inicial); Summoner (classe inicial); Rage Fighter (classe inicial)","25","atributos específicos de caixa ou pacote não registrados na exportação","sem requisito numérico registrado","Higher Refining Stone Bundle é um item da família caixa ou pacote, catalogado em Asas, orbes e pets. A configuração atual registra atributos específicos de caixa ou pacote não registrados na exportação. Requisitos: sem requisito numérico registrado. Uso permitido: Dark Wizard (classe inicial), Dark Knight (classe inicial), Fairy Elf (classe inicial), Magic Gladiator (classe inicial), Dark Lord (classe inicial), Summoner (classe inicial), Rage Fighter (classe inicial). Ocupa 1x1 espaço(s) no inventário e pode participar das tabelas de drop.","Revisão manual","Conforme flag de trade do servidor","A função comercial não pode ser confirmada apenas pela tabela de itens."
"6374","12-230","Wings BloodMoon","Asas, orbes e pets","Asa ou capa","Dark Wizard (terceira classe ou superior); Dark Knight (terceira classe ou superior); Fairy Elf (terceira classe ou superior); Magic Gladiator (terceira classe ou superior); Summoner (terceira classe ou superior)","150","defesa 60, durabilidade 220","nível 400","Wings BloodMoon é um item da família asa ou capa, catalogado em Asas, orbes e pets. A configuração atual registra defesa 60, durabilidade 220. Requisitos: nível 400. Uso permitido: Dark Wizard (terceira classe ou superior), Dark Knight (terceira classe ou superior), Fairy Elf (terceira classe ou superior), Magic Gladiator (terceira classe ou superior), Summoner (terceira classe ou superior). Ocupa 4x3 espaço(s) no inventário e pode participar das tabelas de drop.","Somente cosmético ou progressão controlada","Recomendado","Equipamento deve circular prioritariamente entre jogadores; venda direta exige limites de nível e opções."
"6375","12-231","Cape BloodMoon","Asas, orbes e pets","Asa ou capa","Dark Lord (terceira classe ou superior); Rage Fighter (terceira classe ou superior)","150","defesa 45, durabilidade 220","nível 400","Cape BloodMoon é um item da família asa ou capa, catalogado em Asas, orbes e pets. A configuração atual registra defesa 45, durabilidade 220. Requisitos: nível 400. Uso permitido: Dark Lord (terceira classe ou superior), Rage Fighter (terceira classe ou superior). Ocupa 2x3 espaço(s) no inventário e pode participar das tabelas de drop.","Somente cosmético ou progressão controlada","Recomendado","Equipamento deve circular prioritariamente entre jogadores; venda direta exige limites de nível e opções."
"6656","13-0","Guardian Angel","Joias, consumíveis e itens diversos","Pet ou montaria","Dark Wizard (classe inicial); Dark Knight (classe inicial); Fairy Elf (classe inicial); Magic Gladiator (classe inicial); Dark Lord (classe inicial); Summoner (classe inicial); Rage Fighter (classe inicial)","23","durabilidade 255","sem requisito numérico registrado","Guardian Angel é um item da família pet ou montaria, catalogado em Joias, consumíveis e itens diversos. A configuração atual registra durabilidade 255. Requisitos: sem requisito numérico registrado. Uso permitido: Dark Wizard (classe inicial), Dark Knight (classe inicial), Fairy Elf (classe inicial), Magic Gladiator (classe inicial), Dark Lord (classe inicial), Summoner (classe inicial), Rage Fighter (classe inicial). Ocupa 1x1 espaço(s) no inventário e pode participar das tabelas de drop.","Venda controlada","Permitido se negociável no servidor","Pet ou montaria pode ser cosmético ou conceder bônus; duração, atributos e limite por conta precisam ser explícitos."
"6657","13-1","Imp","Joias, consumíveis e itens diversos","Pet ou montaria","Dark Wizard (classe inicial); Dark Knight (classe inicial); Fairy Elf (classe inicial); Magic Gladiator (classe inicial); Dark Lord (classe inicial); Summoner (classe inicial); Rage Fighter (classe inicial)","28","durabilidade 255","sem requisito numérico registrado","Imp é um item da família pet ou montaria, catalogado em Joias, consumíveis e itens diversos. A configuração atual registra durabilidade 255. Requisitos: sem requisito numérico registrado. Uso permitido: Dark Wizard (classe inicial), Dark Knight (classe inicial), Fairy Elf (classe inicial), Magic Gladiator (classe inicial), Dark Lord (classe inicial), Summoner (classe inicial), Rage Fighter (classe inicial). Ocupa 1x1 espaço(s) no inventário e pode participar das tabelas de drop.","Venda controlada","Permitido se negociável no servidor","Pet ou montaria pode ser cosmético ou conceder bônus; duração, atributos e limite por conta precisam ser explícitos."
"6658","13-2","Horn of Uniria","Joias, consumíveis e itens diversos","Pet ou montaria","Dark Wizard (classe inicial); Dark Knight (classe inicial); Fairy Elf (classe inicial); Magic Gladiator (classe inicial); Dark Lord (classe inicial); Summoner (classe inicial); Rage Fighter (classe inicial)","25","durabilidade 255","sem requisito numérico registrado","Horn of Uniria é um item da família pet ou montaria, catalogado em Joias, consumíveis e itens diversos. A configuração atual registra durabilidade 255. Requisitos: sem requisito numérico registrado. Uso permitido: Dark Wizard (classe inicial), Dark Knight (classe inicial), Fairy Elf (classe inicial), Magic Gladiator (classe inicial), Dark Lord (classe inicial), Summoner (classe inicial), Rage Fighter (classe inicial). Ocupa 1x1 espaço(s) no inventário e pode participar das tabelas de drop.","Venda controlada","Permitido se negociável no servidor","Pet ou montaria pode ser cosmético ou conceder bônus; duração, atributos e limite por conta precisam ser explícitos."
"6659","13-3","Horn of Dinorant","Joias, consumíveis e itens diversos","Pet ou montaria","Dark Wizard (classe inicial); Dark Knight (classe inicial); Fairy Elf (classe inicial); Magic Gladiator (classe inicial); Dark Lord (classe inicial); Summoner (classe inicial); Rage Fighter (classe inicial)","110","durabilidade 255","sem requisito numérico registrado","Horn of Dinorant é um item da família pet ou montaria, catalogado em Joias, consumíveis e itens diversos. A configuração atual registra durabilidade 255. Requisitos: sem requisito numérico registrado. Uso permitido: Dark Wizard (classe inicial), Dark Knight (classe inicial), Fairy Elf (classe inicial), Magic Gladiator (classe inicial), Dark Lord (classe inicial), Summoner (classe inicial), Rage Fighter (classe inicial). Ocupa 1x1 espaço(s) no inventário e pode participar das tabelas de drop.","Venda controlada","Permitido se negociável no servidor","Pet ou montaria pode ser cosmético ou conceder bônus; duração, atributos e limite por conta precisam ser explícitos."
"6660","13-4","Dark Horse","Joias, consumíveis e itens diversos","Pet ou montaria","Dark Lord (classe inicial)","218","durabilidade 255","sem requisito numérico registrado","Dark Horse é um item da família pet ou montaria, catalogado em Joias, consumíveis e itens diversos. A configuração atual registra durabilidade 255. Requisitos: sem requisito numérico registrado. Uso permitido: Dark Lord (classe inicial). Ocupa 1x1 espaço(s) no inventário e pode participar das tabelas de drop.","Venda controlada","Permitido se negociável no servidor","Pet ou montaria pode ser cosmético ou conceder bônus; duração, atributos e limite por conta precisam ser explícitos."
"6661","13-5","Dark Raven","Joias, consumíveis e itens diversos","Pet ou montaria","Dark Wizard (classe inicial); Dark Knight (classe inicial); Fairy Elf (classe inicial); Magic Gladiator (classe inicial); Dark Lord (classe inicial)","0","durabilidade 255","sem requisito numérico registrado","Dark Raven é um item da família pet ou montaria, catalogado em Joias, consumíveis e itens diversos. A configuração atual registra durabilidade 255. Requisitos: sem requisito numérico registrado. Uso permitido: Dark Wizard (classe inicial), Dark Knight (classe inicial), Fairy Elf (classe inicial), Magic Gladiator (classe inicial), Dark Lord (classe inicial). Ocupa 1x1 espaço(s) no inventário e pode participar das tabelas de drop.","Venda controlada","Permitido se negociável no servidor","Pet ou montaria pode ser cosmético ou conceder bônus; duração, atributos e limite por conta precisam ser explícitos."
"6663","13-7","Contract (Summon)","Joias, consumíveis e itens diversos","Item diverso","Dark Wizard (classe inicial); Dark Knight (classe inicial); Fairy Elf (classe inicial); Magic Gladiator (classe inicial); Dark Lord (classe inicial); Summoner (classe inicial); Rage Fighter (classe inicial)","0","durabilidade 255","sem requisito numérico registrado","Contract (Summon) é um item da família item diverso, catalogado em Joias, consumíveis e itens diversos. A configuração atual registra durabilidade 255. Requisitos: sem requisito numérico registrado. Uso permitido: Dark Wizard (classe inicial), Dark Knight (classe inicial), Fairy Elf (classe inicial), Magic Gladiator (classe inicial), Dark Lord (classe inicial), Summoner (classe inicial), Rage Fighter (classe inicial). Ocupa 1x1 espaço(s) no inventário e pode participar das tabelas de drop.","Revisão manual","Conforme flag de trade do servidor","A função comercial não pode ser confirmada apenas pela tabela de itens."
"6664","13-8","Ring of Ice","Joias, consumíveis e itens diversos","Acessório","Dark Wizard (classe inicial); Dark Knight (classe inicial); Fairy Elf (classe inicial); Magic Gladiator (classe inicial); Dark Lord (classe inicial); Summoner (classe inicial); Rage Fighter (classe inicial)","20","durabilidade 50","sem requisito numérico registrado","Ring of Ice é um item da família acessório, catalogado em Joias, consumíveis e itens diversos. A configuração atual registra durabilidade 50. Requisitos: sem requisito numérico registrado. Uso permitido: Dark Wizard (classe inicial), Dark Knight (classe inicial), Fairy Elf (classe inicial), Magic Gladiator (classe inicial), Dark Lord (classe inicial), Summoner (classe inicial), Rage Fighter (classe inicial). Ocupa 1x1 espaço(s) no inventário e pode participar das tabelas de drop.","Somente cosmético ou progressão controlada","Recomendado","Equipamento deve circular prioritariamente entre jogadores; venda direta exige limites de nível e opções."
"6665","13-9","Ring of Poison","Joias, consumíveis e itens diversos","Acessório","Dark Wizard (classe inicial); Dark Knight (classe inicial); Fairy Elf (classe inicial); Magic Gladiator (classe inicial); Dark Lord (classe inicial); Summoner (classe inicial); Rage Fighter (classe inicial)","17","durabilidade 50","sem requisito numérico registrado","Ring of Poison é um item da família acessório, catalogado em Joias, consumíveis e itens diversos. A configuração atual registra durabilidade 50. Requisitos: sem requisito numérico registrado. Uso permitido: Dark Wizard (classe inicial), Dark Knight (classe inicial), Fairy Elf (classe inicial), Magic Gladiator (classe inicial), Dark Lord (classe inicial), Summoner (classe inicial), Rage Fighter (classe inicial). Ocupa 1x1 espaço(s) no inventário e pode participar das tabelas de drop.","Somente cosmético ou progressão controlada","Recomendado","Equipamento deve circular prioritariamente entre jogadores; venda direta exige limites de nível e opções."
"6666","13-10","Transformation Ring","Joias, consumíveis e itens diversos","Acessório","Dark Wizard (classe inicial); Dark Knight (classe inicial); Fairy Elf (classe inicial); Magic Gladiator (classe inicial); Dark Lord (classe inicial); Summoner (classe inicial); Rage Fighter (classe inicial)","0","durabilidade 200","sem requisito numérico registrado","Transformation Ring é um item da família acessório, catalogado em Joias, consumíveis e itens diversos. A configuração atual registra durabilidade 200. Requisitos: sem requisito numérico registrado. Uso permitido: Dark Wizard (classe inicial), Dark Knight (classe inicial), Fairy Elf (classe inicial), Magic Gladiator (classe inicial), Dark Lord (classe inicial), Summoner (classe inicial), Rage Fighter (classe inicial). Ocupa 1x1 espaço(s) no inventário e pode participar das tabelas de drop.","Recomendado","Bloqueado ou limitado","Produto de conveniência apropriado para monetização oficial e controle de duração."
"6667","13-11","Order (Guardian/Life Stone)","Joias, consumíveis e itens diversos","Item diverso","Dark Wizard (classe inicial); Dark Knight (classe inicial); Fairy Elf (classe inicial); Magic Gladiator (classe inicial); Dark Lord (classe inicial); Summoner (classe inicial); Rage Fighter (classe inicial)","0","durabilidade 255","sem requisito numérico registrado","Order (Guardian/Life Stone) é um item da família item diverso, catalogado em Joias, consumíveis e itens diversos. A configuração atual registra durabilidade 255. Requisitos: sem requisito numérico registrado. Uso permitido: Dark Wizard (classe inicial), Dark Knight (classe inicial), Fairy Elf (classe inicial), Magic Gladiator (classe inicial), Dark Lord (classe inicial), Summoner (classe inicial), Rage Fighter (classe inicial). Ocupa 1x1 espaço(s) no inventário e pode participar das tabelas de drop.","Revisão manual","Conforme flag de trade do servidor","A função comercial não pode ser confirmada apenas pela tabela de itens."
"6668","13-12","Pendant of Lighting","Joias, consumíveis e itens diversos","Acessório","Dark Wizard (classe inicial); Dark Knight (classe inicial); Fairy Elf (classe inicial); Magic Gladiator (classe inicial); Dark Lord (classe inicial); Summoner (classe inicial); Rage Fighter (classe inicial)","21","durabilidade 50","sem requisito numérico registrado","Pendant of Lighting é um item da família acessório, catalogado em Joias, consumíveis e itens diversos. A configuração atual registra durabilidade 50. Requisitos: sem requisito numérico registrado. Uso permitido: Dark Wizard (classe inicial), Dark Knight (classe inicial), Fairy Elf (classe inicial), Magic Gladiator (classe inicial), Dark Lord (classe inicial), Summoner (classe inicial), Rage Fighter (classe inicial). Ocupa 1x1 espaço(s) no inventário e pode participar das tabelas de drop.","Somente cosmético ou progressão controlada","Recomendado","Equipamento deve circular prioritariamente entre jogadores; venda direta exige limites de nível e opções."
"6669","13-13","Pendant of Fire","Joias, consumíveis e itens diversos","Acessório","Dark Wizard (classe inicial); Dark Knight (classe inicial); Fairy Elf (classe inicial); Magic Gladiator (classe inicial); Dark Lord (classe inicial); Summoner (classe inicial); Rage Fighter (classe inicial)","13","durabilidade 50","sem requisito numérico registrado","Pendant of Fire é um item da família acessório, catalogado em Joias, consumíveis e itens diversos. A configuração atual registra durabilidade 50. Requisitos: sem requisito numérico registrado. Uso permitido: Dark Wizard (classe inicial), Dark Knight (classe inicial), Fairy Elf (classe inicial), Magic Gladiator (classe inicial), Dark Lord (classe inicial), Summoner (classe inicial), Rage Fighter (classe inicial). Ocupa 1x1 espaço(s) no inventário e pode participar das tabelas de drop.","Somente cosmético ou progressão controlada","Recomendado","Equipamento deve circular prioritariamente entre jogadores; venda direta exige limites de nível e opções."
"6670","13-14","Loch s Feather","Joias, consumíveis e itens diversos","Joia ou material","Dark Wizard (classe inicial); Dark Knight (classe inicial); Fairy Elf (classe inicial); Magic Gladiator (classe inicial); Dark Lord (classe inicial); Summoner (classe inicial); Rage Fighter (classe inicial)","78","atributos específicos de joia ou material não registrados na exportação","sem requisito numérico registrado","Loch s Feather é um item da família joia ou material, catalogado em Joias, consumíveis e itens diversos. A configuração atual registra atributos específicos de joia ou material não registrados na exportação. Requisitos: sem requisito numérico registrado. Uso permitido: Dark Wizard (classe inicial), Dark Knight (classe inicial), Fairy Elf (classe inicial), Magic Gladiator (classe inicial), Dark Lord (classe inicial), Summoner (classe inicial), Rage Fighter (classe inicial). Ocupa 1x2 espaço(s) no inventário e pode participar das tabelas de drop.","Pacotes limitados","Recomendado","Material econômico de alta liquidez; precisa de limite, preço dinâmico e proteção contra inflação."
"6671","13-15","Fruits","Joias, consumíveis e itens diversos","Item diverso","Dark Wizard (classe inicial); Dark Knight (classe inicial); Fairy Elf (classe inicial); Magic Gladiator (classe inicial); Dark Lord (classe inicial); Summoner (classe inicial); Rage Fighter (classe inicial)","0","atributos específicos de item diverso não registrados na exportação","sem requisito numérico registrado","Fruits é um item da família item diverso, catalogado em Joias, consumíveis e itens diversos. A configuração atual registra atributos específicos de item diverso não registrados na exportação. Requisitos: sem requisito numérico registrado. Uso permitido: Dark Wizard (classe inicial), Dark Knight (classe inicial), Fairy Elf (classe inicial), Magic Gladiator (classe inicial), Dark Lord (classe inicial), Summoner (classe inicial), Rage Fighter (classe inicial). Ocupa 1x1 espaço(s) no inventário e pode participar das tabelas de drop.","Revisão manual","Conforme flag de trade do servidor","A função comercial não pode ser confirmada apenas pela tabela de itens."
"6672","13-16","Scroll of Archangel","Joias, consumíveis e itens diversos","Buff temporário","Dark Wizard (classe inicial); Dark Knight (classe inicial); Fairy Elf (classe inicial); Magic Gladiator (classe inicial); Dark Lord (classe inicial); Summoner (classe inicial); Rage Fighter (classe inicial)","0","durabilidade 128","sem requisito numérico registrado","Scroll of Archangel é um item da família buff temporário, catalogado em Joias, consumíveis e itens diversos. A configuração atual registra durabilidade 128. Requisitos: sem requisito numérico registrado. Uso permitido: Dark Wizard (classe inicial), Dark Knight (classe inicial), Fairy Elf (classe inicial), Magic Gladiator (classe inicial), Dark Lord (classe inicial), Summoner (classe inicial), Rage Fighter (classe inicial). Ocupa 1x2 espaço(s) no inventário e pode participar das tabelas de drop.","Recomendado","Permitido se negociável no servidor","Consumível recorrente adequado para loja, desde que não torne a progressão obrigatoriamente paga."
"6673","13-17","Blood Bone","Joias, consumíveis e itens diversos","Item diverso","Dark Wizard (classe inicial); Dark Knight (classe inicial); Fairy Elf (classe inicial); Magic Gladiator (classe inicial); Dark Lord (classe inicial); Summoner (classe inicial); Rage Fighter (classe inicial)","0","durabilidade 128","sem requisito numérico registrado","Blood Bone é um item da família item diverso, catalogado em Joias, consumíveis e itens diversos. A configuração atual registra durabilidade 128. Requisitos: sem requisito numérico registrado. Uso permitido: Dark Wizard (classe inicial), Dark Knight (classe inicial), Fairy Elf (classe inicial), Magic Gladiator (classe inicial), Dark Lord (classe inicial), Summoner (classe inicial), Rage Fighter (classe inicial). Ocupa 1x2 espaço(s) no inventário e pode participar das tabelas de drop.","Revisão manual","Conforme flag de trade do servidor","A função comercial não pode ser confirmada apenas pela tabela de itens."
"6674","13-18","Invisibility Cloak","Joias, consumíveis e itens diversos","Asa ou capa","Dark Wizard (classe inicial); Dark Knight (classe inicial); Fairy Elf (classe inicial); Magic Gladiator (classe inicial); Dark Lord (classe inicial); Summoner (classe inicial); Rage Fighter (classe inicial)","0","durabilidade 255","sem requisito numérico registrado","Invisibility Cloak é um item da família asa ou capa, catalogado em Joias, consumíveis e itens diversos. A configuração atual registra durabilidade 255. Requisitos: sem requisito numérico registrado. Uso permitido: Dark Wizard (classe inicial), Dark Knight (classe inicial), Fairy Elf (classe inicial), Magic Gladiator (classe inicial), Dark Lord (classe inicial), Summoner (classe inicial), Rage Fighter (classe inicial). Ocupa 2x2 espaço(s) no inventário e pode participar das tabelas de drop.","Venda limitada","Permitido se negociável no servidor","Entrada ou material de evento; convém limitar quantidade e período."
"6675","13-19","Absolute Weapon of Archangel","Joias, consumíveis e itens diversos","Item diverso","Dark Wizard (classe inicial); Dark Knight (classe inicial); Fairy Elf (classe inicial); Magic Gladiator (classe inicial); Dark Lord (classe inicial); Summoner (classe inicial); Rage Fighter (classe inicial)","0","durabilidade 255","sem requisito numérico registrado","Absolute Weapon of Archangel é um item da família item diverso, catalogado em Joias, consumíveis e itens diversos. A configuração atual registra durabilidade 255. Requisitos: sem requisito numérico registrado. Uso permitido: Dark Wizard (classe inicial), Dark Knight (classe inicial), Fairy Elf (classe inicial), Magic Gladiator (classe inicial), Dark Lord (classe inicial), Summoner (classe inicial), Rage Fighter (classe inicial). Ocupa 1x2 espaço(s) no inventário e pode participar das tabelas de drop.","Revisão manual","Conforme flag de trade do servidor","A função comercial não pode ser confirmada apenas pela tabela de itens."
"6676","13-20","Wizards Ring","Joias, consumíveis e itens diversos","Acessório","Dark Wizard (classe inicial); Dark Knight (classe inicial); Fairy Elf (classe inicial); Magic Gladiator (classe inicial); Dark Lord (classe inicial); Summoner (classe inicial); Rage Fighter (classe inicial)","0","durabilidade 30","sem requisito numérico registrado","Wizards Ring é um item da família acessório, catalogado em Joias, consumíveis e itens diversos. A configuração atual registra durabilidade 30. Requisitos: sem requisito numérico registrado. Uso permitido: Dark Wizard (classe inicial), Dark Knight (classe inicial), Fairy Elf (classe inicial), Magic Gladiator (classe inicial), Dark Lord (classe inicial), Summoner (classe inicial), Rage Fighter (classe inicial). Ocupa 1x1 espaço(s) no inventário e pode participar das tabelas de drop.","Somente cosmético ou progressão controlada","Recomendado","Equipamento deve circular prioritariamente entre jogadores; venda direta exige limites de nível e opções."
"6677","13-21","Ring of Fire","Joias, consumíveis e itens diversos","Acessório","Dark Wizard (classe inicial); Dark Knight (classe inicial); Fairy Elf (classe inicial); Magic Gladiator (classe inicial); Dark Lord (classe inicial); Summoner (classe inicial); Rage Fighter (classe inicial)","30","durabilidade 50","sem requisito numérico registrado","Ring of Fire é um item da família acessório, catalogado em Joias, consumíveis e itens diversos. A configuração atual registra durabilidade 50. Requisitos: sem requisito numérico registrado. Uso permitido: Dark Wizard (classe inicial), Dark Knight (classe inicial), Fairy Elf (classe inicial), Magic Gladiator (classe inicial), Dark Lord (classe inicial), Summoner (classe inicial), Rage Fighter (classe inicial). Ocupa 1x1 espaço(s) no inventário e pode participar das tabelas de drop.","Somente cosmético ou progressão controlada","Recomendado","Equipamento deve circular prioritariamente entre jogadores; venda direta exige limites de nível e opções."
"6678","13-22","Ring of Earth","Joias, consumíveis e itens diversos","Acessório","Dark Wizard (classe inicial); Dark Knight (classe inicial); Fairy Elf (classe inicial); Magic Gladiator (classe inicial); Dark Lord (classe inicial); Summoner (classe inicial); Rage Fighter (classe inicial)","38","durabilidade 50","sem requisito numérico registrado","Ring of Earth é um item da família acessório, catalogado em Joias, consumíveis e itens diversos. A configuração atual registra durabilidade 50. Requisitos: sem requisito numérico registrado. Uso permitido: Dark Wizard (classe inicial), Dark Knight (classe inicial), Fairy Elf (classe inicial), Magic Gladiator (classe inicial), Dark Lord (classe inicial), Summoner (classe inicial), Rage Fighter (classe inicial). Ocupa 1x1 espaço(s) no inventário e pode participar das tabelas de drop.","Somente cosmético ou progressão controlada","Recomendado","Equipamento deve circular prioritariamente entre jogadores; venda direta exige limites de nível e opções."
"6679","13-23","Ring of Wind","Joias, consumíveis e itens diversos","Acessório","Dark Wizard (classe inicial); Dark Knight (classe inicial); Fairy Elf (classe inicial); Magic Gladiator (classe inicial); Dark Lord (classe inicial); Summoner (classe inicial); Rage Fighter (classe inicial)","44","durabilidade 50","sem requisito numérico registrado","Ring of Wind é um item da família acessório, catalogado em Joias, consumíveis e itens diversos. A configuração atual registra durabilidade 50. Requisitos: sem requisito numérico registrado. Uso permitido: Dark Wizard (classe inicial), Dark Knight (classe inicial), Fairy Elf (classe inicial), Magic Gladiator (classe inicial), Dark Lord (classe inicial), Summoner (classe inicial), Rage Fighter (classe inicial). Ocupa 1x1 espaço(s) no inventário e pode participar das tabelas de drop.","Somente cosmético ou progressão controlada","Recomendado","Equipamento deve circular prioritariamente entre jogadores; venda direta exige limites de nível e opções."
"6680","13-24","Ring of Magic","Joias, consumíveis e itens diversos","Acessório","Dark Wizard (classe inicial); Dark Knight (classe inicial); Fairy Elf (classe inicial); Magic Gladiator (classe inicial); Dark Lord (classe inicial); Summoner (classe inicial); Rage Fighter (classe inicial)","47","durabilidade 50","sem requisito numérico registrado","Ring of Magic é um item da família acessório, catalogado em Joias, consumíveis e itens diversos. A configuração atual registra durabilidade 50. Requisitos: sem requisito numérico registrado. Uso permitido: Dark Wizard (classe inicial), Dark Knight (classe inicial), Fairy Elf (classe inicial), Magic Gladiator (classe inicial), Dark Lord (classe inicial), Summoner (classe inicial), Rage Fighter (classe inicial). Ocupa 1x1 espaço(s) no inventário e pode participar das tabelas de drop.","Somente cosmético ou progressão controlada","Recomendado","Equipamento deve circular prioritariamente entre jogadores; venda direta exige limites de nível e opções."
"6681","13-25","Pendant of Ice","Joias, consumíveis e itens diversos","Acessório","Dark Wizard (classe inicial); Dark Knight (classe inicial); Fairy Elf (classe inicial); Magic Gladiator (classe inicial); Dark Lord (classe inicial); Summoner (classe inicial); Rage Fighter (classe inicial)","34","durabilidade 50","sem requisito numérico registrado","Pendant of Ice é um item da família acessório, catalogado em Joias, consumíveis e itens diversos. A configuração atual registra durabilidade 50. Requisitos: sem requisito numérico registrado. Uso permitido: Dark Wizard (classe inicial), Dark Knight (classe inicial), Fairy Elf (classe inicial), Magic Gladiator (classe inicial), Dark Lord (classe inicial), Summoner (classe inicial), Rage Fighter (classe inicial). Ocupa 1x1 espaço(s) no inventário e pode participar das tabelas de drop.","Somente cosmético ou progressão controlada","Recomendado","Equipamento deve circular prioritariamente entre jogadores; venda direta exige limites de nível e opções."
"6682","13-26","Pendant of Wind","Joias, consumíveis e itens diversos","Acessório","Dark Wizard (classe inicial); Dark Knight (classe inicial); Fairy Elf (classe inicial); Magic Gladiator (classe inicial); Dark Lord (classe inicial); Summoner (classe inicial); Rage Fighter (classe inicial)","42","durabilidade 50","sem requisito numérico registrado","Pendant of Wind é um item da família acessório, catalogado em Joias, consumíveis e itens diversos. A configuração atual registra durabilidade 50. Requisitos: sem requisito numérico registrado. Uso permitido: Dark Wizard (classe inicial), Dark Knight (classe inicial), Fairy Elf (classe inicial), Magic Gladiator (classe inicial), Dark Lord (classe inicial), Summoner (classe inicial), Rage Fighter (classe inicial). Ocupa 1x1 espaço(s) no inventário e pode participar das tabelas de drop.","Somente cosmético ou progressão controlada","Recomendado","Equipamento deve circular prioritariamente entre jogadores; venda direta exige limites de nível e opções."
"6683","13-27","Pendant of Water","Joias, consumíveis e itens diversos","Acessório","Dark Wizard (classe inicial); Dark Knight (classe inicial); Fairy Elf (classe inicial); Magic Gladiator (classe inicial); Dark Lord (classe inicial); Summoner (classe inicial); Rage Fighter (classe inicial)","46","durabilidade 50","sem requisito numérico registrado","Pendant of Water é um item da família acessório, catalogado em Joias, consumíveis e itens diversos. A configuração atual registra durabilidade 50. Requisitos: sem requisito numérico registrado. Uso permitido: Dark Wizard (classe inicial), Dark Knight (classe inicial), Fairy Elf (classe inicial), Magic Gladiator (classe inicial), Dark Lord (classe inicial), Summoner (classe inicial), Rage Fighter (classe inicial). Ocupa 1x1 espaço(s) no inventário e pode participar das tabelas de drop.","Somente cosmético ou progressão controlada","Recomendado","Equipamento deve circular prioritariamente entre jogadores; venda direta exige limites de nível e opções."
"6684","13-28","Pendant of Ability","Joias, consumíveis e itens diversos","Acessório","Dark Wizard (classe inicial); Dark Knight (classe inicial); Fairy Elf (classe inicial); Magic Gladiator (classe inicial); Dark Lord (classe inicial); Summoner (classe inicial); Rage Fighter (classe inicial)","50","durabilidade 50","sem requisito numérico registrado","Pendant of Ability é um item da família acessório, catalogado em Joias, consumíveis e itens diversos. A configuração atual registra durabilidade 50. Requisitos: sem requisito numérico registrado. Uso permitido: Dark Wizard (classe inicial), Dark Knight (classe inicial), Fairy Elf (classe inicial), Magic Gladiator (classe inicial), Dark Lord (classe inicial), Summoner (classe inicial), Rage Fighter (classe inicial). Ocupa 1x1 espaço(s) no inventário e pode participar das tabelas de drop.","Somente cosmético ou progressão controlada","Recomendado","Equipamento deve circular prioritariamente entre jogadores; venda direta exige limites de nível e opções."
"6685","13-29","Armor of Guardsman","Joias, consumíveis e itens diversos","Item diverso","Dark Wizard (classe inicial); Dark Knight (classe inicial); Fairy Elf (classe inicial); Magic Gladiator (classe inicial); Dark Lord (classe inicial); Summoner (classe inicial); Rage Fighter (classe inicial)","0","atributos específicos de item diverso não registrados na exportação","sem requisito numérico registrado","Armor of Guardsman é um item da família item diverso, catalogado em Joias, consumíveis e itens diversos. A configuração atual registra atributos específicos de item diverso não registrados na exportação. Requisitos: sem requisito numérico registrado. Uso permitido: Dark Wizard (classe inicial), Dark Knight (classe inicial), Fairy Elf (classe inicial), Magic Gladiator (classe inicial), Dark Lord (classe inicial), Summoner (classe inicial), Rage Fighter (classe inicial). Ocupa 2x2 espaço(s) no inventário e pode participar das tabelas de drop.","Revisão manual","Conforme flag de trade do servidor","A função comercial não pode ser confirmada apenas pela tabela de itens."
"6686","13-30","Cape of Lord","Joias, consumíveis e itens diversos","Asa ou capa","Dark Lord (classe inicial)","180","durabilidade 200","sem requisito numérico registrado","Cape of Lord é um item da família asa ou capa, catalogado em Joias, consumíveis e itens diversos. A configuração atual registra durabilidade 200. Requisitos: sem requisito numérico registrado. Uso permitido: Dark Lord (classe inicial). Ocupa 2x3 espaço(s) no inventário e pode participar das tabelas de drop.","Somente cosmético ou progressão controlada","Recomendado","Equipamento deve circular prioritariamente entre jogadores; venda direta exige limites de nível e opções."
"6687","13-31","Spirit","Joias, consumíveis e itens diversos","Item diverso","Dark Lord (classe inicial)","0","atributos específicos de item diverso não registrados na exportação","sem requisito numérico registrado","Spirit é um item da família item diverso, catalogado em Joias, consumíveis e itens diversos. A configuração atual registra atributos específicos de item diverso não registrados na exportação. Requisitos: sem requisito numérico registrado. Uso permitido: Dark Lord (classe inicial). Ocupa 1x1 espaço(s) no inventário e pode participar das tabelas de drop.","Revisão manual","Conforme flag de trade do servidor","A função comercial não pode ser confirmada apenas pela tabela de itens."
"6688","13-32","Splinter of Armor","Joias, consumíveis e itens diversos","Joia ou material","Dark Wizard (classe inicial); Dark Knight (classe inicial); Fairy Elf (classe inicial); Magic Gladiator (classe inicial); Dark Lord (classe inicial); Summoner (classe inicial); Rage Fighter (classe inicial)","0","durabilidade 1","sem requisito numérico registrado","Splinter of Armor é um item da família joia ou material, catalogado em Joias, consumíveis e itens diversos. A configuração atual registra durabilidade 1. Requisitos: sem requisito numérico registrado. Uso permitido: Dark Wizard (classe inicial), Dark Knight (classe inicial), Fairy Elf (classe inicial), Magic Gladiator (classe inicial), Dark Lord (classe inicial), Summoner (classe inicial), Rage Fighter (classe inicial). Ocupa 1x1 espaço(s) no inventário e pode participar das tabelas de drop.","Pacotes limitados","Recomendado","Material econômico de alta liquidez; precisa de limite, preço dinâmico e proteção contra inflação."
"6689","13-33","Bless of Guardian","Joias, consumíveis e itens diversos","Joia ou material","Dark Wizard (classe inicial); Dark Knight (classe inicial); Fairy Elf (classe inicial); Magic Gladiator (classe inicial); Dark Lord (classe inicial); Summoner (classe inicial); Rage Fighter (classe inicial)","0","durabilidade 1","sem requisito numérico registrado","Bless of Guardian é um item da família joia ou material, catalogado em Joias, consumíveis e itens diversos. A configuração atual registra durabilidade 1. Requisitos: sem requisito numérico registrado. Uso permitido: Dark Wizard (classe inicial), Dark Knight (classe inicial), Fairy Elf (classe inicial), Magic Gladiator (classe inicial), Dark Lord (classe inicial), Summoner (classe inicial), Rage Fighter (classe inicial). Ocupa 1x1 espaço(s) no inventário e pode participar das tabelas de drop.","Pacotes limitados","Recomendado","Material econômico de alta liquidez; precisa de limite, preço dinâmico e proteção contra inflação."
"6690","13-34","Claw of Beast","Joias, consumíveis e itens diversos","Joia ou material","Dark Wizard (classe inicial); Dark Knight (classe inicial); Fairy Elf (classe inicial); Magic Gladiator (classe inicial); Dark Lord (classe inicial); Summoner (classe inicial); Rage Fighter (classe inicial)","0","durabilidade 1","sem requisito numérico registrado","Claw of Beast é um item da família joia ou material, catalogado em Joias, consumíveis e itens diversos. A configuração atual registra durabilidade 1. Requisitos: sem requisito numérico registrado. Uso permitido: Dark Wizard (classe inicial), Dark Knight (classe inicial), Fairy Elf (classe inicial), Magic Gladiator (classe inicial), Dark Lord (classe inicial), Summoner (classe inicial), Rage Fighter (classe inicial). Ocupa 1x1 espaço(s) no inventário e pode participar das tabelas de drop.","Pacotes limitados","Recomendado","Material econômico de alta liquidez; precisa de limite, preço dinâmico e proteção contra inflação."
"6691","13-35","Fragment of Horn","Joias, consumíveis e itens diversos","Joia ou material","Dark Wizard (classe inicial); Dark Knight (classe inicial); Fairy Elf (classe inicial); Magic Gladiator (classe inicial); Dark Lord (classe inicial); Summoner (classe inicial); Rage Fighter (classe inicial)","0","durabilidade 1","sem requisito numérico registrado","Fragment of Horn é um item da família joia ou material, catalogado em Joias, consumíveis e itens diversos. A configuração atual registra durabilidade 1. Requisitos: sem requisito numérico registrado. Uso permitido: Dark Wizard (classe inicial), Dark Knight (classe inicial), Fairy Elf (classe inicial), Magic Gladiator (classe inicial), Dark Lord (classe inicial), Summoner (classe inicial), Rage Fighter (classe inicial). Ocupa 1x1 espaço(s) no inventário e pode participar das tabelas de drop.","Pacotes limitados","Recomendado","Material econômico de alta liquidez; precisa de limite, preço dinâmico e proteção contra inflação."
"6692","13-36","Broken Horn","Joias, consumíveis e itens diversos","Joia ou material","Dark Wizard (classe inicial); Dark Knight (classe inicial); Fairy Elf (classe inicial); Magic Gladiator (classe inicial); Dark Lord (classe inicial); Summoner (classe inicial); Rage Fighter (classe inicial)","0","durabilidade 1","sem requisito numérico registrado","Broken Horn é um item da família joia ou material, catalogado em Joias, consumíveis e itens diversos. A configuração atual registra durabilidade 1. Requisitos: sem requisito numérico registrado. Uso permitido: Dark Wizard (classe inicial), Dark Knight (classe inicial), Fairy Elf (classe inicial), Magic Gladiator (classe inicial), Dark Lord (classe inicial), Summoner (classe inicial), Rage Fighter (classe inicial). Ocupa 2x2 espaço(s) no inventário e pode participar das tabelas de drop.","Pacotes limitados","Recomendado","Material econômico de alta liquidez; precisa de limite, preço dinâmico e proteção contra inflação."
"6693","13-37","Horn of Fenrir","Joias, consumíveis e itens diversos","Pet ou montaria","Dark Wizard (segunda classe); Dark Knight (segunda classe); Fairy Elf (segunda classe); Magic Gladiator (classe inicial); Dark Lord (classe inicial); Summoner (segunda classe); Rage Fighter (classe inicial)","300","durabilidade 255","sem requisito numérico registrado","Horn of Fenrir é um item da família pet ou montaria, catalogado em Joias, consumíveis e itens diversos. A configuração atual registra durabilidade 255. Requisitos: sem requisito numérico registrado. Uso permitido: Dark Wizard (segunda classe), Dark Knight (segunda classe), Fairy Elf (segunda classe), Magic Gladiator (classe inicial), Dark Lord (classe inicial), Summoner (segunda classe), Rage Fighter (classe inicial). Ocupa 2x2 espaço(s) no inventário e pode participar das tabelas de drop.","Venda controlada","Permitido se negociável no servidor","Pet ou montaria pode ser cosmético ou conceder bônus; duração, atributos e limite por conta precisam ser explícitos."
"6694","13-38","Moonstone Pendant","Joias, consumíveis e itens diversos","Joia ou material","Dark Wizard (classe inicial); Dark Knight (classe inicial); Fairy Elf (classe inicial); Magic Gladiator (classe inicial); Dark Lord (classe inicial); Summoner (classe inicial); Rage Fighter (classe inicial)","21","durabilidade 120","sem requisito numérico registrado","Moonstone Pendant é um item da família joia ou material, catalogado em Joias, consumíveis e itens diversos. A configuração atual registra durabilidade 120. Requisitos: sem requisito numérico registrado. Uso permitido: Dark Wizard (classe inicial), Dark Knight (classe inicial), Fairy Elf (classe inicial), Magic Gladiator (classe inicial), Dark Lord (classe inicial), Summoner (classe inicial), Rage Fighter (classe inicial). Ocupa 1x1 espaço(s) no inventário e pode participar das tabelas de drop.","Pacotes limitados","Recomendado","Material econômico de alta liquidez; precisa de limite, preço dinâmico e proteção contra inflação."
"6695","13-39","Eilte Transfer Skeleton Ring","Joias, consumíveis e itens diversos","Pet ou montaria","Dark Wizard (classe inicial); Dark Knight (classe inicial); Fairy Elf (classe inicial); Magic Gladiator (classe inicial); Dark Lord (classe inicial); Summoner (classe inicial); Rage Fighter (classe inicial)","10","durabilidade 255","sem requisito numérico registrado","Eilte Transfer Skeleton Ring é um item da família pet ou montaria, catalogado em Joias, consumíveis e itens diversos. A configuração atual registra durabilidade 255. Requisitos: sem requisito numérico registrado. Uso permitido: Dark Wizard (classe inicial), Dark Knight (classe inicial), Fairy Elf (classe inicial), Magic Gladiator (classe inicial), Dark Lord (classe inicial), Summoner (classe inicial), Rage Fighter (classe inicial). Ocupa 1x1 espaço(s) no inventário e pode participar das tabelas de drop.","Venda controlada","Permitido se negociável no servidor","Pet ou montaria pode ser cosmético ou conceder bônus; duração, atributos e limite por conta precisam ser explícitos."
"6696","13-40","Jack Olantern Ring","Joias, consumíveis e itens diversos","Acessório","Dark Wizard (classe inicial); Dark Knight (classe inicial); Fairy Elf (classe inicial); Magic Gladiator (classe inicial); Dark Lord (classe inicial); Summoner (classe inicial); Rage Fighter (classe inicial)","10","durabilidade 100","sem requisito numérico registrado","Jack Olantern Ring é um item da família acessório, catalogado em Joias, consumíveis e itens diversos. A configuração atual registra durabilidade 100. Requisitos: sem requisito numérico registrado. Uso permitido: Dark Wizard (classe inicial), Dark Knight (classe inicial), Fairy Elf (classe inicial), Magic Gladiator (classe inicial), Dark Lord (classe inicial), Summoner (classe inicial), Rage Fighter (classe inicial). Ocupa 1x1 espaço(s) no inventário e pode participar das tabelas de drop.","Somente cosmético ou progressão controlada","Recomendado","Equipamento deve circular prioritariamente entre jogadores; venda direta exige limites de nível e opções."
"6697","13-41","Transfer Christmas Ring","Joias, consumíveis e itens diversos","Acessório","Dark Wizard (classe inicial); Dark Knight (classe inicial); Fairy Elf (classe inicial); Magic Gladiator (classe inicial); Dark Lord (classe inicial); Summoner (classe inicial); Rage Fighter (classe inicial)","1","durabilidade 100","sem requisito numérico registrado","Transfer Christmas Ring é um item da família acessório, catalogado em Joias, consumíveis e itens diversos. A configuração atual registra durabilidade 100. Requisitos: sem requisito numérico registrado. Uso permitido: Dark Wizard (classe inicial), Dark Knight (classe inicial), Fairy Elf (classe inicial), Magic Gladiator (classe inicial), Dark Lord (classe inicial), Summoner (classe inicial), Rage Fighter (classe inicial). Ocupa 1x1 espaço(s) no inventário e pode participar das tabelas de drop.","Somente cosmético ou progressão controlada","Recomendado","Equipamento deve circular prioritariamente entre jogadores; venda direta exige limites de nível e opções."
"6698","13-42","Ring of GM","Joias, consumíveis e itens diversos","Acessório","Dark Wizard (classe inicial); Dark Knight (classe inicial); Fairy Elf (classe inicial); Magic Gladiator (classe inicial); Dark Lord (classe inicial); Summoner (classe inicial); Rage Fighter (classe inicial)","0","durabilidade 255","sem requisito numérico registrado","Ring of GM é um item da família acessório, catalogado em Joias, consumíveis e itens diversos. A configuração atual registra durabilidade 255. Requisitos: sem requisito numérico registrado. Uso permitido: Dark Wizard (classe inicial), Dark Knight (classe inicial), Fairy Elf (classe inicial), Magic Gladiator (classe inicial), Dark Lord (classe inicial), Summoner (classe inicial), Rage Fighter (classe inicial). Ocupa 1x1 espaço(s) no inventário e pode participar das tabelas de drop.","Somente cosmético ou progressão controlada","Recomendado","Equipamento deve circular prioritariamente entre jogadores; venda direta exige limites de nível e opções."
"6699","13-43","Seal of Ascension","Joias, consumíveis e itens diversos","Buff temporário","Dark Wizard (classe inicial); Dark Knight (classe inicial); Fairy Elf (classe inicial); Magic Gladiator (classe inicial); Dark Lord (classe inicial); Summoner (classe inicial); Rage Fighter (classe inicial)","0","atributos específicos de buff temporário não registrados na exportação","sem requisito numérico registrado","Seal of Ascension é um item da família buff temporário, catalogado em Joias, consumíveis e itens diversos. A configuração atual registra atributos específicos de buff temporário não registrados na exportação. Requisitos: sem requisito numérico registrado. Uso permitido: Dark Wizard (classe inicial), Dark Knight (classe inicial), Fairy Elf (classe inicial), Magic Gladiator (classe inicial), Dark Lord (classe inicial), Summoner (classe inicial), Rage Fighter (classe inicial). Ocupa 1x1 espaço(s) no inventário e pode participar das tabelas de drop.","Recomendado","Bloqueado ou limitado","Produto de conveniência apropriado para monetização oficial e controle de duração."
"6700","13-44","Seal of Wealth","Joias, consumíveis e itens diversos","Buff temporário","Dark Wizard (classe inicial); Dark Knight (classe inicial); Fairy Elf (classe inicial); Magic Gladiator (classe inicial); Dark Lord (classe inicial); Summoner (classe inicial); Rage Fighter (classe inicial)","0","atributos específicos de buff temporário não registrados na exportação","sem requisito numérico registrado","Seal of Wealth é um item da família buff temporário, catalogado em Joias, consumíveis e itens diversos. A configuração atual registra atributos específicos de buff temporário não registrados na exportação. Requisitos: sem requisito numérico registrado. Uso permitido: Dark Wizard (classe inicial), Dark Knight (classe inicial), Fairy Elf (classe inicial), Magic Gladiator (classe inicial), Dark Lord (classe inicial), Summoner (classe inicial), Rage Fighter (classe inicial). Ocupa 1x1 espaço(s) no inventário e pode participar das tabelas de drop.","Recomendado","Bloqueado ou limitado","Produto de conveniência apropriado para monetização oficial e controle de duração."
"6701","13-45","Seal of Sustenance","Joias, consumíveis e itens diversos","Buff temporário","Dark Wizard (classe inicial); Dark Knight (classe inicial); Fairy Elf (classe inicial); Magic Gladiator (classe inicial); Dark Lord (classe inicial); Summoner (classe inicial); Rage Fighter (classe inicial)","0","atributos específicos de buff temporário não registrados na exportação","sem requisito numérico registrado","Seal of Sustenance é um item da família buff temporário, catalogado em Joias, consumíveis e itens diversos. A configuração atual registra atributos específicos de buff temporário não registrados na exportação. Requisitos: sem requisito numérico registrado. Uso permitido: Dark Wizard (classe inicial), Dark Knight (classe inicial), Fairy Elf (classe inicial), Magic Gladiator (classe inicial), Dark Lord (classe inicial), Summoner (classe inicial), Rage Fighter (classe inicial). Ocupa 1x1 espaço(s) no inventário e pode participar das tabelas de drop.","Recomendado","Bloqueado ou limitado","Produto de conveniência apropriado para monetização oficial e controle de duração."
"6702","13-46","Devil Square Ticket","Joias, consumíveis e itens diversos","Entrada de evento","Dark Wizard (classe inicial); Dark Knight (classe inicial); Fairy Elf (classe inicial); Magic Gladiator (classe inicial); Dark Lord (classe inicial); Summoner (classe inicial); Rage Fighter (classe inicial)","0","durabilidade 10","sem requisito numérico registrado","Devil Square Ticket é um item da família entrada de evento, catalogado em Joias, consumíveis e itens diversos. A configuração atual registra durabilidade 10. Requisitos: sem requisito numérico registrado. Uso permitido: Dark Wizard (classe inicial), Dark Knight (classe inicial), Fairy Elf (classe inicial), Magic Gladiator (classe inicial), Dark Lord (classe inicial), Summoner (classe inicial), Rage Fighter (classe inicial). Ocupa 1x1 espaço(s) no inventário e pode participar das tabelas de drop.","Venda limitada","Permitido se negociável no servidor","Entrada ou material de evento; convém limitar quantidade e período."
"6703","13-47","Blood Castle Ticket","Joias, consumíveis e itens diversos","Entrada de evento","Dark Wizard (classe inicial); Dark Knight (classe inicial); Fairy Elf (classe inicial); Magic Gladiator (classe inicial); Dark Lord (classe inicial); Summoner (classe inicial); Rage Fighter (classe inicial)","0","durabilidade 10","sem requisito numérico registrado","Blood Castle Ticket é um item da família entrada de evento, catalogado em Joias, consumíveis e itens diversos. A configuração atual registra durabilidade 10. Requisitos: sem requisito numérico registrado. Uso permitido: Dark Wizard (classe inicial), Dark Knight (classe inicial), Fairy Elf (classe inicial), Magic Gladiator (classe inicial), Dark Lord (classe inicial), Summoner (classe inicial), Rage Fighter (classe inicial). Ocupa 1x1 espaço(s) no inventário e pode participar das tabelas de drop.","Venda limitada","Permitido se negociável no servidor","Entrada ou material de evento; convém limitar quantidade e período."
"6704","13-48","Kalima Ticket","Joias, consumíveis e itens diversos","Entrada de evento","Dark Wizard (classe inicial); Dark Knight (classe inicial); Fairy Elf (classe inicial); Magic Gladiator (classe inicial); Dark Lord (classe inicial); Summoner (classe inicial); Rage Fighter (classe inicial)","0","durabilidade 10","sem requisito numérico registrado","Kalima Ticket é um item da família entrada de evento, catalogado em Joias, consumíveis e itens diversos. A configuração atual registra durabilidade 10. Requisitos: sem requisito numérico registrado. Uso permitido: Dark Wizard (classe inicial), Dark Knight (classe inicial), Fairy Elf (classe inicial), Magic Gladiator (classe inicial), Dark Lord (classe inicial), Summoner (classe inicial), Rage Fighter (classe inicial). Ocupa 1x1 espaço(s) no inventário e pode participar das tabelas de drop.","Venda limitada","Permitido se negociável no servidor","Entrada ou material de evento; convém limitar quantidade e período."
"6705","13-49","Old Scroll","Joias, consumíveis e itens diversos","Skill","Dark Wizard (classe inicial); Dark Knight (classe inicial); Fairy Elf (classe inicial); Magic Gladiator (classe inicial); Dark Lord (classe inicial); Summoner (classe inicial); Rage Fighter (classe inicial)","0","atributos específicos de skill não registrados na exportação","sem requisito numérico registrado","Old Scroll é um item da família skill, catalogado em Joias, consumíveis e itens diversos. A configuração atual registra atributos específicos de skill não registrados na exportação. Requisitos: sem requisito numérico registrado. Uso permitido: Dark Wizard (classe inicial), Dark Knight (classe inicial), Fairy Elf (classe inicial), Magic Gladiator (classe inicial), Dark Lord (classe inicial), Summoner (classe inicial), Rage Fighter (classe inicial). Ocupa 1x1 espaço(s) no inventário e pode participar das tabelas de drop.","Revisão manual","Conforme flag de trade do servidor","A função comercial não pode ser confirmada apenas pela tabela de itens."
"6706","13-50","Illusion Sorcerer Covenant","Joias, consumíveis e itens diversos","Item diverso","Dark Wizard (classe inicial); Dark Knight (classe inicial); Fairy Elf (classe inicial); Magic Gladiator (classe inicial); Dark Lord (classe inicial); Summoner (classe inicial); Rage Fighter (classe inicial)","0","atributos específicos de item diverso não registrados na exportação","sem requisito numérico registrado","Illusion Sorcerer Covenant é um item da família item diverso, catalogado em Joias, consumíveis e itens diversos. A configuração atual registra atributos específicos de item diverso não registrados na exportação. Requisitos: sem requisito numérico registrado. Uso permitido: Dark Wizard (classe inicial), Dark Knight (classe inicial), Fairy Elf (classe inicial), Magic Gladiator (classe inicial), Dark Lord (classe inicial), Summoner (classe inicial), Rage Fighter (classe inicial). Ocupa 1x2 espaço(s) no inventário e pode participar das tabelas de drop.","Revisão manual","Conforme flag de trade do servidor","A função comercial não pode ser confirmada apenas pela tabela de itens."
"6707","13-51","Scroll of Blood","Joias, consumíveis e itens diversos","Buff temporário","Dark Wizard (classe inicial); Dark Knight (classe inicial); Fairy Elf (classe inicial); Magic Gladiator (classe inicial); Dark Lord (classe inicial); Summoner (classe inicial); Rage Fighter (classe inicial)","0","durabilidade 1","sem requisito numérico registrado","Scroll of Blood é um item da família buff temporário, catalogado em Joias, consumíveis e itens diversos. A configuração atual registra durabilidade 1. Requisitos: sem requisito numérico registrado. Uso permitido: Dark Wizard (classe inicial), Dark Knight (classe inicial), Fairy Elf (classe inicial), Magic Gladiator (classe inicial), Dark Lord (classe inicial), Summoner (classe inicial), Rage Fighter (classe inicial). Ocupa 2x2 espaço(s) no inventário e pode participar das tabelas de drop.","Recomendado","Permitido se negociável no servidor","Consumível recorrente adequado para loja, desde que não torne a progressão obrigatoriamente paga."
"6708","13-52","Condor Flame","Joias, consumíveis e itens diversos","Joia ou material","Dark Wizard (classe inicial); Dark Knight (classe inicial); Fairy Elf (classe inicial); Magic Gladiator (classe inicial); Dark Lord (classe inicial); Summoner (classe inicial); Rage Fighter (classe inicial)","0","atributos específicos de joia ou material não registrados na exportação","sem requisito numérico registrado","Condor Flame é um item da família joia ou material, catalogado em Joias, consumíveis e itens diversos. A configuração atual registra atributos específicos de joia ou material não registrados na exportação. Requisitos: sem requisito numérico registrado. Uso permitido: Dark Wizard (classe inicial), Dark Knight (classe inicial), Fairy Elf (classe inicial), Magic Gladiator (classe inicial), Dark Lord (classe inicial), Summoner (classe inicial), Rage Fighter (classe inicial). Ocupa 1x2 espaço(s) no inventário e pode participar das tabelas de drop.","Pacotes limitados","Recomendado","Material econômico de alta liquidez; precisa de limite, preço dinâmico e proteção contra inflação."
"6709","13-53","Condor Feather","Joias, consumíveis e itens diversos","Joia ou material","Dark Wizard (classe inicial); Dark Knight (classe inicial); Fairy Elf (classe inicial); Magic Gladiator (classe inicial); Dark Lord (classe inicial); Summoner (classe inicial); Rage Fighter (classe inicial)","0","atributos específicos de joia ou material não registrados na exportação","sem requisito numérico registrado","Condor Feather é um item da família joia ou material, catalogado em Joias, consumíveis e itens diversos. A configuração atual registra atributos específicos de joia ou material não registrados na exportação. Requisitos: sem requisito numérico registrado. Uso permitido: Dark Wizard (classe inicial), Dark Knight (classe inicial), Fairy Elf (classe inicial), Magic Gladiator (classe inicial), Dark Lord (classe inicial), Summoner (classe inicial), Rage Fighter (classe inicial). Ocupa 1x2 espaço(s) no inventário e pode participar das tabelas de drop.","Pacotes limitados","Recomendado","Material econômico de alta liquidez; precisa de limite, preço dinâmico e proteção contra inflação."
"6710","13-54","Reset Fruit Strength","Joias, consumíveis e itens diversos","Item diverso","Dark Wizard (classe inicial); Dark Knight (classe inicial); Fairy Elf (classe inicial); Magic Gladiator (classe inicial); Dark Lord (classe inicial); Summoner (classe inicial); Rage Fighter (classe inicial)","0","durabilidade 100","sem requisito numérico registrado","Reset Fruit Strength é um item da família item diverso, catalogado em Joias, consumíveis e itens diversos. A configuração atual registra durabilidade 100. Requisitos: sem requisito numérico registrado. Uso permitido: Dark Wizard (classe inicial), Dark Knight (classe inicial), Fairy Elf (classe inicial), Magic Gladiator (classe inicial), Dark Lord (classe inicial), Summoner (classe inicial), Rage Fighter (classe inicial). Ocupa 1x1 espaço(s) no inventário e pode participar das tabelas de drop.","Recomendado","Bloqueado ou limitado","Produto de conveniência apropriado para monetização oficial e controle de duração."
"6711","13-55","Reset Fruit Quickness","Joias, consumíveis e itens diversos","Item diverso","Dark Wizard (classe inicial); Dark Knight (classe inicial); Fairy Elf (classe inicial); Magic Gladiator (classe inicial); Dark Lord (classe inicial); Summoner (classe inicial); Rage Fighter (classe inicial)","0","durabilidade 100","sem requisito numérico registrado","Reset Fruit Quickness é um item da família item diverso, catalogado em Joias, consumíveis e itens diversos. A configuração atual registra durabilidade 100. Requisitos: sem requisito numérico registrado. Uso permitido: Dark Wizard (classe inicial), Dark Knight (classe inicial), Fairy Elf (classe inicial), Magic Gladiator (classe inicial), Dark Lord (classe inicial), Summoner (classe inicial), Rage Fighter (classe inicial). Ocupa 1x1 espaço(s) no inventário e pode participar das tabelas de drop.","Recomendado","Bloqueado ou limitado","Produto de conveniência apropriado para monetização oficial e controle de duração."
"6712","13-56","Reset Fruit Health","Joias, consumíveis e itens diversos","Item diverso","Dark Wizard (classe inicial); Dark Knight (classe inicial); Fairy Elf (classe inicial); Magic Gladiator (classe inicial); Dark Lord (classe inicial); Summoner (classe inicial); Rage Fighter (classe inicial)","0","durabilidade 100","sem requisito numérico registrado","Reset Fruit Health é um item da família item diverso, catalogado em Joias, consumíveis e itens diversos. A configuração atual registra durabilidade 100. Requisitos: sem requisito numérico registrado. Uso permitido: Dark Wizard (classe inicial), Dark Knight (classe inicial), Fairy Elf (classe inicial), Magic Gladiator (classe inicial), Dark Lord (classe inicial), Summoner (classe inicial), Rage Fighter (classe inicial). Ocupa 1x1 espaço(s) no inventário e pode participar das tabelas de drop.","Recomendado","Bloqueado ou limitado","Produto de conveniência apropriado para monetização oficial e controle de duração."
"6713","13-57","Reset Fruit Energy","Joias, consumíveis e itens diversos","Item diverso","Dark Wizard (classe inicial); Dark Knight (classe inicial); Fairy Elf (classe inicial); Magic Gladiator (classe inicial); Dark Lord (classe inicial); Summoner (classe inicial); Rage Fighter (classe inicial)","0","durabilidade 100","sem requisito numérico registrado","Reset Fruit Energy é um item da família item diverso, catalogado em Joias, consumíveis e itens diversos. A configuração atual registra durabilidade 100. Requisitos: sem requisito numérico registrado. Uso permitido: Dark Wizard (classe inicial), Dark Knight (classe inicial), Fairy Elf (classe inicial), Magic Gladiator (classe inicial), Dark Lord (classe inicial), Summoner (classe inicial), Rage Fighter (classe inicial). Ocupa 1x1 espaço(s) no inventário e pode participar das tabelas de drop.","Recomendado","Bloqueado ou limitado","Produto de conveniência apropriado para monetização oficial e controle de duração."
"6714","13-58","Reset Fruit Control","Joias, consumíveis e itens diversos","Item diverso","Dark Wizard (classe inicial); Dark Knight (classe inicial); Fairy Elf (classe inicial); Magic Gladiator (classe inicial); Dark Lord (classe inicial); Summoner (classe inicial); Rage Fighter (classe inicial)","0","durabilidade 100","sem requisito numérico registrado","Reset Fruit Control é um item da família item diverso, catalogado em Joias, consumíveis e itens diversos. A configuração atual registra durabilidade 100. Requisitos: sem requisito numérico registrado. Uso permitido: Dark Wizard (classe inicial), Dark Knight (classe inicial), Fairy Elf (classe inicial), Magic Gladiator (classe inicial), Dark Lord (classe inicial), Summoner (classe inicial), Rage Fighter (classe inicial). Ocupa 1x1 espaço(s) no inventário e pode participar das tabelas de drop.","Recomendado","Bloqueado ou limitado","Produto de conveniência apropriado para monetização oficial e controle de duração."
"6715","13-59","Seal of Mobility","Joias, consumíveis e itens diversos","Buff temporário","Dark Wizard (classe inicial); Dark Knight (classe inicial); Fairy Elf (classe inicial); Magic Gladiator (classe inicial); Dark Lord (classe inicial); Summoner (classe inicial); Rage Fighter (classe inicial)","0","atributos específicos de buff temporário não registrados na exportação","sem requisito numérico registrado","Seal of Mobility é um item da família buff temporário, catalogado em Joias, consumíveis e itens diversos. A configuração atual registra atributos específicos de buff temporário não registrados na exportação. Requisitos: sem requisito numérico registrado. Uso permitido: Dark Wizard (classe inicial), Dark Knight (classe inicial), Fairy Elf (classe inicial), Magic Gladiator (classe inicial), Dark Lord (classe inicial), Summoner (classe inicial), Rage Fighter (classe inicial). Ocupa 1x1 espaço(s) no inventário e pode participar das tabelas de drop.","Recomendado","Bloqueado ou limitado","Produto de conveniência apropriado para monetização oficial e controle de duração."
"6716","13-60","Indulgence","Joias, consumíveis e itens diversos","Item diverso","Dark Wizard (classe inicial); Dark Knight (classe inicial); Fairy Elf (classe inicial); Magic Gladiator (classe inicial); Dark Lord (classe inicial); Summoner (classe inicial); Rage Fighter (classe inicial)","0","atributos específicos de item diverso não registrados na exportação","sem requisito numérico registrado","Indulgence é um item da família item diverso, catalogado em Joias, consumíveis e itens diversos. A configuração atual registra atributos específicos de item diverso não registrados na exportação. Requisitos: sem requisito numérico registrado. Uso permitido: Dark Wizard (classe inicial), Dark Knight (classe inicial), Fairy Elf (classe inicial), Magic Gladiator (classe inicial), Dark Lord (classe inicial), Summoner (classe inicial), Rage Fighter (classe inicial). Ocupa 1x2 espaço(s) no inventário e pode participar das tabelas de drop.","Revisão manual","Conforme flag de trade do servidor","A função comercial não pode ser confirmada apenas pela tabela de itens."
"6717","13-61","Illusion Temple Ticket","Joias, consumíveis e itens diversos","Entrada de evento","Dark Wizard (classe inicial); Dark Knight (classe inicial); Fairy Elf (classe inicial); Magic Gladiator (classe inicial); Dark Lord (classe inicial); Summoner (classe inicial); Rage Fighter (classe inicial)","0","durabilidade 10","sem requisito numérico registrado","Illusion Temple Ticket é um item da família entrada de evento, catalogado em Joias, consumíveis e itens diversos. A configuração atual registra durabilidade 10. Requisitos: sem requisito numérico registrado. Uso permitido: Dark Wizard (classe inicial), Dark Knight (classe inicial), Fairy Elf (classe inicial), Magic Gladiator (classe inicial), Dark Lord (classe inicial), Summoner (classe inicial), Rage Fighter (classe inicial). Ocupa 1x1 espaço(s) no inventário e pode participar das tabelas de drop.","Venda limitada","Permitido se negociável no servidor","Entrada ou material de evento; convém limitar quantidade e período."
"6718","13-62","Seal of Healing","Joias, consumíveis e itens diversos","Buff temporário","Dark Wizard (classe inicial); Dark Knight (classe inicial); Fairy Elf (classe inicial); Magic Gladiator (classe inicial); Dark Lord (classe inicial); Summoner (classe inicial); Rage Fighter (classe inicial)","0","atributos específicos de buff temporário não registrados na exportação","sem requisito numérico registrado","Seal of Healing é um item da família buff temporário, catalogado em Joias, consumíveis e itens diversos. A configuração atual registra atributos específicos de buff temporário não registrados na exportação. Requisitos: sem requisito numérico registrado. Uso permitido: Dark Wizard (classe inicial), Dark Knight (classe inicial), Fairy Elf (classe inicial), Magic Gladiator (classe inicial), Dark Lord (classe inicial), Summoner (classe inicial), Rage Fighter (classe inicial). Ocupa 1x1 espaço(s) no inventário e pode participar das tabelas de drop.","Recomendado","Bloqueado ou limitado","Produto de conveniência apropriado para monetização oficial e controle de duração."
"6719","13-63","Seal of Divinity","Joias, consumíveis e itens diversos","Buff temporário","Dark Wizard (classe inicial); Dark Knight (classe inicial); Fairy Elf (classe inicial); Magic Gladiator (classe inicial); Dark Lord (classe inicial); Summoner (classe inicial); Rage Fighter (classe inicial)","0","atributos específicos de buff temporário não registrados na exportação","sem requisito numérico registrado","Seal of Divinity é um item da família buff temporário, catalogado em Joias, consumíveis e itens diversos. A configuração atual registra atributos específicos de buff temporário não registrados na exportação. Requisitos: sem requisito numérico registrado. Uso permitido: Dark Wizard (classe inicial), Dark Knight (classe inicial), Fairy Elf (classe inicial), Magic Gladiator (classe inicial), Dark Lord (classe inicial), Summoner (classe inicial), Rage Fighter (classe inicial). Ocupa 1x1 espaço(s) no inventário e pode participar das tabelas de drop.","Recomendado","Bloqueado ou limitado","Produto de conveniência apropriado para monetização oficial e controle de duração."
"6720","13-64","Demon","Joias, consumíveis e itens diversos","Pet ou montaria","Dark Wizard (classe inicial); Dark Knight (classe inicial); Fairy Elf (classe inicial); Magic Gladiator (classe inicial); Dark Lord (classe inicial); Summoner (classe inicial); Rage Fighter (classe inicial)","1","durabilidade 255","sem requisito numérico registrado","Demon é um item da família pet ou montaria, catalogado em Joias, consumíveis e itens diversos. A configuração atual registra durabilidade 255. Requisitos: sem requisito numérico registrado. Uso permitido: Dark Wizard (classe inicial), Dark Knight (classe inicial), Fairy Elf (classe inicial), Magic Gladiator (classe inicial), Dark Lord (classe inicial), Summoner (classe inicial), Rage Fighter (classe inicial). Ocupa 1x1 espaço(s) no inventário e pode participar das tabelas de drop.","Venda controlada","Permitido se negociável no servidor","Pet ou montaria pode ser cosmético ou conceder bônus; duração, atributos e limite por conta precisam ser explícitos."
"6721","13-65","Spirit of Guardian","Joias, consumíveis e itens diversos","Pet ou montaria","Dark Wizard (classe inicial); Dark Knight (classe inicial); Fairy Elf (classe inicial); Magic Gladiator (classe inicial); Dark Lord (classe inicial); Summoner (classe inicial); Rage Fighter (classe inicial)","1","durabilidade 255","sem requisito numérico registrado","Spirit of Guardian é um item da família pet ou montaria, catalogado em Joias, consumíveis e itens diversos. A configuração atual registra durabilidade 255. Requisitos: sem requisito numérico registrado. Uso permitido: Dark Wizard (classe inicial), Dark Knight (classe inicial), Fairy Elf (classe inicial), Magic Gladiator (classe inicial), Dark Lord (classe inicial), Summoner (classe inicial), Rage Fighter (classe inicial). Ocupa 1x1 espaço(s) no inventário e pode participar das tabelas de drop.","Venda controlada","Permitido se negociável no servidor","Pet ou montaria pode ser cosmético ou conceder bônus; duração, atributos e limite por conta precisam ser explícitos."
"6722","13-66","Invitation to Santa Village","Joias, consumíveis e itens diversos","Entrada de evento","Dark Wizard (classe inicial); Dark Knight (classe inicial); Fairy Elf (classe inicial); Magic Gladiator (classe inicial); Dark Lord (classe inicial); Summoner (classe inicial); Rage Fighter (classe inicial)","0","durabilidade 10","sem requisito numérico registrado","Invitation to Santa Village é um item da família entrada de evento, catalogado em Joias, consumíveis e itens diversos. A configuração atual registra durabilidade 10. Requisitos: sem requisito numérico registrado. Uso permitido: Dark Wizard (classe inicial), Dark Knight (classe inicial), Fairy Elf (classe inicial), Magic Gladiator (classe inicial), Dark Lord (classe inicial), Summoner (classe inicial), Rage Fighter (classe inicial). Ocupa 1x1 espaço(s) no inventário e pode participar das tabelas de drop.","Revisão manual","Conforme flag de trade do servidor","A função comercial não pode ser confirmada apenas pela tabela de itens."
"6723","13-67","Pet Rudolf","Joias, consumíveis e itens diversos","Pet ou montaria","Dark Wizard (classe inicial); Dark Knight (classe inicial); Fairy Elf (classe inicial); Magic Gladiator (classe inicial); Dark Lord (classe inicial); Summoner (classe inicial); Rage Fighter (classe inicial)","28","durabilidade 255","sem requisito numérico registrado","Pet Rudolf é um item da família pet ou montaria, catalogado em Joias, consumíveis e itens diversos. A configuração atual registra durabilidade 255. Requisitos: sem requisito numérico registrado. Uso permitido: Dark Wizard (classe inicial), Dark Knight (classe inicial), Fairy Elf (classe inicial), Magic Gladiator (classe inicial), Dark Lord (classe inicial), Summoner (classe inicial), Rage Fighter (classe inicial). Ocupa 1x1 espaço(s) no inventário e pode participar das tabelas de drop.","Venda controlada","Permitido se negociável no servidor","Pet ou montaria pode ser cosmético ou conceder bônus; duração, atributos e limite por conta precisam ser explícitos."
"6724","13-68","Snowman Transformation Ring","Joias, consumíveis e itens diversos","Acessório","Dark Wizard (classe inicial); Dark Knight (classe inicial); Fairy Elf (classe inicial); Magic Gladiator (classe inicial); Dark Lord (classe inicial); Summoner (classe inicial); Rage Fighter (classe inicial)","10","durabilidade 100","sem requisito numérico registrado","Snowman Transformation Ring é um item da família acessório, catalogado em Joias, consumíveis e itens diversos. A configuração atual registra durabilidade 100. Requisitos: sem requisito numérico registrado. Uso permitido: Dark Wizard (classe inicial), Dark Knight (classe inicial), Fairy Elf (classe inicial), Magic Gladiator (classe inicial), Dark Lord (classe inicial), Summoner (classe inicial), Rage Fighter (classe inicial). Ocupa 1x1 espaço(s) no inventário e pode participar das tabelas de drop.","Recomendado","Bloqueado ou limitado","Produto de conveniência apropriado para monetização oficial e controle de duração."
"6725","13-69","Talisman of Resurrection","Joias, consumíveis e itens diversos","Buff temporário","Dark Wizard (classe inicial); Dark Knight (classe inicial); Fairy Elf (classe inicial); Magic Gladiator (classe inicial); Dark Lord (classe inicial); Summoner (classe inicial); Rage Fighter (classe inicial)","0","atributos específicos de buff temporário não registrados na exportação","sem requisito numérico registrado","Talisman of Resurrection é um item da família buff temporário, catalogado em Joias, consumíveis e itens diversos. A configuração atual registra atributos específicos de buff temporário não registrados na exportação. Requisitos: sem requisito numérico registrado. Uso permitido: Dark Wizard (classe inicial), Dark Knight (classe inicial), Fairy Elf (classe inicial), Magic Gladiator (classe inicial), Dark Lord (classe inicial), Summoner (classe inicial), Rage Fighter (classe inicial). Ocupa 1x1 espaço(s) no inventário e pode participar das tabelas de drop.","Recomendado","Bloqueado ou limitado","Produto de conveniência apropriado para monetização oficial e controle de duração."
"6726","13-70","Talisman of Mobility","Joias, consumíveis e itens diversos","Buff temporário","Dark Wizard (classe inicial); Dark Knight (classe inicial); Fairy Elf (classe inicial); Magic Gladiator (classe inicial); Dark Lord (classe inicial); Summoner (classe inicial); Rage Fighter (classe inicial)","0","durabilidade 2","sem requisito numérico registrado","Talisman of Mobility é um item da família buff temporário, catalogado em Joias, consumíveis e itens diversos. A configuração atual registra durabilidade 2. Requisitos: sem requisito numérico registrado. Uso permitido: Dark Wizard (classe inicial), Dark Knight (classe inicial), Fairy Elf (classe inicial), Magic Gladiator (classe inicial), Dark Lord (classe inicial), Summoner (classe inicial), Rage Fighter (classe inicial). Ocupa 1x1 espaço(s) no inventário e pode participar das tabelas de drop.","Recomendado","Bloqueado ou limitado","Produto de conveniência apropriado para monetização oficial e controle de duração."
"6727","13-71","Sword/Mace/Spear","Joias, consumíveis e itens diversos","Item diverso","Dark Wizard (classe inicial); Dark Knight (classe inicial); Fairy Elf (classe inicial); Magic Gladiator (classe inicial); Dark Lord (classe inicial); Summoner (classe inicial); Rage Fighter (classe inicial)","0","durabilidade 255","sem requisito numérico registrado","Sword/Mace/Spear é um item da família item diverso, catalogado em Joias, consumíveis e itens diversos. A configuração atual registra durabilidade 255. Requisitos: sem requisito numérico registrado. Uso permitido: Dark Wizard (classe inicial), Dark Knight (classe inicial), Fairy Elf (classe inicial), Magic Gladiator (classe inicial), Dark Lord (classe inicial), Summoner (classe inicial), Rage Fighter (classe inicial). Ocupa 2x3 espaço(s) no inventário e pode participar das tabelas de drop.","Revisão manual","Conforme flag de trade do servidor","A função comercial não pode ser confirmada apenas pela tabela de itens."
"6728","13-72","Staff","Joias, consumíveis e itens diversos","Item diverso","Dark Wizard (classe inicial); Dark Knight (classe inicial); Fairy Elf (classe inicial); Magic Gladiator (classe inicial); Dark Lord (classe inicial); Summoner (classe inicial); Rage Fighter (classe inicial)","0","durabilidade 255","sem requisito numérico registrado","Staff é um item da família item diverso, catalogado em Joias, consumíveis e itens diversos. A configuração atual registra durabilidade 255. Requisitos: sem requisito numérico registrado. Uso permitido: Dark Wizard (classe inicial), Dark Knight (classe inicial), Fairy Elf (classe inicial), Magic Gladiator (classe inicial), Dark Lord (classe inicial), Summoner (classe inicial), Rage Fighter (classe inicial). Ocupa 2x3 espaço(s) no inventário e pode participar das tabelas de drop.","Revisão manual","Conforme flag de trade do servidor","A função comercial não pode ser confirmada apenas pela tabela de itens."
"6729","13-73","Bow/Crossbow","Joias, consumíveis e itens diversos","Item diverso","Dark Wizard (classe inicial); Dark Knight (classe inicial); Fairy Elf (classe inicial); Magic Gladiator (classe inicial); Dark Lord (classe inicial); Summoner (classe inicial); Rage Fighter (classe inicial)","0","durabilidade 255","sem requisito numérico registrado","Bow/Crossbow é um item da família item diverso, catalogado em Joias, consumíveis e itens diversos. A configuração atual registra durabilidade 255. Requisitos: sem requisito numérico registrado. Uso permitido: Dark Wizard (classe inicial), Dark Knight (classe inicial), Fairy Elf (classe inicial), Magic Gladiator (classe inicial), Dark Lord (classe inicial), Summoner (classe inicial), Rage Fighter (classe inicial). Ocupa 2x3 espaço(s) no inventário e pode participar das tabelas de drop.","Revisão manual","Conforme flag de trade do servidor","A função comercial não pode ser confirmada apenas pela tabela de itens."
"6730","13-74","Scepter","Joias, consumíveis e itens diversos","Item diverso","Dark Wizard (classe inicial); Dark Knight (classe inicial); Fairy Elf (classe inicial); Magic Gladiator (classe inicial); Dark Lord (classe inicial); Summoner (classe inicial); Rage Fighter (classe inicial)","0","durabilidade 255","sem requisito numérico registrado","Scepter é um item da família item diverso, catalogado em Joias, consumíveis e itens diversos. A configuração atual registra durabilidade 255. Requisitos: sem requisito numérico registrado. Uso permitido: Dark Wizard (classe inicial), Dark Knight (classe inicial), Fairy Elf (classe inicial), Magic Gladiator (classe inicial), Dark Lord (classe inicial), Summoner (classe inicial), Rage Fighter (classe inicial). Ocupa 2x3 espaço(s) no inventário e pode participar das tabelas de drop.","Revisão manual","Conforme flag de trade do servidor","A função comercial não pode ser confirmada apenas pela tabela de itens."
"6731","13-75","Stick","Joias, consumíveis e itens diversos","Item diverso","Dark Wizard (classe inicial); Dark Knight (classe inicial); Fairy Elf (classe inicial); Magic Gladiator (classe inicial); Dark Lord (classe inicial); Summoner (classe inicial); Rage Fighter (classe inicial)","0","durabilidade 255","sem requisito numérico registrado","Stick é um item da família item diverso, catalogado em Joias, consumíveis e itens diversos. A configuração atual registra durabilidade 255. Requisitos: sem requisito numérico registrado. Uso permitido: Dark Wizard (classe inicial), Dark Knight (classe inicial), Fairy Elf (classe inicial), Magic Gladiator (classe inicial), Dark Lord (classe inicial), Summoner (classe inicial), Rage Fighter (classe inicial). Ocupa 2x3 espaço(s) no inventário e pode participar das tabelas de drop.","Revisão manual","Conforme flag de trade do servidor","A função comercial não pode ser confirmada apenas pela tabela de itens."
"6732","13-76","Panda Ring","Joias, consumíveis e itens diversos","Pet ou montaria","Dark Wizard (classe inicial); Dark Knight (classe inicial); Fairy Elf (classe inicial); Magic Gladiator (classe inicial); Dark Lord (classe inicial); Summoner (classe inicial); Rage Fighter (classe inicial)","1","durabilidade 255","sem requisito numérico registrado","Panda Ring é um item da família pet ou montaria, catalogado em Joias, consumíveis e itens diversos. A configuração atual registra durabilidade 255. Requisitos: sem requisito numérico registrado. Uso permitido: Dark Wizard (classe inicial), Dark Knight (classe inicial), Fairy Elf (classe inicial), Magic Gladiator (classe inicial), Dark Lord (classe inicial), Summoner (classe inicial), Rage Fighter (classe inicial). Ocupa 1x1 espaço(s) no inventário e pode participar das tabelas de drop.","Venda controlada","Permitido se negociável no servidor","Pet ou montaria pode ser cosmético ou conceder bônus; duração, atributos e limite por conta precisam ser explícitos."
"6736","13-80","Pet Panda","Joias, consumíveis e itens diversos","Pet ou montaria","Dark Wizard (classe inicial); Dark Knight (classe inicial); Fairy Elf (classe inicial); Magic Gladiator (classe inicial); Dark Lord (classe inicial); Summoner (classe inicial); Rage Fighter (classe inicial)","1","durabilidade 255","sem requisito numérico registrado","Pet Panda é um item da família pet ou montaria, catalogado em Joias, consumíveis e itens diversos. A configuração atual registra durabilidade 255. Requisitos: sem requisito numérico registrado. Uso permitido: Dark Wizard (classe inicial), Dark Knight (classe inicial), Fairy Elf (classe inicial), Magic Gladiator (classe inicial), Dark Lord (classe inicial), Summoner (classe inicial), Rage Fighter (classe inicial). Ocupa 1x1 espaço(s) no inventário e pode participar das tabelas de drop.","Recomendado","Bloqueado ou limitado","Produto de conveniência apropriado para monetização oficial e controle de duração."
"6737","13-81","Talisman of Guardian","Joias, consumíveis e itens diversos","Buff temporário","Dark Wizard (classe inicial); Dark Knight (classe inicial); Fairy Elf (classe inicial); Magic Gladiator (classe inicial); Dark Lord (classe inicial); Summoner (classe inicial); Rage Fighter (classe inicial)","0","atributos específicos de buff temporário não registrados na exportação","sem requisito numérico registrado","Talisman of Guardian é um item da família buff temporário, catalogado em Joias, consumíveis e itens diversos. A configuração atual registra atributos específicos de buff temporário não registrados na exportação. Requisitos: sem requisito numérico registrado. Uso permitido: Dark Wizard (classe inicial), Dark Knight (classe inicial), Fairy Elf (classe inicial), Magic Gladiator (classe inicial), Dark Lord (classe inicial), Summoner (classe inicial), Rage Fighter (classe inicial). Ocupa 1x1 espaço(s) no inventário e pode participar das tabelas de drop.","Recomendado","Bloqueado ou limitado","Produto de conveniência apropriado para monetização oficial e controle de duração."
"6738","13-82","Talisman of Item Protection","Joias, consumíveis e itens diversos","Buff temporário","Dark Wizard (classe inicial); Dark Knight (classe inicial); Fairy Elf (classe inicial); Magic Gladiator (classe inicial); Dark Lord (classe inicial); Summoner (classe inicial); Rage Fighter (classe inicial)","0","atributos específicos de buff temporário não registrados na exportação","sem requisito numérico registrado","Talisman of Item Protection é um item da família buff temporário, catalogado em Joias, consumíveis e itens diversos. A configuração atual registra atributos específicos de buff temporário não registrados na exportação. Requisitos: sem requisito numérico registrado. Uso permitido: Dark Wizard (classe inicial), Dark Knight (classe inicial), Fairy Elf (classe inicial), Magic Gladiator (classe inicial), Dark Lord (classe inicial), Summoner (classe inicial), Rage Fighter (classe inicial). Ocupa 1x1 espaço(s) no inventário e pode participar das tabelas de drop.","Recomendado","Bloqueado ou limitado","Produto de conveniência apropriado para monetização oficial e controle de duração."
"6739","13-83","Talisman of Wings of Satan","Joias, consumíveis e itens diversos","Buff temporário","Dark Wizard (classe inicial); Dark Knight (classe inicial); Fairy Elf (classe inicial); Magic Gladiator (classe inicial); Dark Lord (classe inicial); Summoner (classe inicial); Rage Fighter (classe inicial)","0","atributos específicos de buff temporário não registrados na exportação","sem requisito numérico registrado","Talisman of Wings of Satan é um item da família buff temporário, catalogado em Joias, consumíveis e itens diversos. A configuração atual registra atributos específicos de buff temporário não registrados na exportação. Requisitos: sem requisito numérico registrado. Uso permitido: Dark Wizard (classe inicial), Dark Knight (classe inicial), Fairy Elf (classe inicial), Magic Gladiator (classe inicial), Dark Lord (classe inicial), Summoner (classe inicial), Rage Fighter (classe inicial). Ocupa 1x1 espaço(s) no inventário e pode participar das tabelas de drop.","Recomendado","Bloqueado ou limitado","Produto de conveniência apropriado para monetização oficial e controle de duração."
"6740","13-84","Talisman of Wings of Heaven","Joias, consumíveis e itens diversos","Buff temporário","Dark Wizard (classe inicial); Dark Knight (classe inicial); Fairy Elf (classe inicial); Magic Gladiator (classe inicial); Dark Lord (classe inicial); Summoner (classe inicial); Rage Fighter (classe inicial)","0","atributos específicos de buff temporário não registrados na exportação","sem requisito numérico registrado","Talisman of Wings of Heaven é um item da família buff temporário, catalogado em Joias, consumíveis e itens diversos. A configuração atual registra atributos específicos de buff temporário não registrados na exportação. Requisitos: sem requisito numérico registrado. Uso permitido: Dark Wizard (classe inicial), Dark Knight (classe inicial), Fairy Elf (classe inicial), Magic Gladiator (classe inicial), Dark Lord (classe inicial), Summoner (classe inicial), Rage Fighter (classe inicial). Ocupa 1x1 espaço(s) no inventário e pode participar das tabelas de drop.","Recomendado","Bloqueado ou limitado","Produto de conveniência apropriado para monetização oficial e controle de duração."
"6741","13-85","Talisman of Wings of Elf","Joias, consumíveis e itens diversos","Buff temporário","Dark Wizard (classe inicial); Dark Knight (classe inicial); Fairy Elf (classe inicial); Magic Gladiator (classe inicial); Dark Lord (classe inicial); Summoner (classe inicial); Rage Fighter (classe inicial)","0","atributos específicos de buff temporário não registrados na exportação","sem requisito numérico registrado","Talisman of Wings of Elf é um item da família buff temporário, catalogado em Joias, consumíveis e itens diversos. A configuração atual registra atributos específicos de buff temporário não registrados na exportação. Requisitos: sem requisito numérico registrado. Uso permitido: Dark Wizard (classe inicial), Dark Knight (classe inicial), Fairy Elf (classe inicial), Magic Gladiator (classe inicial), Dark Lord (classe inicial), Summoner (classe inicial), Rage Fighter (classe inicial). Ocupa 1x1 espaço(s) no inventário e pode participar das tabelas de drop.","Recomendado","Bloqueado ou limitado","Produto de conveniência apropriado para monetização oficial e controle de duração."
"6742","13-86","Talisman of Wing of Curse","Joias, consumíveis e itens diversos","Buff temporário","Dark Wizard (classe inicial); Dark Knight (classe inicial); Fairy Elf (classe inicial); Magic Gladiator (classe inicial); Dark Lord (classe inicial); Summoner (classe inicial); Rage Fighter (classe inicial)","0","atributos específicos de buff temporário não registrados na exportação","sem requisito numérico registrado","Talisman of Wing of Curse é um item da família buff temporário, catalogado em Joias, consumíveis e itens diversos. A configuração atual registra atributos específicos de buff temporário não registrados na exportação. Requisitos: sem requisito numérico registrado. Uso permitido: Dark Wizard (classe inicial), Dark Knight (classe inicial), Fairy Elf (classe inicial), Magic Gladiator (classe inicial), Dark Lord (classe inicial), Summoner (classe inicial), Rage Fighter (classe inicial). Ocupa 1x1 espaço(s) no inventário e pode participar das tabelas de drop.","Recomendado","Bloqueado ou limitado","Produto de conveniência apropriado para monetização oficial e controle de duração."
"6743","13-87","Talisman of Cape of Emperor","Joias, consumíveis e itens diversos","Buff temporário","Dark Wizard (classe inicial); Dark Knight (classe inicial); Fairy Elf (classe inicial); Magic Gladiator (classe inicial); Dark Lord (classe inicial); Summoner (classe inicial); Rage Fighter (classe inicial)","0","atributos específicos de buff temporário não registrados na exportação","sem requisito numérico registrado","Talisman of Cape of Emperor é um item da família buff temporário, catalogado em Joias, consumíveis e itens diversos. A configuração atual registra atributos específicos de buff temporário não registrados na exportação. Requisitos: sem requisito numérico registrado. Uso permitido: Dark Wizard (classe inicial), Dark Knight (classe inicial), Fairy Elf (classe inicial), Magic Gladiator (classe inicial), Dark Lord (classe inicial), Summoner (classe inicial), Rage Fighter (classe inicial). Ocupa 1x1 espaço(s) no inventário e pode participar das tabelas de drop.","Recomendado","Bloqueado ou limitado","Produto de conveniência apropriado para monetização oficial e controle de duração."
"6744","13-88","Talisman of Wings of Dragon","Joias, consumíveis e itens diversos","Buff temporário","Dark Wizard (classe inicial); Dark Knight (classe inicial); Fairy Elf (classe inicial); Magic Gladiator (classe inicial); Dark Lord (classe inicial); Summoner (classe inicial); Rage Fighter (classe inicial)","0","atributos específicos de buff temporário não registrados na exportação","sem requisito numérico registrado","Talisman of Wings of Dragon é um item da família buff temporário, catalogado em Joias, consumíveis e itens diversos. A configuração atual registra atributos específicos de buff temporário não registrados na exportação. Requisitos: sem requisito numérico registrado. Uso permitido: Dark Wizard (classe inicial), Dark Knight (classe inicial), Fairy Elf (classe inicial), Magic Gladiator (classe inicial), Dark Lord (classe inicial), Summoner (classe inicial), Rage Fighter (classe inicial). Ocupa 1x1 espaço(s) no inventário e pode participar das tabelas de drop.","Recomendado","Bloqueado ou limitado","Produto de conveniência apropriado para monetização oficial e controle de duração."
"6745","13-89","Talisman of Wings of Soul","Joias, consumíveis e itens diversos","Buff temporário","Dark Wizard (classe inicial); Dark Knight (classe inicial); Fairy Elf (classe inicial); Magic Gladiator (classe inicial); Dark Lord (classe inicial); Summoner (classe inicial); Rage Fighter (classe inicial)","0","atributos específicos de buff temporário não registrados na exportação","sem requisito numérico registrado","Talisman of Wings of Soul é um item da família buff temporário, catalogado em Joias, consumíveis e itens diversos. A configuração atual registra atributos específicos de buff temporário não registrados na exportação. Requisitos: sem requisito numérico registrado. Uso permitido: Dark Wizard (classe inicial), Dark Knight (classe inicial), Fairy Elf (classe inicial), Magic Gladiator (classe inicial), Dark Lord (classe inicial), Summoner (classe inicial), Rage Fighter (classe inicial). Ocupa 1x1 espaço(s) no inventário e pode participar das tabelas de drop.","Recomendado","Bloqueado ou limitado","Produto de conveniência apropriado para monetização oficial e controle de duração."
"6746","13-90","Talisman of Wings of Spirits","Joias, consumíveis e itens diversos","Buff temporário","Dark Wizard (classe inicial); Dark Knight (classe inicial); Fairy Elf (classe inicial); Magic Gladiator (classe inicial); Dark Lord (classe inicial); Summoner (classe inicial); Rage Fighter (classe inicial)","0","atributos específicos de buff temporário não registrados na exportação","sem requisito numérico registrado","Talisman of Wings of Spirits é um item da família buff temporário, catalogado em Joias, consumíveis e itens diversos. A configuração atual registra atributos específicos de buff temporário não registrados na exportação. Requisitos: sem requisito numérico registrado. Uso permitido: Dark Wizard (classe inicial), Dark Knight (classe inicial), Fairy Elf (classe inicial), Magic Gladiator (classe inicial), Dark Lord (classe inicial), Summoner (classe inicial), Rage Fighter (classe inicial). Ocupa 1x1 espaço(s) no inventário e pode participar das tabelas de drop.","Recomendado","Bloqueado ou limitado","Produto de conveniência apropriado para monetização oficial e controle de duração."
"6747","13-91","Talisman of Wing of Despair","Joias, consumíveis e itens diversos","Buff temporário","Dark Wizard (classe inicial); Dark Knight (classe inicial); Fairy Elf (classe inicial); Magic Gladiator (classe inicial); Dark Lord (classe inicial); Summoner (classe inicial); Rage Fighter (classe inicial)","0","atributos específicos de buff temporário não registrados na exportação","sem requisito numérico registrado","Talisman of Wing of Despair é um item da família buff temporário, catalogado em Joias, consumíveis e itens diversos. A configuração atual registra atributos específicos de buff temporário não registrados na exportação. Requisitos: sem requisito numérico registrado. Uso permitido: Dark Wizard (classe inicial), Dark Knight (classe inicial), Fairy Elf (classe inicial), Magic Gladiator (classe inicial), Dark Lord (classe inicial), Summoner (classe inicial), Rage Fighter (classe inicial). Ocupa 1x1 espaço(s) no inventário e pode participar das tabelas de drop.","Recomendado","Bloqueado ou limitado","Produto de conveniência apropriado para monetização oficial e controle de duração."
"6748","13-92","Talisman of Wings of Darkness","Joias, consumíveis e itens diversos","Buff temporário","Dark Wizard (classe inicial); Dark Knight (classe inicial); Fairy Elf (classe inicial); Magic Gladiator (classe inicial); Dark Lord (classe inicial); Summoner (classe inicial); Rage Fighter (classe inicial)","0","atributos específicos de buff temporário não registrados na exportação","sem requisito numérico registrado","Talisman of Wings of Darkness é um item da família buff temporário, catalogado em Joias, consumíveis e itens diversos. A configuração atual registra atributos específicos de buff temporário não registrados na exportação. Requisitos: sem requisito numérico registrado. Uso permitido: Dark Wizard (classe inicial), Dark Knight (classe inicial), Fairy Elf (classe inicial), Magic Gladiator (classe inicial), Dark Lord (classe inicial), Summoner (classe inicial), Rage Fighter (classe inicial). Ocupa 1x1 espaço(s) no inventário e pode participar das tabelas de drop.","Recomendado","Bloqueado ou limitado","Produto de conveniência apropriado para monetização oficial e controle de duração."
"6749","13-93","Master Seal of Ascension","Joias, consumíveis e itens diversos","Buff temporário","Dark Wizard (classe inicial); Dark Knight (classe inicial); Fairy Elf (classe inicial); Magic Gladiator (classe inicial); Dark Lord (classe inicial); Summoner (classe inicial); Rage Fighter (classe inicial)","0","atributos específicos de buff temporário não registrados na exportação","sem requisito numérico registrado","Master Seal of Ascension é um item da família buff temporário, catalogado em Joias, consumíveis e itens diversos. A configuração atual registra atributos específicos de buff temporário não registrados na exportação. Requisitos: sem requisito numérico registrado. Uso permitido: Dark Wizard (classe inicial), Dark Knight (classe inicial), Fairy Elf (classe inicial), Magic Gladiator (classe inicial), Dark Lord (classe inicial), Summoner (classe inicial), Rage Fighter (classe inicial). Ocupa 1x1 espaço(s) no inventário e pode participar das tabelas de drop.","Recomendado","Bloqueado ou limitado","Produto de conveniência apropriado para monetização oficial e controle de duração."
"6750","13-94","Master Seal of Wealth","Joias, consumíveis e itens diversos","Buff temporário","Dark Wizard (classe inicial); Dark Knight (classe inicial); Fairy Elf (classe inicial); Magic Gladiator (classe inicial); Dark Lord (classe inicial); Summoner (classe inicial); Rage Fighter (classe inicial)","0","atributos específicos de buff temporário não registrados na exportação","sem requisito numérico registrado","Master Seal of Wealth é um item da família buff temporário, catalogado em Joias, consumíveis e itens diversos. A configuração atual registra atributos específicos de buff temporário não registrados na exportação. Requisitos: sem requisito numérico registrado. Uso permitido: Dark Wizard (classe inicial), Dark Knight (classe inicial), Fairy Elf (classe inicial), Magic Gladiator (classe inicial), Dark Lord (classe inicial), Summoner (classe inicial), Rage Fighter (classe inicial). Ocupa 1x1 espaço(s) no inventário e pode participar das tabelas de drop.","Recomendado","Bloqueado ou limitado","Produto de conveniência apropriado para monetização oficial e controle de duração."
"6751","13-95","Gladiator s Honor","Joias, consumíveis e itens diversos","Item diverso","Dark Wizard (classe inicial); Dark Knight (classe inicial); Fairy Elf (classe inicial); Magic Gladiator (classe inicial); Dark Lord (classe inicial); Summoner (classe inicial); Rage Fighter (classe inicial)","0","durabilidade 255","sem requisito numérico registrado","Gladiator s Honor é um item da família item diverso, catalogado em Joias, consumíveis e itens diversos. A configuração atual registra durabilidade 255. Requisitos: sem requisito numérico registrado. Uso permitido: Dark Wizard (classe inicial), Dark Knight (classe inicial), Fairy Elf (classe inicial), Magic Gladiator (classe inicial), Dark Lord (classe inicial), Summoner (classe inicial), Rage Fighter (classe inicial). Ocupa 1x1 espaço(s) no inventário e pode participar das tabelas de drop.","Revisão manual","Conforme flag de trade do servidor","A função comercial não pode ser confirmada apenas pela tabela de itens."
"6752","13-96","Seal of Strength","Joias, consumíveis e itens diversos","Buff temporário","Dark Wizard (classe inicial); Dark Knight (classe inicial); Fairy Elf (classe inicial); Magic Gladiator (classe inicial); Dark Lord (classe inicial); Summoner (classe inicial); Rage Fighter (classe inicial)","0","atributos específicos de buff temporário não registrados na exportação","sem requisito numérico registrado","Seal of Strength é um item da família buff temporário, catalogado em Joias, consumíveis e itens diversos. A configuração atual registra atributos específicos de buff temporário não registrados na exportação. Requisitos: sem requisito numérico registrado. Uso permitido: Dark Wizard (classe inicial), Dark Knight (classe inicial), Fairy Elf (classe inicial), Magic Gladiator (classe inicial), Dark Lord (classe inicial), Summoner (classe inicial), Rage Fighter (classe inicial). Ocupa 1x1 espaço(s) no inventário e pode participar das tabelas de drop.","Recomendado","Bloqueado ou limitado","Produto de conveniência apropriado para monetização oficial e controle de duração."
"6753","13-97","Magic Gladiator Character Car","Joias, consumíveis e itens diversos","Item diverso","Dark Wizard (classe inicial); Dark Knight (classe inicial); Fairy Elf (classe inicial); Magic Gladiator (classe inicial); Dark Lord (classe inicial); Summoner (classe inicial); Rage Fighter (classe inicial)","0","atributos específicos de item diverso não registrados na exportação","sem requisito numérico registrado","Magic Gladiator Character Car é um item da família item diverso, catalogado em Joias, consumíveis e itens diversos. A configuração atual registra atributos específicos de item diverso não registrados na exportação. Requisitos: sem requisito numérico registrado. Uso permitido: Dark Wizard (classe inicial), Dark Knight (classe inicial), Fairy Elf (classe inicial), Magic Gladiator (classe inicial), Dark Lord (classe inicial), Summoner (classe inicial), Rage Fighter (classe inicial). Ocupa 1x1 espaço(s) no inventário e pode participar das tabelas de drop.","Revisão manual","Conforme flag de trade do servidor","A função comercial não pode ser confirmada apenas pela tabela de itens."
"6754","13-98","Dark Lord Character Card","Joias, consumíveis e itens diversos","Item diverso","Dark Wizard (classe inicial); Dark Knight (classe inicial); Fairy Elf (classe inicial); Magic Gladiator (classe inicial); Dark Lord (classe inicial); Summoner (classe inicial); Rage Fighter (classe inicial)","0","atributos específicos de item diverso não registrados na exportação","sem requisito numérico registrado","Dark Lord Character Card é um item da família item diverso, catalogado em Joias, consumíveis e itens diversos. A configuração atual registra atributos específicos de item diverso não registrados na exportação. Requisitos: sem requisito numérico registrado. Uso permitido: Dark Wizard (classe inicial), Dark Knight (classe inicial), Fairy Elf (classe inicial), Magic Gladiator (classe inicial), Dark Lord (classe inicial), Summoner (classe inicial), Rage Fighter (classe inicial). Ocupa 1x1 espaço(s) no inventário e pode participar das tabelas de drop.","Revisão manual","Conforme flag de trade do servidor","A função comercial não pode ser confirmada apenas pela tabela de itens."
"6755","13-99","Character Slot Key","Joias, consumíveis e itens diversos","Entrada de evento","Dark Wizard (classe inicial); Dark Knight (classe inicial); Fairy Elf (classe inicial); Magic Gladiator (classe inicial); Dark Lord (classe inicial); Summoner (classe inicial); Rage Fighter (classe inicial)","0","atributos específicos de entrada de evento não registrados na exportação","sem requisito numérico registrado","Character Slot Key é um item da família entrada de evento, catalogado em Joias, consumíveis e itens diversos. A configuração atual registra atributos específicos de entrada de evento não registrados na exportação. Requisitos: sem requisito numérico registrado. Uso permitido: Dark Wizard (classe inicial), Dark Knight (classe inicial), Fairy Elf (classe inicial), Magic Gladiator (classe inicial), Dark Lord (classe inicial), Summoner (classe inicial), Rage Fighter (classe inicial). Ocupa 1x1 espaço(s) no inventário e pode participar das tabelas de drop.","Revisão manual","Conforme flag de trade do servidor","A função comercial não pode ser confirmada apenas pela tabela de itens."
"6759","13-103","Party EXP Scroll","Joias, consumíveis e itens diversos","Buff temporário","Dark Wizard (classe inicial); Dark Knight (classe inicial); Fairy Elf (classe inicial); Magic Gladiator (classe inicial); Dark Lord (classe inicial); Summoner (classe inicial); Rage Fighter (classe inicial)","0","atributos específicos de buff temporário não registrados na exportação","sem requisito numérico registrado","Party EXP Scroll é um item da família buff temporário, catalogado em Joias, consumíveis e itens diversos. A configuração atual registra atributos específicos de buff temporário não registrados na exportação. Requisitos: sem requisito numérico registrado. Uso permitido: Dark Wizard (classe inicial), Dark Knight (classe inicial), Fairy Elf (classe inicial), Magic Gladiator (classe inicial), Dark Lord (classe inicial), Summoner (classe inicial), Rage Fighter (classe inicial). Ocupa 1x1 espaço(s) no inventário e pode participar das tabelas de drop.","Recomendado","Permitido se negociável no servidor","Consumível recorrente adequado para loja, desde que não torne a progressão obrigatoriamente paga."
"6760","13-104","Max AG Boost Aura","Joias, consumíveis e itens diversos","Buff temporário","Dark Wizard (classe inicial); Dark Knight (classe inicial); Fairy Elf (classe inicial); Magic Gladiator (classe inicial); Dark Lord (classe inicial); Summoner (classe inicial); Rage Fighter (classe inicial)","0","atributos específicos de buff temporário não registrados na exportação","sem requisito numérico registrado","Max AG Boost Aura é um item da família buff temporário, catalogado em Joias, consumíveis e itens diversos. A configuração atual registra atributos específicos de buff temporário não registrados na exportação. Requisitos: sem requisito numérico registrado. Uso permitido: Dark Wizard (classe inicial), Dark Knight (classe inicial), Fairy Elf (classe inicial), Magic Gladiator (classe inicial), Dark Lord (classe inicial), Summoner (classe inicial), Rage Fighter (classe inicial). Ocupa 1x1 espaço(s) no inventário e pode participar das tabelas de drop.","Recomendado","Bloqueado ou limitado","Produto de conveniência apropriado para monetização oficial e controle de duração."
"6761","13-105","Max SD Boost Aura","Joias, consumíveis e itens diversos","Buff temporário","Dark Wizard (classe inicial); Dark Knight (classe inicial); Fairy Elf (classe inicial); Magic Gladiator (classe inicial); Dark Lord (classe inicial); Summoner (classe inicial); Rage Fighter (classe inicial)","0","atributos específicos de buff temporário não registrados na exportação","sem requisito numérico registrado","Max SD Boost Aura é um item da família buff temporário, catalogado em Joias, consumíveis e itens diversos. A configuração atual registra atributos específicos de buff temporário não registrados na exportação. Requisitos: sem requisito numérico registrado. Uso permitido: Dark Wizard (classe inicial), Dark Knight (classe inicial), Fairy Elf (classe inicial), Magic Gladiator (classe inicial), Dark Lord (classe inicial), Summoner (classe inicial), Rage Fighter (classe inicial). Ocupa 1x1 espaço(s) no inventário e pode participar das tabelas de drop.","Recomendado","Bloqueado ou limitado","Produto de conveniência apropriado para monetização oficial e controle de duração."
"6762","13-106","Pet Unicorn","Joias, consumíveis e itens diversos","Pet ou montaria","Dark Wizard (classe inicial); Dark Knight (classe inicial); Fairy Elf (classe inicial); Magic Gladiator (classe inicial); Dark Lord (classe inicial); Summoner (classe inicial); Rage Fighter (classe inicial)","28","durabilidade 255","sem requisito numérico registrado","Pet Unicorn é um item da família pet ou montaria, catalogado em Joias, consumíveis e itens diversos. A configuração atual registra durabilidade 255. Requisitos: sem requisito numérico registrado. Uso permitido: Dark Wizard (classe inicial), Dark Knight (classe inicial), Fairy Elf (classe inicial), Magic Gladiator (classe inicial), Dark Lord (classe inicial), Summoner (classe inicial), Rage Fighter (classe inicial). Ocupa 1x1 espaço(s) no inventário e pode participar das tabelas de drop.","Venda controlada","Permitido se negociável no servidor","Pet ou montaria pode ser cosmético ou conceder bônus; duração, atributos e limite por conta precisam ser explícitos."
"6763","13-107","Lethal Wizard s Ring","Joias, consumíveis e itens diversos","Acessório","Dark Wizard (classe inicial); Dark Knight (classe inicial); Fairy Elf (classe inicial); Magic Gladiator (classe inicial); Dark Lord (classe inicial); Summoner (classe inicial); Rage Fighter (classe inicial)","0","durabilidade 100","sem requisito numérico registrado","Lethal Wizard s Ring é um item da família acessório, catalogado em Joias, consumíveis e itens diversos. A configuração atual registra durabilidade 100. Requisitos: sem requisito numérico registrado. Uso permitido: Dark Wizard (classe inicial), Dark Knight (classe inicial), Fairy Elf (classe inicial), Magic Gladiator (classe inicial), Dark Lord (classe inicial), Summoner (classe inicial), Rage Fighter (classe inicial). Ocupa 1x1 espaço(s) no inventário e pode participar das tabelas de drop.","Somente cosmético ou progressão controlada","Recomendado","Equipamento deve circular prioritariamente entre jogadores; venda direta exige limites de nível e opções."
"6765","13-109","Sapphire Ring","Joias, consumíveis e itens diversos","Acessório","Dark Wizard (classe inicial); Dark Knight (classe inicial); Fairy Elf (classe inicial); Magic Gladiator (classe inicial); Dark Lord (classe inicial); Summoner (classe inicial); Rage Fighter (classe inicial)","0","atributos específicos de acessório não registrados na exportação","sem requisito numérico registrado","Sapphire Ring é um item da família acessório, catalogado em Joias, consumíveis e itens diversos. A configuração atual registra atributos específicos de acessório não registrados na exportação. Requisitos: sem requisito numérico registrado. Uso permitido: Dark Wizard (classe inicial), Dark Knight (classe inicial), Fairy Elf (classe inicial), Magic Gladiator (classe inicial), Dark Lord (classe inicial), Summoner (classe inicial), Rage Fighter (classe inicial). Ocupa 1x1 espaço(s) no inventário e pode participar das tabelas de drop.","Somente cosmético ou progressão controlada","Recomendado","Equipamento deve circular prioritariamente entre jogadores; venda direta exige limites de nível e opções."
"6766","13-110","Ruby Ring","Joias, consumíveis e itens diversos","Acessório","Dark Wizard (classe inicial); Dark Knight (classe inicial); Fairy Elf (classe inicial); Magic Gladiator (classe inicial); Dark Lord (classe inicial); Summoner (classe inicial); Rage Fighter (classe inicial)","0","atributos específicos de acessório não registrados na exportação","sem requisito numérico registrado","Ruby Ring é um item da família acessório, catalogado em Joias, consumíveis e itens diversos. A configuração atual registra atributos específicos de acessório não registrados na exportação. Requisitos: sem requisito numérico registrado. Uso permitido: Dark Wizard (classe inicial), Dark Knight (classe inicial), Fairy Elf (classe inicial), Magic Gladiator (classe inicial), Dark Lord (classe inicial), Summoner (classe inicial), Rage Fighter (classe inicial). Ocupa 1x1 espaço(s) no inventário e pode participar das tabelas de drop.","Somente cosmético ou progressão controlada","Recomendado","Equipamento deve circular prioritariamente entre jogadores; venda direta exige limites de nível e opções."
"6767","13-111","Topaz Ring","Joias, consumíveis e itens diversos","Acessório","Dark Wizard (classe inicial); Dark Knight (classe inicial); Fairy Elf (classe inicial); Magic Gladiator (classe inicial); Dark Lord (classe inicial); Summoner (classe inicial); Rage Fighter (classe inicial)","0","atributos específicos de acessório não registrados na exportação","sem requisito numérico registrado","Topaz Ring é um item da família acessório, catalogado em Joias, consumíveis e itens diversos. A configuração atual registra atributos específicos de acessório não registrados na exportação. Requisitos: sem requisito numérico registrado. Uso permitido: Dark Wizard (classe inicial), Dark Knight (classe inicial), Fairy Elf (classe inicial), Magic Gladiator (classe inicial), Dark Lord (classe inicial), Summoner (classe inicial), Rage Fighter (classe inicial). Ocupa 1x1 espaço(s) no inventário e pode participar das tabelas de drop.","Somente cosmético ou progressão controlada","Recomendado","Equipamento deve circular prioritariamente entre jogadores; venda direta exige limites de nível e opções."
"6768","13-112","Amethyst Ring","Joias, consumíveis e itens diversos","Acessório","Dark Wizard (classe inicial); Dark Knight (classe inicial); Fairy Elf (classe inicial); Magic Gladiator (classe inicial); Dark Lord (classe inicial); Summoner (classe inicial); Rage Fighter (classe inicial)","0","atributos específicos de acessório não registrados na exportação","sem requisito numérico registrado","Amethyst Ring é um item da família acessório, catalogado em Joias, consumíveis e itens diversos. A configuração atual registra atributos específicos de acessório não registrados na exportação. Requisitos: sem requisito numérico registrado. Uso permitido: Dark Wizard (classe inicial), Dark Knight (classe inicial), Fairy Elf (classe inicial), Magic Gladiator (classe inicial), Dark Lord (classe inicial), Summoner (classe inicial), Rage Fighter (classe inicial). Ocupa 1x1 espaço(s) no inventário e pode participar das tabelas de drop.","Somente cosmético ou progressão controlada","Recomendado","Equipamento deve circular prioritariamente entre jogadores; venda direta exige limites de nível e opções."
"6769","13-113","Ruby Necklace","Joias, consumíveis e itens diversos","Acessório","Dark Wizard (classe inicial); Dark Knight (classe inicial); Fairy Elf (classe inicial); Magic Gladiator (classe inicial); Dark Lord (classe inicial); Summoner (classe inicial); Rage Fighter (classe inicial)","0","atributos específicos de acessório não registrados na exportação","sem requisito numérico registrado","Ruby Necklace é um item da família acessório, catalogado em Joias, consumíveis e itens diversos. A configuração atual registra atributos específicos de acessório não registrados na exportação. Requisitos: sem requisito numérico registrado. Uso permitido: Dark Wizard (classe inicial), Dark Knight (classe inicial), Fairy Elf (classe inicial), Magic Gladiator (classe inicial), Dark Lord (classe inicial), Summoner (classe inicial), Rage Fighter (classe inicial). Ocupa 1x1 espaço(s) no inventário e pode participar das tabelas de drop.","Somente cosmético ou progressão controlada","Recomendado","Equipamento deve circular prioritariamente entre jogadores; venda direta exige limites de nível e opções."
"6770","13-114","Emerald Necklace","Joias, consumíveis e itens diversos","Acessório","Dark Wizard (classe inicial); Dark Knight (classe inicial); Fairy Elf (classe inicial); Magic Gladiator (classe inicial); Dark Lord (classe inicial); Summoner (classe inicial); Rage Fighter (classe inicial)","0","atributos específicos de acessório não registrados na exportação","sem requisito numérico registrado","Emerald Necklace é um item da família acessório, catalogado em Joias, consumíveis e itens diversos. A configuração atual registra atributos específicos de acessório não registrados na exportação. Requisitos: sem requisito numérico registrado. Uso permitido: Dark Wizard (classe inicial), Dark Knight (classe inicial), Fairy Elf (classe inicial), Magic Gladiator (classe inicial), Dark Lord (classe inicial), Summoner (classe inicial), Rage Fighter (classe inicial). Ocupa 1x1 espaço(s) no inventário e pode participar das tabelas de drop.","Somente cosmético ou progressão controlada","Recomendado","Equipamento deve circular prioritariamente entre jogadores; venda direta exige limites de nível e opções."
"6771","13-115","Sapphire Necklace","Joias, consumíveis e itens diversos","Acessório","Dark Wizard (classe inicial); Dark Knight (classe inicial); Fairy Elf (classe inicial); Magic Gladiator (classe inicial); Dark Lord (classe inicial); Summoner (classe inicial); Rage Fighter (classe inicial)","0","atributos específicos de acessório não registrados na exportação","sem requisito numérico registrado","Sapphire Necklace é um item da família acessório, catalogado em Joias, consumíveis e itens diversos. A configuração atual registra atributos específicos de acessório não registrados na exportação. Requisitos: sem requisito numérico registrado. Uso permitido: Dark Wizard (classe inicial), Dark Knight (classe inicial), Fairy Elf (classe inicial), Magic Gladiator (classe inicial), Dark Lord (classe inicial), Summoner (classe inicial), Rage Fighter (classe inicial). Ocupa 1x1 espaço(s) no inventário e pode participar das tabelas de drop.","Somente cosmético ou progressão controlada","Recomendado","Equipamento deve circular prioritariamente entre jogadores; venda direta exige limites de nível e opções."
"6772","13-116","Seal of Wealth","Joias, consumíveis e itens diversos","Buff temporário","Dark Wizard (classe inicial); Dark Knight (classe inicial); Fairy Elf (classe inicial); Magic Gladiator (classe inicial); Dark Lord (classe inicial); Summoner (classe inicial); Rage Fighter (classe inicial)","0","atributos específicos de buff temporário não registrados na exportação","sem requisito numérico registrado","Seal of Wealth é um item da família buff temporário, catalogado em Joias, consumíveis e itens diversos. A configuração atual registra atributos específicos de buff temporário não registrados na exportação. Requisitos: sem requisito numérico registrado. Uso permitido: Dark Wizard (classe inicial), Dark Knight (classe inicial), Fairy Elf (classe inicial), Magic Gladiator (classe inicial), Dark Lord (classe inicial), Summoner (classe inicial), Rage Fighter (classe inicial). Ocupa 1x1 espaço(s) no inventário e pode participar das tabelas de drop.","Recomendado","Bloqueado ou limitado","Produto de conveniência apropriado para monetização oficial e controle de duração."
"6773","13-117","Minimum Vitality Potion","Joias, consumíveis e itens diversos","Consumível","Dark Wizard (classe inicial); Dark Knight (classe inicial); Fairy Elf (classe inicial); Magic Gladiator (classe inicial); Dark Lord (classe inicial); Summoner (classe inicial); Rage Fighter (classe inicial)","0","atributos específicos de consumível não registrados na exportação","sem requisito numérico registrado","Minimum Vitality Potion é um item da família consumível, catalogado em Joias, consumíveis e itens diversos. A configuração atual registra atributos específicos de consumível não registrados na exportação. Requisitos: sem requisito numérico registrado. Uso permitido: Dark Wizard (classe inicial), Dark Knight (classe inicial), Fairy Elf (classe inicial), Magic Gladiator (classe inicial), Dark Lord (classe inicial), Summoner (classe inicial), Rage Fighter (classe inicial). Ocupa 1x1 espaço(s) no inventário e pode participar das tabelas de drop.","Recomendado","Permitido se negociável no servidor","Consumível recorrente adequado para loja, desde que não torne a progressão obrigatoriamente paga."
"6774","13-118","Low Vitality Potion","Joias, consumíveis e itens diversos","Consumível","Dark Wizard (classe inicial); Dark Knight (classe inicial); Fairy Elf (classe inicial); Magic Gladiator (classe inicial); Dark Lord (classe inicial); Summoner (classe inicial); Rage Fighter (classe inicial)","0","atributos específicos de consumível não registrados na exportação","sem requisito numérico registrado","Low Vitality Potion é um item da família consumível, catalogado em Joias, consumíveis e itens diversos. A configuração atual registra atributos específicos de consumível não registrados na exportação. Requisitos: sem requisito numérico registrado. Uso permitido: Dark Wizard (classe inicial), Dark Knight (classe inicial), Fairy Elf (classe inicial), Magic Gladiator (classe inicial), Dark Lord (classe inicial), Summoner (classe inicial), Rage Fighter (classe inicial). Ocupa 1x1 espaço(s) no inventário e pode participar das tabelas de drop.","Recomendado","Permitido se negociável no servidor","Consumível recorrente adequado para loja, desde que não torne a progressão obrigatoriamente paga."
"6775","13-119","Medium Vitality Potion","Joias, consumíveis e itens diversos","Consumível","Dark Wizard (classe inicial); Dark Knight (classe inicial); Fairy Elf (classe inicial); Magic Gladiator (classe inicial); Dark Lord (classe inicial); Summoner (classe inicial); Rage Fighter (classe inicial)","0","atributos específicos de consumível não registrados na exportação","sem requisito numérico registrado","Medium Vitality Potion é um item da família consumível, catalogado em Joias, consumíveis e itens diversos. A configuração atual registra atributos específicos de consumível não registrados na exportação. Requisitos: sem requisito numérico registrado. Uso permitido: Dark Wizard (classe inicial), Dark Knight (classe inicial), Fairy Elf (classe inicial), Magic Gladiator (classe inicial), Dark Lord (classe inicial), Summoner (classe inicial), Rage Fighter (classe inicial). Ocupa 1x1 espaço(s) no inventário e pode participar das tabelas de drop.","Recomendado","Permitido se negociável no servidor","Consumível recorrente adequado para loja, desde que não torne a progressão obrigatoriamente paga."
"6776","13-120","High Vitality Potion","Joias, consumíveis e itens diversos","Consumível","Dark Wizard (classe inicial); Dark Knight (classe inicial); Fairy Elf (classe inicial); Magic Gladiator (classe inicial); Dark Lord (classe inicial); Summoner (classe inicial); Rage Fighter (classe inicial)","0","atributos específicos de consumível não registrados na exportação","sem requisito numérico registrado","High Vitality Potion é um item da família consumível, catalogado em Joias, consumíveis e itens diversos. A configuração atual registra atributos específicos de consumível não registrados na exportação. Requisitos: sem requisito numérico registrado. Uso permitido: Dark Wizard (classe inicial), Dark Knight (classe inicial), Fairy Elf (classe inicial), Magic Gladiator (classe inicial), Dark Lord (classe inicial), Summoner (classe inicial), Rage Fighter (classe inicial). Ocupa 1x1 espaço(s) no inventário e pode participar das tabelas de drop.","Recomendado","Permitido se negociável no servidor","Consumível recorrente adequado para loja, desde que não torne a progressão obrigatoriamente paga."
"6777","13-121","Open Access Ticket to Chaos C","Joias, consumíveis e itens diversos","Entrada de evento","Dark Wizard (classe inicial); Dark Knight (classe inicial); Fairy Elf (classe inicial); Magic Gladiator (classe inicial); Dark Lord (classe inicial); Summoner (classe inicial); Rage Fighter (classe inicial)","25964","durabilidade 10","sem requisito numérico registrado","Open Access Ticket to Chaos C é um item da família entrada de evento, catalogado em Joias, consumíveis e itens diversos. A configuração atual registra durabilidade 10. Requisitos: sem requisito numérico registrado. Uso permitido: Dark Wizard (classe inicial), Dark Knight (classe inicial), Fairy Elf (classe inicial), Magic Gladiator (classe inicial), Dark Lord (classe inicial), Summoner (classe inicial), Rage Fighter (classe inicial). Ocupa 1x1 espaço(s) no inventário e pode participar das tabelas de drop.","Revisão manual","Conforme flag de trade do servidor","A função comercial não pode ser confirmada apenas pela tabela de itens."
"6778","13-122","Skeleton Transformation Ring","Joias, consumíveis e itens diversos","Pet ou montaria","Dark Wizard (classe inicial); Dark Knight (classe inicial); Fairy Elf (classe inicial); Magic Gladiator (classe inicial); Dark Lord (classe inicial); Summoner (classe inicial); Rage Fighter (classe inicial)","1","durabilidade 255","sem requisito numérico registrado","Skeleton Transformation Ring é um item da família pet ou montaria, catalogado em Joias, consumíveis e itens diversos. A configuração atual registra durabilidade 255. Requisitos: sem requisito numérico registrado. Uso permitido: Dark Wizard (classe inicial), Dark Knight (classe inicial), Fairy Elf (classe inicial), Magic Gladiator (classe inicial), Dark Lord (classe inicial), Summoner (classe inicial), Rage Fighter (classe inicial). Ocupa 1x1 espaço(s) no inventário e pode participar das tabelas de drop.","Recomendado","Bloqueado ou limitado","Produto de conveniência apropriado para monetização oficial e controle de duração."
"6779","13-123","Pet Skeleton","Joias, consumíveis e itens diversos","Pet ou montaria","Dark Wizard (classe inicial); Dark Knight (classe inicial); Fairy Elf (classe inicial); Magic Gladiator (classe inicial); Dark Lord (classe inicial); Summoner (classe inicial); Rage Fighter (classe inicial)","1","durabilidade 255","sem requisito numérico registrado","Pet Skeleton é um item da família pet ou montaria, catalogado em Joias, consumíveis e itens diversos. A configuração atual registra durabilidade 255. Requisitos: sem requisito numérico registrado. Uso permitido: Dark Wizard (classe inicial), Dark Knight (classe inicial), Fairy Elf (classe inicial), Magic Gladiator (classe inicial), Dark Lord (classe inicial), Summoner (classe inicial), Rage Fighter (classe inicial). Ocupa 1x1 espaço(s) no inventário e pode participar das tabelas de drop.","Recomendado","Bloqueado ou limitado","Produto de conveniência apropriado para monetização oficial e controle de duração."
"6780","13-124","Paid Channel Access Ticket","Joias, consumíveis e itens diversos","Entrada de evento","Dark Wizard (classe inicial); Dark Knight (classe inicial); Fairy Elf (classe inicial); Magic Gladiator (classe inicial); Dark Lord (classe inicial); Summoner (classe inicial); Rage Fighter (classe inicial)","0","atributos específicos de entrada de evento não registrados na exportação","sem requisito numérico registrado","Paid Channel Access Ticket é um item da família entrada de evento, catalogado em Joias, consumíveis e itens diversos. A configuração atual registra atributos específicos de entrada de evento não registrados na exportação. Requisitos: sem requisito numérico registrado. Uso permitido: Dark Wizard (classe inicial), Dark Knight (classe inicial), Fairy Elf (classe inicial), Magic Gladiator (classe inicial), Dark Lord (classe inicial), Summoner (classe inicial), Rage Fighter (classe inicial). Ocupa 1x1 espaço(s) no inventário e pode participar das tabelas de drop.","Revisão manual","Conforme flag de trade do servidor","A função comercial não pode ser confirmada apenas pela tabela de itens."
"6781","13-125","Open Access Ticket to Doppelg","Joias, consumíveis e itens diversos","Entrada de evento","Dark Wizard (classe inicial); Dark Knight (classe inicial); Fairy Elf (classe inicial); Magic Gladiator (classe inicial); Dark Lord (classe inicial); Summoner (classe inicial); Rage Fighter (classe inicial)","29285","durabilidade 10","sem requisito numérico registrado","Open Access Ticket to Doppelg é um item da família entrada de evento, catalogado em Joias, consumíveis e itens diversos. A configuração atual registra durabilidade 10. Requisitos: sem requisito numérico registrado. Uso permitido: Dark Wizard (classe inicial), Dark Knight (classe inicial), Fairy Elf (classe inicial), Magic Gladiator (classe inicial), Dark Lord (classe inicial), Summoner (classe inicial), Rage Fighter (classe inicial). Ocupa 1x1 espaço(s) no inventário e pode participar das tabelas de drop.","Revisão manual","Conforme flag de trade do servidor","A função comercial não pode ser confirmada apenas pela tabela de itens."
"6782","13-126","Open Access Ticket to Varka","Joias, consumíveis e itens diversos","Entrada de evento","Dark Wizard (classe inicial); Dark Knight (classe inicial); Fairy Elf (classe inicial); Magic Gladiator (classe inicial); Dark Lord (classe inicial); Summoner (classe inicial); Rage Fighter (classe inicial)","0","durabilidade 10","sem requisito numérico registrado","Open Access Ticket to Varka é um item da família entrada de evento, catalogado em Joias, consumíveis e itens diversos. A configuração atual registra durabilidade 10. Requisitos: sem requisito numérico registrado. Uso permitido: Dark Wizard (classe inicial), Dark Knight (classe inicial), Fairy Elf (classe inicial), Magic Gladiator (classe inicial), Dark Lord (classe inicial), Summoner (classe inicial), Rage Fighter (classe inicial). Ocupa 1x1 espaço(s) no inventário e pode participar das tabelas de drop.","Revisão manual","Conforme flag de trade do servidor","A função comercial não pode ser confirmada apenas pela tabela de itens."
"6783","13-127","Open Access Ticket to Varka M","Joias, consumíveis e itens diversos","Entrada de evento","Dark Wizard (classe inicial); Dark Knight (classe inicial); Fairy Elf (classe inicial); Magic Gladiator (classe inicial); Dark Lord (classe inicial); Summoner (classe inicial); Rage Fighter (classe inicial)","55","durabilidade 3","sem requisito numérico registrado","Open Access Ticket to Varka M é um item da família entrada de evento, catalogado em Joias, consumíveis e itens diversos. A configuração atual registra durabilidade 3. Requisitos: sem requisito numérico registrado. Uso permitido: Dark Wizard (classe inicial), Dark Knight (classe inicial), Fairy Elf (classe inicial), Magic Gladiator (classe inicial), Dark Lord (classe inicial), Summoner (classe inicial), Rage Fighter (classe inicial). Ocupa 1x1 espaço(s) no inventário e pode participar das tabelas de drop.","Revisão manual","Conforme flag de trade do servidor","A função comercial não pode ser confirmada apenas pela tabela de itens."
"6784","13-128","Hawk Figurine","Joias, consumíveis e itens diversos","Item diverso","Dark Wizard (classe inicial); Dark Knight (classe inicial); Fairy Elf (classe inicial); Magic Gladiator (classe inicial); Dark Lord (classe inicial); Summoner (classe inicial); Rage Fighter (classe inicial)","0","durabilidade 255","sem requisito numérico registrado","Hawk Figurine é um item da família item diverso, catalogado em Joias, consumíveis e itens diversos. A configuração atual registra durabilidade 255. Requisitos: sem requisito numérico registrado. Uso permitido: Dark Wizard (classe inicial), Dark Knight (classe inicial), Fairy Elf (classe inicial), Magic Gladiator (classe inicial), Dark Lord (classe inicial), Summoner (classe inicial), Rage Fighter (classe inicial). Ocupa 1x1 espaço(s) no inventário e pode participar das tabelas de drop.","Revisão manual","Conforme flag de trade do servidor","A função comercial não pode ser confirmada apenas pela tabela de itens."
"6785","13-129","Goat Figurine","Joias, consumíveis e itens diversos","Item diverso","Dark Wizard (classe inicial); Dark Knight (classe inicial); Fairy Elf (classe inicial); Magic Gladiator (classe inicial); Dark Lord (classe inicial); Summoner (classe inicial); Rage Fighter (classe inicial)","0","durabilidade 255","sem requisito numérico registrado","Goat Figurine é um item da família item diverso, catalogado em Joias, consumíveis e itens diversos. A configuração atual registra durabilidade 255. Requisitos: sem requisito numérico registrado. Uso permitido: Dark Wizard (classe inicial), Dark Knight (classe inicial), Fairy Elf (classe inicial), Magic Gladiator (classe inicial), Dark Lord (classe inicial), Summoner (classe inicial), Rage Fighter (classe inicial). Ocupa 1x1 espaço(s) no inventário e pode participar das tabelas de drop.","Revisão manual","Conforme flag de trade do servidor","A função comercial não pode ser confirmada apenas pela tabela de itens."
"6786","13-130","Oak Charm","Joias, consumíveis e itens diversos","Item diverso","Dark Wizard (classe inicial); Dark Knight (classe inicial); Fairy Elf (classe inicial); Magic Gladiator (classe inicial); Dark Lord (classe inicial); Summoner (classe inicial); Rage Fighter (classe inicial)","0","durabilidade 255","sem requisito numérico registrado","Oak Charm é um item da família item diverso, catalogado em Joias, consumíveis e itens diversos. A configuração atual registra durabilidade 255. Requisitos: sem requisito numérico registrado. Uso permitido: Dark Wizard (classe inicial), Dark Knight (classe inicial), Fairy Elf (classe inicial), Magic Gladiator (classe inicial), Dark Lord (classe inicial), Summoner (classe inicial), Rage Fighter (classe inicial). Ocupa 1x1 espaço(s) no inventário e pode participar das tabelas de drop.","Revisão manual","Conforme flag de trade do servidor","A função comercial não pode ser confirmada apenas pela tabela de itens."
"6787","13-131","Maple Charm","Joias, consumíveis e itens diversos","Entrada de evento","Dark Wizard (classe inicial); Dark Knight (classe inicial); Fairy Elf (classe inicial); Magic Gladiator (classe inicial); Dark Lord (classe inicial); Summoner (classe inicial); Rage Fighter (classe inicial)","0","durabilidade 255","sem requisito numérico registrado","Maple Charm é um item da família entrada de evento, catalogado em Joias, consumíveis e itens diversos. A configuração atual registra durabilidade 255. Requisitos: sem requisito numérico registrado. Uso permitido: Dark Wizard (classe inicial), Dark Knight (classe inicial), Fairy Elf (classe inicial), Magic Gladiator (classe inicial), Dark Lord (classe inicial), Summoner (classe inicial), Rage Fighter (classe inicial). Ocupa 1x1 espaço(s) no inventário e pode participar das tabelas de drop.","Revisão manual","Conforme flag de trade do servidor","A função comercial não pode ser confirmada apenas pela tabela de itens."
"6788","13-132","Golden Oak Charm","Joias, consumíveis e itens diversos","Item diverso","Dark Wizard (classe inicial); Dark Knight (classe inicial); Fairy Elf (classe inicial); Magic Gladiator (classe inicial); Dark Lord (classe inicial); Summoner (classe inicial); Rage Fighter (classe inicial)","0","durabilidade 255","sem requisito numérico registrado","Golden Oak Charm é um item da família item diverso, catalogado em Joias, consumíveis e itens diversos. A configuração atual registra durabilidade 255. Requisitos: sem requisito numérico registrado. Uso permitido: Dark Wizard (classe inicial), Dark Knight (classe inicial), Fairy Elf (classe inicial), Magic Gladiator (classe inicial), Dark Lord (classe inicial), Summoner (classe inicial), Rage Fighter (classe inicial). Ocupa 1x2 espaço(s) no inventário e pode participar das tabelas de drop.","Revisão manual","Conforme flag de trade do servidor","A função comercial não pode ser confirmada apenas pela tabela de itens."
"6789","13-133","Golden Maple Charm","Joias, consumíveis e itens diversos","Entrada de evento","Dark Wizard (classe inicial); Dark Knight (classe inicial); Fairy Elf (classe inicial); Magic Gladiator (classe inicial); Dark Lord (classe inicial); Summoner (classe inicial); Rage Fighter (classe inicial)","0","durabilidade 255","sem requisito numérico registrado","Golden Maple Charm é um item da família entrada de evento, catalogado em Joias, consumíveis e itens diversos. A configuração atual registra durabilidade 255. Requisitos: sem requisito numérico registrado. Uso permitido: Dark Wizard (classe inicial), Dark Knight (classe inicial), Fairy Elf (classe inicial), Magic Gladiator (classe inicial), Dark Lord (classe inicial), Summoner (classe inicial), Rage Fighter (classe inicial). Ocupa 1x2 espaço(s) no inventário e pode participar das tabelas de drop.","Revisão manual","Conforme flag de trade do servidor","A função comercial não pode ser confirmada apenas pela tabela de itens."
"6790","13-134","Worn Horseshoe","Joias, consumíveis e itens diversos","Item diverso","Dark Wizard (classe inicial); Dark Knight (classe inicial); Fairy Elf (classe inicial); Magic Gladiator (classe inicial); Dark Lord (classe inicial); Summoner (classe inicial); Rage Fighter (classe inicial)","0","durabilidade 255","sem requisito numérico registrado","Worn Horseshoe é um item da família item diverso, catalogado em Joias, consumíveis e itens diversos. A configuração atual registra durabilidade 255. Requisitos: sem requisito numérico registrado. Uso permitido: Dark Wizard (classe inicial), Dark Knight (classe inicial), Fairy Elf (classe inicial), Magic Gladiator (classe inicial), Dark Lord (classe inicial), Summoner (classe inicial), Rage Fighter (classe inicial). Ocupa 1x1 espaço(s) no inventário e pode participar das tabelas de drop.","Revisão manual","Conforme flag de trade do servidor","A função comercial não pode ser confirmada apenas pela tabela de itens."
"6791","13-135","1st Lucky Armor Ticket","Joias, consumíveis e itens diversos","Entrada de evento","Dark Wizard (classe inicial); Dark Knight (classe inicial); Fairy Elf (classe inicial); Magic Gladiator (classe inicial); Dark Lord (classe inicial); Summoner (classe inicial); Rage Fighter (classe inicial)","0","durabilidade 255","sem requisito numérico registrado","1st Lucky Armor Ticket é um item da família entrada de evento, catalogado em Joias, consumíveis e itens diversos. A configuração atual registra durabilidade 255. Requisitos: sem requisito numérico registrado. Uso permitido: Dark Wizard (classe inicial), Dark Knight (classe inicial), Fairy Elf (classe inicial), Magic Gladiator (classe inicial), Dark Lord (classe inicial), Summoner (classe inicial), Rage Fighter (classe inicial). Ocupa 1x1 espaço(s) no inventário e pode participar das tabelas de drop.","Revisão manual","Conforme flag de trade do servidor","A função comercial não pode ser confirmada apenas pela tabela de itens."
"6792","13-136","1st Lucky Pants Ticket","Joias, consumíveis e itens diversos","Entrada de evento","Dark Wizard (classe inicial); Dark Knight (classe inicial); Fairy Elf (classe inicial); Magic Gladiator (classe inicial); Dark Lord (classe inicial); Summoner (classe inicial); Rage Fighter (classe inicial)","0","durabilidade 255","sem requisito numérico registrado","1st Lucky Pants Ticket é um item da família entrada de evento, catalogado em Joias, consumíveis e itens diversos. A configuração atual registra durabilidade 255. Requisitos: sem requisito numérico registrado. Uso permitido: Dark Wizard (classe inicial), Dark Knight (classe inicial), Fairy Elf (classe inicial), Magic Gladiator (classe inicial), Dark Lord (classe inicial), Summoner (classe inicial), Rage Fighter (classe inicial). Ocupa 1x1 espaço(s) no inventário e pode participar das tabelas de drop.","Revisão manual","Conforme flag de trade do servidor","A função comercial não pode ser confirmada apenas pela tabela de itens."
"6793","13-137","1st Lucky Helm Ticket","Joias, consumíveis e itens diversos","Entrada de evento","Dark Wizard (classe inicial); Dark Knight (classe inicial); Fairy Elf (classe inicial); Magic Gladiator (classe inicial); Dark Lord (classe inicial); Summoner (classe inicial); Rage Fighter (classe inicial)","0","durabilidade 255","sem requisito numérico registrado","1st Lucky Helm Ticket é um item da família entrada de evento, catalogado em Joias, consumíveis e itens diversos. A configuração atual registra durabilidade 255. Requisitos: sem requisito numérico registrado. Uso permitido: Dark Wizard (classe inicial), Dark Knight (classe inicial), Fairy Elf (classe inicial), Magic Gladiator (classe inicial), Dark Lord (classe inicial), Summoner (classe inicial), Rage Fighter (classe inicial). Ocupa 1x1 espaço(s) no inventário e pode participar das tabelas de drop.","Revisão manual","Conforme flag de trade do servidor","A função comercial não pode ser confirmada apenas pela tabela de itens."
"6794","13-138","1st Lucky Gloves Ticket","Joias, consumíveis e itens diversos","Entrada de evento","Dark Wizard (classe inicial); Dark Knight (classe inicial); Fairy Elf (classe inicial); Magic Gladiator (classe inicial); Dark Lord (classe inicial); Summoner (classe inicial); Rage Fighter (classe inicial)","0","durabilidade 255","sem requisito numérico registrado","1st Lucky Gloves Ticket é um item da família entrada de evento, catalogado em Joias, consumíveis e itens diversos. A configuração atual registra durabilidade 255. Requisitos: sem requisito numérico registrado. Uso permitido: Dark Wizard (classe inicial), Dark Knight (classe inicial), Fairy Elf (classe inicial), Magic Gladiator (classe inicial), Dark Lord (classe inicial), Summoner (classe inicial), Rage Fighter (classe inicial). Ocupa 1x1 espaço(s) no inventário e pode participar das tabelas de drop.","Revisão manual","Conforme flag de trade do servidor","A função comercial não pode ser confirmada apenas pela tabela de itens."
"6795","13-139","1st Lucky Boots Ticket","Joias, consumíveis e itens diversos","Entrada de evento","Dark Wizard (classe inicial); Dark Knight (classe inicial); Fairy Elf (classe inicial); Magic Gladiator (classe inicial); Dark Lord (classe inicial); Summoner (classe inicial); Rage Fighter (classe inicial)","0","durabilidade 255","sem requisito numérico registrado","1st Lucky Boots Ticket é um item da família entrada de evento, catalogado em Joias, consumíveis e itens diversos. A configuração atual registra durabilidade 255. Requisitos: sem requisito numérico registrado. Uso permitido: Dark Wizard (classe inicial), Dark Knight (classe inicial), Fairy Elf (classe inicial), Magic Gladiator (classe inicial), Dark Lord (classe inicial), Summoner (classe inicial), Rage Fighter (classe inicial). Ocupa 1x1 espaço(s) no inventário e pode participar das tabelas de drop.","Revisão manual","Conforme flag de trade do servidor","A função comercial não pode ser confirmada apenas pela tabela de itens."
"6796","13-140","2nd Lucky Armor Ticket","Joias, consumíveis e itens diversos","Entrada de evento","Dark Wizard (classe inicial); Dark Knight (classe inicial); Fairy Elf (classe inicial); Magic Gladiator (classe inicial); Dark Lord (classe inicial); Summoner (classe inicial); Rage Fighter (classe inicial)","0","durabilidade 255","sem requisito numérico registrado","2nd Lucky Armor Ticket é um item da família entrada de evento, catalogado em Joias, consumíveis e itens diversos. A configuração atual registra durabilidade 255. Requisitos: sem requisito numérico registrado. Uso permitido: Dark Wizard (classe inicial), Dark Knight (classe inicial), Fairy Elf (classe inicial), Magic Gladiator (classe inicial), Dark Lord (classe inicial), Summoner (classe inicial), Rage Fighter (classe inicial). Ocupa 1x1 espaço(s) no inventário e pode participar das tabelas de drop.","Revisão manual","Conforme flag de trade do servidor","A função comercial não pode ser confirmada apenas pela tabela de itens."
"6797","13-141","2nd Lucky Pants Ticket","Joias, consumíveis e itens diversos","Entrada de evento","Dark Wizard (classe inicial); Dark Knight (classe inicial); Fairy Elf (classe inicial); Magic Gladiator (classe inicial); Dark Lord (classe inicial); Summoner (classe inicial); Rage Fighter (classe inicial)","0","durabilidade 255","sem requisito numérico registrado","2nd Lucky Pants Ticket é um item da família entrada de evento, catalogado em Joias, consumíveis e itens diversos. A configuração atual registra durabilidade 255. Requisitos: sem requisito numérico registrado. Uso permitido: Dark Wizard (classe inicial), Dark Knight (classe inicial), Fairy Elf (classe inicial), Magic Gladiator (classe inicial), Dark Lord (classe inicial), Summoner (classe inicial), Rage Fighter (classe inicial). Ocupa 1x1 espaço(s) no inventário e pode participar das tabelas de drop.","Revisão manual","Conforme flag de trade do servidor","A função comercial não pode ser confirmada apenas pela tabela de itens."
"6798","13-142","2nd Lucky Helm Ticket","Joias, consumíveis e itens diversos","Entrada de evento","Dark Wizard (classe inicial); Dark Knight (classe inicial); Fairy Elf (classe inicial); Magic Gladiator (classe inicial); Dark Lord (classe inicial); Summoner (classe inicial); Rage Fighter (classe inicial)","0","durabilidade 255","sem requisito numérico registrado","2nd Lucky Helm Ticket é um item da família entrada de evento, catalogado em Joias, consumíveis e itens diversos. A configuração atual registra durabilidade 255. Requisitos: sem requisito numérico registrado. Uso permitido: Dark Wizard (classe inicial), Dark Knight (classe inicial), Fairy Elf (classe inicial), Magic Gladiator (classe inicial), Dark Lord (classe inicial), Summoner (classe inicial), Rage Fighter (classe inicial). Ocupa 1x1 espaço(s) no inventário e pode participar das tabelas de drop.","Revisão manual","Conforme flag de trade do servidor","A função comercial não pode ser confirmada apenas pela tabela de itens."
"6799","13-143","2nd Lucky Gloves Ticket","Joias, consumíveis e itens diversos","Entrada de evento","Dark Wizard (classe inicial); Dark Knight (classe inicial); Fairy Elf (classe inicial); Magic Gladiator (classe inicial); Dark Lord (classe inicial); Summoner (classe inicial); Rage Fighter (classe inicial)","0","durabilidade 255","sem requisito numérico registrado","2nd Lucky Gloves Ticket é um item da família entrada de evento, catalogado em Joias, consumíveis e itens diversos. A configuração atual registra durabilidade 255. Requisitos: sem requisito numérico registrado. Uso permitido: Dark Wizard (classe inicial), Dark Knight (classe inicial), Fairy Elf (classe inicial), Magic Gladiator (classe inicial), Dark Lord (classe inicial), Summoner (classe inicial), Rage Fighter (classe inicial). Ocupa 1x1 espaço(s) no inventário e pode participar das tabelas de drop.","Revisão manual","Conforme flag de trade do servidor","A função comercial não pode ser confirmada apenas pela tabela de itens."
"6800","13-144","2nd Lucky Boots Ticket","Joias, consumíveis e itens diversos","Entrada de evento","Dark Wizard (classe inicial); Dark Knight (classe inicial); Fairy Elf (classe inicial); Magic Gladiator (classe inicial); Dark Lord (classe inicial); Summoner (classe inicial); Rage Fighter (classe inicial)","0","durabilidade 255","sem requisito numérico registrado","2nd Lucky Boots Ticket é um item da família entrada de evento, catalogado em Joias, consumíveis e itens diversos. A configuração atual registra durabilidade 255. Requisitos: sem requisito numérico registrado. Uso permitido: Dark Wizard (classe inicial), Dark Knight (classe inicial), Fairy Elf (classe inicial), Magic Gladiator (classe inicial), Dark Lord (classe inicial), Summoner (classe inicial), Rage Fighter (classe inicial). Ocupa 1x1 espaço(s) no inventário e pode participar das tabelas de drop.","Revisão manual","Conforme flag de trade do servidor","A função comercial não pode ser confirmada apenas pela tabela de itens."